pdfId,url,status,contentType,contentLength,ok,error,catalogPages
0001a2f4eb334aecaac682e62b50ce6a,https://static.wixstatic.com/ugd/d8e7ad_0001a2f4eb334aecaac682e62b50ce6a.pdf,200,application/pdf,85134,PASS,,G8 t=13 «גליל — שטח פנים» lv=b /worksheets?grade=8&topic=13
0069f3da129040e9a2b13485e509a63f,https://static.wixstatic.com/ugd/d8e7ad_0069f3da129040e9a2b13485e509a63f.pdf,200,application/pdf,305544,PASS,,G3 t=6 «חיבור בטור עם המרה» lv=a /worksheets?grade=3&topic=6
008d194c4d044e529b83263797f12111,https://static.wixstatic.com/ugd/d8e7ad_008d194c4d044e529b83263797f12111.pdf,200,application/pdf,83745,PASS,,G4 t=10 «חילוק ארוך ושארית» lv=c /worksheets?grade=4&topic=10
00c0c9f4dfec435782b4a9b3c0ea9148,https://static.wixstatic.com/ugd/d8e7ad_00c0c9f4dfec435782b4a9b3c0ea9148.pdf,200,application/pdf,1063710,PASS,,G2 t=28 «צורות וגופים לא אותו דבר» lv=b /worksheets?grade=2&topic=28
0194c8508a9f45139d36a162d68683cc,https://static.wixstatic.com/ugd/d8e7ad_0194c8508a9f45139d36a162d68683cc.pdf,200,application/pdf,142286,PASS,,G8 t=52 «אי־שוויון» lv=a /worksheets?grade=8&topic=52
01acfa2796fb419e98f1c557afcf5ad6,https://static.wixstatic.com/ugd/d8e7ad_01acfa2796fb419e98f1c557afcf5ad6.pdf,200,application/pdf,1071244,PASS,,G2 t=7 «חיסור דו ספרתי ללא פריטה» lv=a /worksheets?grade=2&topic=7
01b8d86f2f174d18bbd0e95951e2bc5b,https://static.wixstatic.com/ugd/d8e7ad_01b8d86f2f174d18bbd0e95951e2bc5b.pdf,200,application/pdf,1333738,PASS,,G2 t=28 «צורות וגופים לא אותו דבר» lv=a /worksheets?grade=2&topic=28
01c53f1a499a4d418a5c4f7f80122151,https://static.wixstatic.com/ugd/d8e7ad_01c53f1a499a4d418a5c4f7f80122151.pdf,200,application/pdf,68656,PASS,,G5 t=5 «גורמים ראשוניים ופריקים» lv=b /worksheets?grade=5&topic=5
01facc4c8984418f95f7cacd383627ff,https://static.wixstatic.com/ugd/d8e7ad_01facc4c8984418f95f7cacd383627ff.pdf,200,application/pdf,99967,PASS,,G4 t=21 «יחידות אורך והמרות» lv=c /worksheets?grade=4&topic=21
021771df01a74ae9a428edb797bbb58d,https://static.wixstatic.com/ugd/d8e7ad_021771df01a74ae9a428edb797bbb58d.pdf,200,application/pdf,301491,PASS,,G3 t=18 «צורות על רשת בנייה ופירוק» lv=a /worksheets?grade=3&topic=18
023bea915d664537ab3f8ebc5c54019a,https://static.wixstatic.com/ugd/d8e7ad_023bea915d664537ab3f8ebc5c54019a.pdf,200,application/pdf,109456,PASS,,G6 t=24 «אוספים ומייצגים נתונים» lv=a /worksheets?grade=6&topic=24
023f5a3d47ab43d9a77269ec0b52202a,https://static.wixstatic.com/ugd/d8e7ad_023f5a3d47ab43d9a77269ec0b52202a.pdf,200,application/pdf,102661,PASS,,G9 t=1 «חוק הפילוג המורחב» lv=b /worksheets?grade=9&topic=1
026062778c5e44b0b34f4945bedda34f,https://static.wixstatic.com/ugd/d8e7ad_026062778c5e44b0b34f4945bedda34f.pdf,200,application/pdf,127000,PASS,,G3 t=20 «קוראים דיאגרמה» lv=a /worksheets?grade=3&topic=20
02f2fbf8babb4d42a7ef1fc6c385bd61,https://static.wixstatic.com/ugd/d8e7ad_02f2fbf8babb4d42a7ef1fc6c385bd61.pdf,200,application/pdf,79843,PASS,,G8 t=8 «שינוי באחוזים» lv=a /worksheets?grade=8&topic=8
03bc260d7c71497cbeb614216a420504,https://static.wixstatic.com/ugd/d8e7ad_03bc260d7c71497cbeb614216a420504.pdf,200,application/pdf,119488,PASS,,G8 t=44 «הוכחת דמיון» lv=a /worksheets?grade=8&topic=44
03caab3083444a6589a8e730968b5a34,https://static.wixstatic.com/ugd/d8e7ad_03caab3083444a6589a8e730968b5a34.pdf,200,application/pdf,47819,PASS,,G9 t=33 «גיאומטריה חישובית — משולש» lv=b /worksheets?grade=9&topic=33
044d3f37c6bd4fada6aa6192ba3d0fe3,https://static.wixstatic.com/ugd/d8e7ad_044d3f37c6bd4fada6aa6192ba3d0fe3.pdf,200,application/pdf,61232,PASS,,G6 t=22 «קנה מידה במפות ובשרטוטים» lv=a /worksheets?grade=6&topic=22
047b3cf13c684c76a7a130f8e66a94e2,https://static.wixstatic.com/ugd/d8e7ad_047b3cf13c684c76a7a130f8e66a94e2.pdf,200,application/pdf,69843,PASS,,G5 t=11 «חיבור וחיסור שברים במכנים שונים» lv=b /worksheets?grade=5&topic=11
050b9cc226cd4326931adfb3c0775a05,https://static.wixstatic.com/ugd/d8e7ad_050b9cc226cd4326931adfb3c0775a05.pdf,200,application/pdf,371592,PASS,,G9 t=25 «פיתגורס חלק 2 — שימושים — לכיתה ט׳» lv=c /worksheets?grade=9&topic=25
06bbbcb688b14b7991999ae4937d235d,https://static.wixstatic.com/ugd/d8e7ad_06bbbcb688b14b7991999ae4937d235d.pdf,200,application/pdf,98796,PASS,,G8 t=27 «קצב השתנות» lv=c /worksheets?grade=8&topic=27
06d904d53a9c4d3194b7cc763ccb4447,https://static.wixstatic.com/ugd/d8e7ad_06d904d53a9c4d3194b7cc763ccb4447.pdf,200,application/pdf,1245932,PASS,,G2 t=12 «קוראים טבלה ודיאגרמת עמודות» lv=a /worksheets?grade=2&topic=12
072388651e114a7db4521b071b3090b0,https://static.wixstatic.com/ugd/d8e7ad_072388651e114a7db4521b071b3090b0.pdf,200,application/pdf,104713,PASS,,G4 t=8 «חוק הפילוג ומכפלות חלקיות» lv=a /worksheets?grade=4&topic=8
0741b30f161245b79fcaf13dd8c87892,https://static.wixstatic.com/ugd/d8e7ad_0741b30f161245b79fcaf13dd8c87892.pdf,200,application/pdf,1083177,PASS,,G1 t=8 «חיבור בתחום 20» lv=c /worksheets?grade=1&topic=8
07c4554866c94e1c8d161431c5b2c146,https://static.wixstatic.com/ugd/d8e7ad_07c4554866c94e1c8d161431c5b2c146.pdf,200,application/pdf,81781,PASS,,G3 t=4 «אל הרבבה» lv=a /worksheets?grade=3&topic=4
07de1dbfc6f644d7a25ca965d0e19cb2,https://static.wixstatic.com/ugd/d8e7ad_07de1dbfc6f644d7a25ca965d0e19cb2.pdf,200,application/pdf,97017,PASS,,G4 t=29 «מרובעים תכונות מיון והכלה» lv=a /worksheets?grade=4&topic=29
07fb9927193242f8859fc107b39f6aec,https://static.wixstatic.com/ugd/d8e7ad_07fb9927193242f8859fc107b39f6aec.pdf,200,application/pdf,130741,PASS,,G8 t=35 «גישור ותיקון פערים» lv=one /worksheets?grade=8&topic=35
082390d2a73b4c13a910df1551114223,https://static.wixstatic.com/ugd/d8e7ad_082390d2a73b4c13a910df1551114223.pdf,200,application/pdf,68985,PASS,,G5 t=3 «כפל רב ספרתי ובדיקת סבירות» lv=a /worksheets?grade=5&topic=3
08619875e75949978a7a0117581e1768,https://static.wixstatic.com/ugd/d8e7ad_08619875e75949978a7a0117581e1768.pdf,200,application/pdf,2717843,PASS,,G1 t=20 «שעה שלמה» lv=b /worksheets?grade=1&topic=20
087677099c724f8abcc48834af6a5ee2,https://static.wixstatic.com/ugd/d8e7ad_087677099c724f8abcc48834af6a5ee2.pdf,200,application/pdf,2412118,PASS,,G1 t=3 «סדר שכנים והשוואה» lv=a /worksheets?grade=1&topic=3
08a221fcde964d8dbb1350eeeebe1c36,https://static.wixstatic.com/ugd/d8e7ad_08a221fcde964d8dbb1350eeeebe1c36.pdf,200,application/pdf,1282195,PASS,,G2 t=23 «מדידת אורך» lv=a /worksheets?grade=2&topic=23
0925c3a433404f029cb13b291ae93ef0,https://static.wixstatic.com/ugd/d8e7ad_0925c3a433404f029cb13b291ae93ef0.pdf,200,application/pdf,113579,PASS,,G9 t=26 «שטח מלבן וריבוע — העמקה — לכיתה ט׳» lv=b /worksheets?grade=9&topic=26
0977e97f7d95447585aab8b01270ca3d,https://static.wixstatic.com/ugd/d8e7ad_0977e97f7d95447585aab8b01270ca3d.pdf,200,application/pdf,58000,PASS,,G6 t=11 «חקר גופים ותכונותיהם» lv=b /worksheets?grade=6&topic=11
09ed723fa5b34bfca4d4124d31e23cf7,https://static.wixstatic.com/ugd/d8e7ad_09ed723fa5b34bfca4d4124d31e23cf7.pdf,200,application/pdf,1702742,PASS,,G2 t=25 «שעון ומשך זמן» lv=c /worksheets?grade=2&topic=25
09fa81169748476fbb517f0e9ed5b995,https://static.wixstatic.com/ugd/d8e7ad_09fa81169748476fbb517f0e9ed5b995.pdf,200,application/pdf,107728,PASS,,G8 t=45 «יחס שטחים» lv=a /worksheets?grade=8&topic=45
09fd76e916674a12a863714c2a86461e,https://static.wixstatic.com/ugd/d8e7ad_09fd76e916674a12a863714c2a86461e.pdf,200,application/pdf,106213,PASS,,G7 t=40 «שלושה ייצוגים לפתרון משוואה» lv=a /worksheets?grade=7&topic=40
0a4f563e6e524a4197827361d4beba41,https://static.wixstatic.com/ugd/d8e7ad_0a4f563e6e524a4197827361d4beba41.pdf,200,application/pdf,91327,PASS,,G6 t=2 «כפל כחלק מכמות ושטח» lv=b /worksheets?grade=6&topic=2
0ae6e55773aa4829b12a6aff5c15bfee,https://static.wixstatic.com/ugd/d8e7ad_0ae6e55773aa4829b12a6aff5c15bfee.pdf,200,application/pdf,188818,PASS,,G8 t=30 «חיתוך צירים» lv=a /worksheets?grade=8&topic=30
0b0711dca4b14ecb84d4413065c3b7c5,https://static.wixstatic.com/ugd/d8e7ad_0b0711dca4b14ecb84d4413065c3b7c5.pdf,200,application/pdf,121374,PASS,,G8 t=20 «סימון פונקציה» lv=b /worksheets?grade=8&topic=20
0b5f334408b54a6296ae689cd3825c14,https://static.wixstatic.com/ugd/d8e7ad_0b5f334408b54a6296ae689cd3825c14.pdf,200,application/pdf,93099,PASS,,G6 t=3 «כפל שבר בשבר» lv=a /worksheets?grade=6&topic=3
0b994dcbd85348e7aba548cfa7415f4e,https://static.wixstatic.com/ugd/d8e7ad_0b994dcbd85348e7aba548cfa7415f4e.pdf,200,application/pdf,60728,PASS,,G3 t=23 «בונים ומפרקים צורות» lv=a /worksheets?grade=3&topic=23
0ba3006d6cd742d2aea3e5589589f081,https://static.wixstatic.com/ugd/d8e7ad_0ba3006d6cd742d2aea3e5589589f081.pdf,200,application/pdf,130617,PASS,,G7 t=10 «הרחבת מערכת הצירים חלק 2 — יישום והעמקה» lv=a /worksheets?grade=7&topic=10
0be14af5dc214d23975e51eb5050bd36,https://static.wixstatic.com/ugd/d8e7ad_0be14af5dc214d23975e51eb5050bd36.pdf,200,application/pdf,67605,PASS,,G6 t=7 «אלגוריתם חילוק שברים והופכי» lv=b /worksheets?grade=6&topic=7
0bea028f4c2f48e68b0f9ccd4d346af4,https://static.wixstatic.com/ugd/d8e7ad_0bea028f4c2f48e68b0f9ccd4d346af4.pdf,200,application/pdf,106876,PASS,,G4 t=17 «מצולעים ואלכסונים» lv=a /worksheets?grade=4&topic=17
0c2a80be32414c0a8feac1c6ef34e381,https://static.wixstatic.com/ugd/d8e7ad_0c2a80be32414c0a8feac1c6ef34e381.pdf,200,application/pdf,82117,PASS,,G7 t=3 «כפל מספרים מכוונים» lv=a /worksheets?grade=7&topic=3
0c52fba6ca724f3ba8cf7347e1a06913,https://static.wixstatic.com/ugd/d8e7ad_0c52fba6ca724f3ba8cf7347e1a06913.pdf,200,application/pdf,303264,PASS,,G3 t=1 «ערך מקום» lv=c /worksheets?grade=3&topic=1
0cc40c26e42748188b1661bde49059f1,https://static.wixstatic.com/ugd/d8e7ad_0cc40c26e42748188b1661bde49059f1.pdf,200,application/pdf,77757,PASS,,G3 t=25 «כסף» lv=b /worksheets?grade=3&topic=25
0d2c19b340234a8db8c0bc9d080b50d1,https://static.wixstatic.com/ugd/d8e7ad_0d2c19b340234a8db8c0bc9d080b50d1.pdf,200,application/pdf,119788,PASS,,G8 t=44 «הוכחת דמיון» lv=c /worksheets?grade=8&topic=44
0d548ce76eb74a1ab10385cdaf1f77ca,https://static.wixstatic.com/ugd/d8e7ad_0d548ce76eb74a1ab10385cdaf1f77ca.pdf,200,application/pdf,426501,PASS,,G9 t=23 «מצולעים חופפים וטרנספורמציות — לכיתה ט׳» lv=a /worksheets?grade=9&topic=23
0d55ce157c4a49dd8e0b63d70417aa52,https://static.wixstatic.com/ugd/d8e7ad_0d55ce157c4a49dd8e0b63d70417aa52.pdf,200,application/pdf,85705,PASS,,G8 t=13 «גליל — שטח פנים» lv=c /worksheets?grade=8&topic=13
0d6297f14d4149e2b2e2e2bc67b386c4,https://static.wixstatic.com/ugd/d8e7ad_0d6297f14d4149e2b2e2e2bc67b386c4.pdf,200,application/pdf,306746,PASS,,G3 t=9 «כפל עובדות ומבנים» lv=b /worksheets?grade=3&topic=9
0d6aa328c2e74cc798ae04eb9c6301cf,https://static.wixstatic.com/ugd/d8e7ad_0d6aa328c2e74cc798ae04eb9c6301cf.pdf,200,application/pdf,1115378,PASS,,G1 t=9 «חיסור בתחום 20» lv=b /worksheets?grade=1&topic=9
0d88d1d98f07422aa5cbc2e711852f51,https://static.wixstatic.com/ugd/d8e7ad_0d88d1d98f07422aa5cbc2e711852f51.pdf,200,application/pdf,81532,PASS,,G7 t=24 «איסוף וקריאת מידע» lv=b /worksheets?grade=7&topic=24
0dbf6ebd9d444700a077f9e2d5bd599e,https://static.wixstatic.com/ugd/d8e7ad_0dbf6ebd9d444700a077f9e2d5bd599e.pdf,200,application/pdf,1091012,PASS,,G1 t=7 «בונים 20 דרך 10» lv=b /worksheets?grade=1&topic=7
0dec15979b9f424e9e1a12484f33cd74,https://static.wixstatic.com/ugd/d8e7ad_0dec15979b9f424e9e1a12484f33cd74.pdf,200,application/pdf,69323,PASS,,G5 t=30 «חיבור וחיסור מספרים עשרוניים ואומדן» lv=b /worksheets?grade=5&topic=30
0df19a15439844c19046824b58d839ff,https://static.wixstatic.com/ugd/d8e7ad_0df19a15439844c19046824b58d839ff.pdf,200,application/pdf,63597,PASS,,G5 t=31 «שטח משולש בסיס וגובה» lv=a /worksheets?grade=5&topic=31
0e3c7ab812674cfcb8ec35837e160705,https://static.wixstatic.com/ugd/d8e7ad_0e3c7ab812674cfcb8ec35837e160705.pdf,200,application/pdf,109057,PASS,,G7 t=37 «משוואות ופתרונן חלק 2 — סוגריים ושקילות» lv=b /worksheets?grade=7&topic=37
0e4e3d1c0b744f4b982d5cab44aa1729,https://static.wixstatic.com/ugd/d8e7ad_0e4e3d1c0b744f4b982d5cab44aa1729.pdf,200,application/pdf,80907,PASS,,G6 t=18 «שבר עשרוני ואחוז שלושה ייצוגים לאותו מספר» lv=b /worksheets?grade=6&topic=18
0e9eba9ba0a045159401d71d749c339b,https://static.wixstatic.com/ugd/d8e7ad_0e9eba9ba0a045159401d71d749c339b.pdf,200,application/pdf,88037,PASS,,G8 t=25 «בחירת מדד» lv=a /worksheets?grade=8&topic=25
0ec9f2398585408dada6611f6fa5557d,https://static.wixstatic.com/ugd/d8e7ad_0ec9f2398585408dada6611f6fa5557d.pdf,200,application/pdf,60255,PASS,,G6 t=22 «קנה מידה במפות ובשרטוטים» lv=b /worksheets?grade=6&topic=22
0f56fd61bb9142fab50c82ed99005704,https://static.wixstatic.com/ugd/d8e7ad_0f56fd61bb9142fab50c82ed99005704.pdf,200,application/pdf,48105,PASS,,G8 t=64 «משימת הערכה 1» lv=c /worksheets?grade=8&topic=64
10051158962240b99db50a3166db6e44,https://static.wixstatic.com/ugd/d8e7ad_10051158962240b99db50a3166db6e44.pdf,200,application/pdf,191411,PASS,,G8 t=30 «חיתוך צירים» lv=c /worksheets?grade=8&topic=30
103377f4e4934f7da2e43c0ac0a510f1,https://static.wixstatic.com/ugd/d8e7ad_103377f4e4934f7da2e43c0ac0a510f1.pdf,200,application/pdf,149112,PASS,,G8 t=12 «פיתגורס מורכב» lv=b /worksheets?grade=8&topic=12
10477353cde545bdba613b4c853a5a09,https://static.wixstatic.com/ugd/d8e7ad_10477353cde545bdba613b4c853a5a09.pdf,200,application/pdf,73940,PASS,,G5 t=8 «שברים על ישר והשוואה» lv=a /worksheets?grade=5&topic=8
108e6d047d00490b9499a1e80171b2fe,https://static.wixstatic.com/ugd/d8e7ad_108e6d047d00490b9499a1e80171b2fe.pdf,200,application/pdf,125846,PASS,,G3 t=20 «קוראים דיאגרמה» lv=c /worksheets?grade=3&topic=20
10d326087dac4c2eb2c90a2adf4453fd,https://static.wixstatic.com/ugd/d8e7ad_10d326087dac4c2eb2c90a2adf4453fd.pdf,200,application/pdf,173752,PASS,,G8 t=32 «ישרים מקבילים לצירים» lv=a /worksheets?grade=8&topic=32
114ce88ff3514961b13a830c90608953,https://static.wixstatic.com/ugd/d8e7ad_114ce88ff3514961b13a830c90608953.pdf,200,application/pdf,162707,PASS,,G8 t=34 «אבחון אמצע שנה» lv=one /worksheets?grade=8&topic=34
11ca0a8bb1dd485d84bedd6de155e988,https://static.wixstatic.com/ugd/d8e7ad_11ca0a8bb1dd485d84bedd6de155e988.pdf,200,application/pdf,109179,PASS,,G8 t=58 «חזרה מסכמת» lv=one /worksheets?grade=8&topic=58
1202677ce8d842b0ad0206900f741ae4,https://static.wixstatic.com/ugd/d8e7ad_1202677ce8d842b0ad0206900f741ae4.pdf,200,application/pdf,84970,PASS,,G7 t=26 «שכיחות יחסית חלק 1 — היכרות» lv=b /worksheets?grade=7&topic=26
120a05cce9424f3597ac63b7ca89345e,https://static.wixstatic.com/ugd/d8e7ad_120a05cce9424f3597ac63b7ca89345e.pdf,200,application/pdf,90499,PASS,,G7 t=21 «חוקיות» lv=a /worksheets?grade=7&topic=21
1229226e126b4a4b908488503eafcba4,https://static.wixstatic.com/ugd/d8e7ad_1229226e126b4a4b908488503eafcba4.pdf,200,application/pdf,55138,PASS,,G6 t=20 «מציאת השלם ויישומי אחוזים» lv=b /worksheets?grade=6&topic=20
1284b66742884f629e4ab6a692fad4f7,https://static.wixstatic.com/ugd/d8e7ad_1284b66742884f629e4ab6a692fad4f7.pdf,200,application/pdf,1109413,PASS,,G1 t=3 «סדר שכנים והשוואה» lv=c /worksheets?grade=1&topic=3
128e852808de4280ad80ab68efc6c983,https://static.wixstatic.com/ugd/d8e7ad_128e852808de4280ad80ab68efc6c983.pdf,200,application/pdf,78773,PASS,,G7 t=6 «חזקות עם מעריך טבעי» lv=c /worksheets?grade=7&topic=6
129976246ab548809e8decb9905dfd1a,https://static.wixstatic.com/ugd/d8e7ad_129976246ab548809e8decb9905dfd1a.pdf,200,application/pdf,84815,PASS,,G7 t=24 «איסוף וקריאת מידע» lv=a /worksheets?grade=7&topic=24
129d683d836f4b9b860c8221f1c69587,https://static.wixstatic.com/ugd/d8e7ad_129d683d836f4b9b860c8221f1c69587.pdf,200,application/pdf,40025,PASS,,G8 t=62 «זוויות בין ישרים מקבילים» lv=b /worksheets?grade=8&topic=62
12e990a6cb384855965c63e8d7233698,https://static.wixstatic.com/ugd/d8e7ad_12e990a6cb384855965c63e8d7233698.pdf,200,application/pdf,91421,PASS,,G4 t=20 «מיון משולשים» lv=c /worksheets?grade=4&topic=20
137c91e53d1b463dabd899e23472e441,https://static.wixstatic.com/ugd/d8e7ad_137c91e53d1b463dabd899e23472e441.pdf,200,application/pdf,133317,PASS,,G8 t=21 «מעבר בין ייצוגים» lv=b /worksheets?grade=8&topic=21
13de751b05d54280890a64d482642333,https://static.wixstatic.com/ugd/d8e7ad_13de751b05d54280890a64d482642333.pdf,200,application/pdf,85295,PASS,,G4 t=5 «אומדן ובעיות חיבור וחיסור כולל כסף» lv=b /worksheets?grade=4&topic=5
1481ffdfa63d416982e7ccbfe09bb71e,https://static.wixstatic.com/ugd/d8e7ad_1481ffdfa63d416982e7ccbfe09bb71e.pdf,200,application/pdf,62156,PASS,,G9 t=9 «סטטיסטיקה» lv=c /worksheets?grade=9&topic=9
1483fe5af469436db77fd7f014fda3f4,https://static.wixstatic.com/ugd/d8e7ad_1483fe5af469436db77fd7f014fda3f4.pdf,200,application/pdf,120797,PASS,,G8 t=20 «סימון פונקציה» lv=c /worksheets?grade=8&topic=20
14892443cd424d4d884c9e11104cce63,https://static.wixstatic.com/ugd/d8e7ad_14892443cd424d4d884c9e11104cce63.pdf,200,application/pdf,1125187,PASS,,G2 t=14 «ממיינים ומשווים מספרים עד 1000» lv=b /worksheets?grade=2&topic=14
15486a3c194d47019c50e32e5f34f62d,https://static.wixstatic.com/ugd/d8e7ad_15486a3c194d47019c50e32e5f34f62d.pdf,200,application/pdf,69133,PASS,,G5 t=5 «גורמים ראשוניים ופריקים» lv=c /worksheets?grade=5&topic=5
15bafc193e7d4786a2c422abd2e9bd1a,https://static.wixstatic.com/ugd/d8e7ad_15bafc193e7d4786a2c422abd2e9bd1a.pdf,200,application/pdf,112777,PASS,,G9 t=26 «שטח מלבן וריבוע — העמקה — לכיתה ט׳» lv=a /worksheets?grade=9&topic=26
15bc7f5e05714c4ea42d97638371fac3,https://static.wixstatic.com/ugd/d8e7ad_15bc7f5e05714c4ea42d97638371fac3.pdf,200,application/pdf,945236,PASS,,G2 t=7 «חיסור דו ספרתי ללא פריטה» lv=b /worksheets?grade=2&topic=7
15e9a1d10681431e94b2f11201450b03,https://static.wixstatic.com/ugd/d8e7ad_15e9a1d10681431e94b2f11201450b03.pdf,200,application/pdf,49361,PASS,,G8 t=63 «מעגל ועיגול — היקף ושטח» lv=b /worksheets?grade=8&topic=63
1626318ee2c94f6a9b53ffcaf289ec83,https://static.wixstatic.com/ugd/d8e7ad_1626318ee2c94f6a9b53ffcaf289ec83.pdf,200,application/pdf,97689,PASS,,G8 t=65 «הוכחות בחפיפת משולשים» lv=c /worksheets?grade=8&topic=65
164a358449514472b61f35fde0914af9,https://static.wixstatic.com/ugd/d8e7ad_164a358449514472b61f35fde0914af9.pdf,200,application/pdf,117642,PASS,,G9 t=20 «מעבר לחטיבה העליונה» lv=b /worksheets?grade=9&topic=20
166f6c3d4124433788bae2e23819f9b0,https://static.wixstatic.com/ugd/d8e7ad_166f6c3d4124433788bae2e23819f9b0.pdf,200,application/pdf,62490,PASS,,G5 t=19 «תכונות ואלכסונים במרובעים» lv=b /worksheets?grade=5&topic=19
1696192f5f054d5e853fcaee49e1500b,https://static.wixstatic.com/ugd/d8e7ad_1696192f5f054d5e853fcaee49e1500b.pdf,200,application/pdf,1102347,PASS,,G1 t=6 «חיסור בתחום 10» lv=a /worksheets?grade=1&topic=6
16a9ca02cc94415fbdae558f32332987,https://static.wixstatic.com/ugd/d8e7ad_16a9ca02cc94415fbdae558f32332987.pdf,200,application/pdf,1408456,PASS,,G2 t=3 «סדר השוואה וישר מספרים» lv=c /worksheets?grade=2&topic=3
16d2f551bfa24240b2bb8df966c39684,https://static.wixstatic.com/ugd/d8e7ad_16d2f551bfa24240b2bb8df966c39684.pdf,200,application/pdf,71023,PASS,,G3 t=7 «חיסור בטור עם פריטה» lv=b /worksheets?grade=3&topic=7
16e2b60f0db249c8b326eb3763411df1,https://static.wixstatic.com/ugd/d8e7ad_16e2b60f0db249c8b326eb3763411df1.pdf,200,application/pdf,45609,PASS,,G9 t=18 «בעיות מילוליות» lv=c /worksheets?grade=9&topic=18
16e94a984ae44fe0b712d1c0b2361fc3,https://static.wixstatic.com/ugd/d8e7ad_16e94a984ae44fe0b712d1c0b2361fc3.pdf,200,application/pdf,87352,PASS,,G7 t=46 «שטחים ב׳ חלק 2 — מצולעים מורכבים» lv=a /worksheets?grade=7&topic=46
172ed37f17364a5facc2888a73440217,https://static.wixstatic.com/ugd/d8e7ad_172ed37f17364a5facc2888a73440217.pdf,200,application/pdf,85710,PASS,,G7 t=34 «משוואות חד־שלביות» lv=b /worksheets?grade=7&topic=34
17350882e67843e988a512ecc5fc1aad,https://static.wixstatic.com/ugd/d8e7ad_17350882e67843e988a512ecc5fc1aad.pdf,200,application/pdf,138409,PASS,,G8 t=52 «אי־שוויון» lv=c /worksheets?grade=8&topic=52
1761d0555172444085209da34f977922,https://static.wixstatic.com/ugd/d8e7ad_1761d0555172444085209da34f977922.pdf,200,application/pdf,63833,PASS,,G5 t=25 «שטח והיקף של מלבנים וריבועים» lv=c /worksheets?grade=5&topic=25
1772f7ba7ef24a409dbb2d0423702d7d,https://static.wixstatic.com/ugd/d8e7ad_1772f7ba7ef24a409dbb2d0423702d7d.pdf,200,application/pdf,93035,PASS,,G7 t=2 «חיבור וחיסור מספרים מכוונים» lv=a /worksheets?grade=7&topic=2
177a3ed14275467a98ed9b2d43068a39,https://static.wixstatic.com/ugd/d8e7ad_177a3ed14275467a98ed9b2d43068a39.pdf,200,application/pdf,166761,PASS,,G7 t=8 «מערכת צירים — היכרות וקנה מידה» lv=c /worksheets?grade=7&topic=8
17be3972a889401091b468d8e5e04bf2,https://static.wixstatic.com/ugd/d8e7ad_17be3972a889401091b468d8e5e04bf2.pdf,200,application/pdf,62566,PASS,,G5 t=18 «משפחת המרובעים ויחסי הכלה» lv=c /worksheets?grade=5&topic=18
185b6b6898fa493fbe033dcb450ba2a1,https://static.wixstatic.com/ugd/d8e7ad_185b6b6898fa493fbe033dcb450ba2a1.pdf,200,application/pdf,1315695,PASS,,G2 t=11 «בעיות מילוליות וכסף» lv=a /worksheets?grade=2&topic=11
18ec1bc8c0374b8aa8c8f059a3da665b,https://static.wixstatic.com/ugd/d8e7ad_18ec1bc8c0374b8aa8c8f059a3da665b.pdf,200,application/pdf,5029140,PASS,,G8 t=41 «הוכחה — שווה שוקיים» lv=c /worksheets?grade=8&topic=41
1946612fd6794dbbb514c8f97edea75b,https://static.wixstatic.com/ugd/d8e7ad_1946612fd6794dbbb514c8f97edea75b.pdf,200,application/pdf,1329086,PASS,,G2 t=18 «חילוק לחלקים שווים» lv=a /worksheets?grade=2&topic=18
196bae675c754d98af1a454966bf91ae,https://static.wixstatic.com/ugd/d8e7ad_196bae675c754d98af1a454966bf91ae.pdf,200,application/pdf,74103,PASS,,G5 t=13 «שברים גדולים מ 1 ומספרים מעורבים» lv=b /worksheets?grade=5&topic=13
19a22d39aa434f6c96e634f3d29b461e,https://static.wixstatic.com/ugd/d8e7ad_19a22d39aa434f6c96e634f3d29b461e.pdf,200,application/pdf,78697,PASS,,G7 t=48 «מנסרה משולשת חלק 2 — שטח פנים» lv=b /worksheets?grade=7&topic=48
19f3facb7b7643e5a18d2054cf953800,https://static.wixstatic.com/ugd/d8e7ad_19f3facb7b7643e5a18d2054cf953800.pdf,200,application/pdf,90337,PASS,,G9 t=39 «הטרפז» lv=c /worksheets?grade=9&topic=39
1a0296d8cb5b48f097a3bdb9da8d90d5,https://static.wixstatic.com/ugd/d8e7ad_1a0296d8cb5b48f097a3bdb9da8d90d5.pdf,200,application/pdf,85996,PASS,,G7 t=22 «משתנים וביטויים אלגבריים — שפה ומידול» lv=b /worksheets?grade=7&topic=22
1a157b4d67f64b21aa0662fb413ffe3c,https://static.wixstatic.com/ugd/d8e7ad_1a157b4d67f64b21aa0662fb413ffe3c.pdf,200,application/pdf,96821,PASS,,G4 t=9 «כפל רב ספרתי» lv=c /worksheets?grade=4&topic=9
1b3ad38b98514fd6ad2ab1b123b86b69,https://static.wixstatic.com/ugd/d8e7ad_1b3ad38b98514fd6ad2ab1b123b86b69.pdf,200,application/pdf,90580,PASS,,G7 t=35 «משוואות דו־שלביות» lv=a /worksheets?grade=7&topic=35
1bb23435fc384a8fb1740572d3c96d4a,https://static.wixstatic.com/ugd/d8e7ad_1bb23435fc384a8fb1740572d3c96d4a.pdf,200,application/pdf,123734,PASS,,G7 t=12 «זוויות חלק 2 — יחסים ופעולות» lv=c /worksheets?grade=7&topic=12
1bd1549b99c547b0b915f02f455d6707,https://static.wixstatic.com/ugd/d8e7ad_1bd1549b99c547b0b915f02f455d6707.pdf,200,application/pdf,97298,PASS,,G7 t=27 «שכיחות יחסית חלק 2 — ניסויים ויציבות» lv=c /worksheets?grade=7&topic=27
1be8760e8bdc42b280ddf61a4253c967,https://static.wixstatic.com/ugd/d8e7ad_1be8760e8bdc42b280ddf61a4253c967.pdf,200,application/pdf,116001,PASS,,G8 t=44 «הוכחת דמיון» lv=b /worksheets?grade=8&topic=44
1c5c6d9ccd0d434699e29fc589e19d56,https://static.wixstatic.com/ugd/d8e7ad_1c5c6d9ccd0d434699e29fc589e19d56.pdf,200,application/pdf,1063084,PASS,,G2 t=5 «חיבור דו ספרתי ללא המרה» lv=a /worksheets?grade=2&topic=5
1d0f944ba18741f1bce3436297d438bd,https://static.wixstatic.com/ugd/d8e7ad_1d0f944ba18741f1bce3436297d438bd.pdf,200,application/pdf,84036,PASS,,G7 t=42 «פיתגורס חלק 1 — היכרות וחישוב» lv=a /worksheets?grade=7&topic=42
1d9b2d11ec6e41b3b1c7233464e30413,https://static.wixstatic.com/ugd/d8e7ad_1d9b2d11ec6e41b3b1c7233464e30413.pdf,200,application/pdf,85117,PASS,,G5 t=28 «מספרים עשרוניים ערך מקום וייצוגים» lv=a /worksheets?grade=5&topic=28
1dafe53ed9834db5b6790a6ccc82a35a,https://static.wixstatic.com/ugd/d8e7ad_1dafe53ed9834db5b6790a6ccc82a35a.pdf,200,application/pdf,102162,PASS,,G8 t=19 «מושג הפונקציה» lv=a /worksheets?grade=8&topic=19
1de7ecd9b3ec44a4a183002b4475ad4c,https://static.wixstatic.com/ugd/d8e7ad_1de7ecd9b3ec44a4a183002b4475ad4c.pdf,200,application/pdf,84201,PASS,,G5 t=35 «שיקוף סיבוב והזזה» lv=b /worksheets?grade=5&topic=35
1e0e355ae32a44c58c0e73440b569e9b,https://static.wixstatic.com/ugd/d8e7ad_1e0e355ae32a44c58c0e73440b569e9b.pdf,200,application/pdf,41096,PASS,,G8 t=63 «מעגל ועיגול — היקף ושטח» lv=c /worksheets?grade=8&topic=63
1e44df88220a4cafa4b62ba4ab1b82aa,https://static.wixstatic.com/ugd/d8e7ad_1e44df88220a4cafa4b62ba4ab1b82aa.pdf,200,application/pdf,98950,PASS,,G9 t=6 «משוואות ריבועיות ונוסחת השורשים» lv=b /worksheets?grade=9&topic=6
1e4a7ccf837b4e72adee0acdabe70acc,https://static.wixstatic.com/ugd/d8e7ad_1e4a7ccf837b4e72adee0acdabe70acc.pdf,200,application/pdf,97735,PASS,,G8 t=42 «התיכון במשולש» lv=a /worksheets?grade=8&topic=42
1e4cc091f6fb4addb3084537871187e3,https://static.wixstatic.com/ugd/d8e7ad_1e4cc091f6fb4addb3084537871187e3.pdf,200,application/pdf,73416,PASS,,G5 t=10 «מכנה משותף בחירה יעילה» lv=a /worksheets?grade=5&topic=10
1ea1f15a94f34e66b8c2be73548ffc5a,https://static.wixstatic.com/ugd/d8e7ad_1ea1f15a94f34e66b8c2be73548ffc5a.pdf,200,application/pdf,60328,PASS,,G6 t=9 «כפל מספרים עשרוניים» lv=a /worksheets?grade=6&topic=9
1eaf93b18083476f94ad7675aa5b793c,https://static.wixstatic.com/ugd/d8e7ad_1eaf93b18083476f94ad7675aa5b793c.pdf,200,application/pdf,87242,PASS,,G8 t=5 «קנה מידה» lv=a /worksheets?grade=8&topic=5
1eb4054d3cbd4960b2d0b7291a3ec5a9,https://static.wixstatic.com/ugd/d8e7ad_1eb4054d3cbd4960b2d0b7291a3ec5a9.pdf,200,application/pdf,207994,PASS,,G9 t=32 «הרחבת מערכת הצירים חלק 2 — יישום והעמקה — לכיתה ט׳» lv=b /worksheets?grade=9&topic=32
1eb6198dbf4f45df9cb7a0727a87aa82,https://static.wixstatic.com/ugd/d8e7ad_1eb6198dbf4f45df9cb7a0727a87aa82.pdf,200,application/pdf,1084414,PASS,,G1 t=4 «מרכיבים ומפרקים עד 10» lv=a /worksheets?grade=1&topic=4
1f47546e37aa40cf8814c485ee6a3e30,https://static.wixstatic.com/ugd/d8e7ad_1f47546e37aa40cf8814c485ee6a3e30.pdf,200,application/pdf,87239,PASS,,G6 t=20 «מציאת השלם ויישומי אחוזים» lv=c /worksheets?grade=6&topic=20
201acd73177e4dc69dd7ebdc10303a1e,https://static.wixstatic.com/ugd/d8e7ad_201acd73177e4dc69dd7ebdc10303a1e.pdf,200,application/pdf,2492478,PASS,,G1 t=23 «הרכבה ופירוק» lv=b /worksheets?grade=1&topic=23
2056de6d71e14c98aa5efe856d2e1bcf,https://static.wixstatic.com/ugd/d8e7ad_2056de6d71e14c98aa5efe856d2e1bcf.pdf,200,application/pdf,172590,PASS,,G9 t=32 «הרחבת מערכת הצירים חלק 2 — יישום והעמקה — לכיתה ט׳» lv=a /worksheets?grade=9&topic=32
207e690c250944928d94ddb2384ec7d8,https://static.wixstatic.com/ugd/d8e7ad_207e690c250944928d94ddb2384ec7d8.pdf,200,application/pdf,115443,PASS,,G5 t=33 «ממוצע וחקר נתונים» lv=b /worksheets?grade=5&topic=33
20cce401606c412bae0174a1dc0ee89c,https://static.wixstatic.com/ugd/d8e7ad_20cce401606c412bae0174a1dc0ee89c.pdf,200,application/pdf,100437,PASS,,G8 t=28 «שיפוע וישר y=mx» lv=b /worksheets?grade=8&topic=28
20ccf680970d403e84f601fff326e0ae,https://static.wixstatic.com/ugd/d8e7ad_20ccf680970d403e84f601fff326e0ae.pdf,200,application/pdf,235580,PASS,,G9 t=27 «שטח משולש — העמקה — לכיתה ט׳» lv=a /worksheets?grade=9&topic=27
2113855c96244de6bf59a91f7f931b49,https://static.wixstatic.com/ugd/d8e7ad_2113855c96244de6bf59a91f7f931b49.pdf,200,application/pdf,327205,PASS,,G2 t=21 «זוגי אי זוגי וסדרות א» lv=a /worksheets?grade=2&topic=21
21612954cae64ebd906bc2e3f7c96100,https://static.wixstatic.com/ugd/d8e7ad_21612954cae64ebd906bc2e3f7c96100.pdf,200,application/pdf,108601,PASS,,G7 t=43 «פיתגורס חלק 2 — שימושים» lv=c /worksheets?grade=7&topic=43
21d2e85e62174c03aaa3dde332f01552,https://static.wixstatic.com/ugd/d8e7ad_21d2e85e62174c03aaa3dde332f01552.pdf,200,application/pdf,89883,PASS,,G6 t=21 «יחס משמעות ייצוג ויחסים שקולים» lv=a /worksheets?grade=6&topic=21
22303ba02b3b46c3ae2529e347cbce2b,https://static.wixstatic.com/ugd/d8e7ad_22303ba02b3b46c3ae2529e347cbce2b.pdf,200,application/pdf,510591,PASS,,G7 t=1 «מספרים מכוונים — ישר המספרים וערך מוחלט» lv=a /worksheets?grade=7&topic=1
22888a56204a4e03b8a683eb0184170f,https://static.wixstatic.com/ugd/d8e7ad_22888a56204a4e03b8a683eb0184170f.pdf,200,application/pdf,137849,PASS,,G7 t=10 «הרחבת מערכת הצירים חלק 2 — יישום והעמקה» lv=b /worksheets?grade=7&topic=10
22cbc9d3ac124e41abc40d0e762c3d27,https://static.wixstatic.com/ugd/d8e7ad_22cbc9d3ac124e41abc40d0e762c3d27.pdf,200,application/pdf,71027,PASS,,G5 t=12 «חלק מכמות» lv=b /worksheets?grade=5&topic=12
22d109068cb64697aac959e4b8f9006c,https://static.wixstatic.com/ugd/d8e7ad_22d109068cb64697aac959e4b8f9006c.pdf,200,application/pdf,178620,PASS,,G4 t=25 «דיאגרמות ומסקנות» lv=a /worksheets?grade=4&topic=25
2346e6cb402b45049467a83b6f492852,https://static.wixstatic.com/ugd/d8e7ad_2346e6cb402b45049467a83b6f492852.pdf,200,application/pdf,105835,PASS,,G8 t=15 «חרוט» lv=b /worksheets?grade=8&topic=15
237ec9ec2fca4598a9221c147c714baa,https://static.wixstatic.com/ugd/d8e7ad_237ec9ec2fca4598a9221c147c714baa.pdf,200,application/pdf,110619,PASS,,G8 t=39 «זווית חיצונית» lv=c /worksheets?grade=8&topic=39
23aa357184e44b7d91e784ad87fba10c,https://static.wixstatic.com/ugd/d8e7ad_23aa357184e44b7d91e784ad87fba10c.pdf,200,application/pdf,835667,PASS,,G2 t=24 «בעיות מילוליות וכסף פשוט» lv=a /worksheets?grade=2&topic=24
23b536c1218744678c30db18bb6c115b,https://static.wixstatic.com/ugd/d8e7ad_23b536c1218744678c30db18bb6c115b.pdf,200,application/pdf,105267,PASS,,G8 t=46 «מילוליות — בחירת נעלמים» lv=c /worksheets?grade=8&topic=46
23bd176050df49fcb2533508ef41c8ab,https://static.wixstatic.com/ugd/d8e7ad_23bd176050df49fcb2533508ef41c8ab.pdf,200,application/pdf,93373,PASS,,G7 t=39 «הנעלם בשני האגפים» lv=a /worksheets?grade=7&topic=39
24aebdcd8b344b14bd27b9c4cb441325,https://static.wixstatic.com/ugd/d8e7ad_24aebdcd8b344b14bd27b9c4cb441325.pdf,200,application/pdf,330072,PASS,,G3 t=2 «שכנים וישר מספרים» lv=c /worksheets?grade=3&topic=2
24fcfe98b87c4658956fd9b38de0c3fa,https://static.wixstatic.com/ugd/d8e7ad_24fcfe98b87c4658956fd9b38de0c3fa.pdf,200,application/pdf,80675,PASS,,G7 t=6 «חזקות עם מעריך טבעי» lv=a /worksheets?grade=7&topic=6
250e2c98cba14765b4c575b17e62f874,https://static.wixstatic.com/ugd/d8e7ad_250e2c98cba14765b4c575b17e62f874.pdf,200,application/pdf,102332,PASS,,G7 t=43 «פיתגורס חלק 2 — שימושים» lv=a /worksheets?grade=7&topic=43
255386dbf0ee4256aed11861c856b27a,https://static.wixstatic.com/ugd/d8e7ad_255386dbf0ee4256aed11861c856b27a.pdf,200,application/pdf,93112,PASS,,G5 t=16 «קריאת טבלאות וחישוב נתונים» lv=b /worksheets?grade=5&topic=16
25a35bec1b9b4104892ce769859a6512,https://static.wixstatic.com/ugd/d8e7ad_25a35bec1b9b4104892ce769859a6512.pdf,200,application/pdf,115752,PASS,,G5 t=33 «ממוצע וחקר נתונים» lv=a /worksheets?grade=5&topic=33
25b115607d574d89b99d5e41a67c5d18,https://static.wixstatic.com/ugd/d8e7ad_25b115607d574d89b99d5e41a67c5d18.pdf,200,application/pdf,1086056,PASS,,G1 t=8 «חיבור בתחום 20» lv=b /worksheets?grade=1&topic=8
25ecf3b768764d178f44bc1f10118a25,https://static.wixstatic.com/ugd/d8e7ad_25ecf3b768764d178f44bc1f10118a25.pdf,200,application/pdf,79575,PASS,,G7 t=3 «כפל מספרים מכוונים» lv=b /worksheets?grade=7&topic=3
2671eb03adf24137a510e069d1ac68c0,https://static.wixstatic.com/ugd/d8e7ad_2671eb03adf24137a510e069d1ac68c0.pdf,200,application/pdf,53238,PASS,,G9 t=37 «משולש ישר זווית 30-60-90» lv=a /worksheets?grade=9&topic=37
26eedcd10ea64b7e9994367bfcd90c33,https://static.wixstatic.com/ugd/d8e7ad_26eedcd10ea64b7e9994367bfcd90c33.pdf,200,application/pdf,82760,PASS,,G6 t=12 «תיבות ופריסות מעבר בין דו ממד לתלת ממד» lv=a /worksheets?grade=6&topic=12
2752eeb577bf476dbf0c67b4c58928d6,https://static.wixstatic.com/ugd/d8e7ad_2752eeb577bf476dbf0c67b4c58928d6.pdf,200,application/pdf,1498439,PASS,,G2 t=15 «מספרים עד 1000» lv=c /worksheets?grade=2&topic=15
27609e0a818e4734be2d91cf2256cdb8,https://static.wixstatic.com/ugd/d8e7ad_27609e0a818e4734be2d91cf2256cdb8.pdf,200,application/pdf,2240305,PASS,,G1 t=15 «מודדים ומשווים אורך» lv=a /worksheets?grade=1&topic=15
27698585e03a4077a04f97d63cecbf4b,https://static.wixstatic.com/ugd/d8e7ad_27698585e03a4077a04f97d63cecbf4b.pdf,200,application/pdf,115963,PASS,,G7 t=37 «משוואות ופתרונן חלק 2 — סוגריים ושקילות» lv=a /worksheets?grade=7&topic=37
2796cafaa2ae4895bef51c415e659b24,https://static.wixstatic.com/ugd/d8e7ad_2796cafaa2ae4895bef51c415e659b24.pdf,200,application/pdf,107892,PASS,,G8 t=15 «חרוט» lv=a /worksheets?grade=8&topic=15
279ea200737b44ea9acf275831d7d19c,https://static.wixstatic.com/ugd/d8e7ad_279ea200737b44ea9acf275831d7d19c.pdf,200,application/pdf,76562,PASS,,G5 t=1 «תובנה מספרית כפל וחילוק בעשרות ומאות» lv=a /worksheets?grade=5&topic=1
27dbd729bfa347d79b92af1a29ba211c,https://static.wixstatic.com/ugd/d8e7ad_27dbd729bfa347d79b92af1a29ba211c.pdf,200,application/pdf,115359,PASS,,G8 t=51 «הסתברות — ניסוי והוגנות» lv=c /worksheets?grade=8&topic=51
2896006711854b278551cbc6dfcb1324,https://static.wixstatic.com/ugd/d8e7ad_2896006711854b278551cbc6dfcb1324.pdf,200,application/pdf,63094,PASS,,G5 t=24 «גובה במשולש קהה ובמקבילית» lv=a /worksheets?grade=5&topic=24
29f03da2ae744fb8bcc2c2f8a5f0bfc3,https://static.wixstatic.com/ugd/d8e7ad_29f03da2ae744fb8bcc2c2f8a5f0bfc3.pdf,200,application/pdf,1281232,PASS,,G2 t=16 «כפל קבוצות שוות ומערכים» lv=c /worksheets?grade=2&topic=16
2a659fe72592474693a00b469687867b,https://static.wixstatic.com/ugd/d8e7ad_2a659fe72592474693a00b469687867b.pdf,200,application/pdf,82913,PASS,,G6 t=12 «תיבות ופריסות מעבר בין דו ממד לתלת ממד» lv=c /worksheets?grade=6&topic=12
2a812c5935904d7c9192e3e6c51a85e1,https://static.wixstatic.com/ugd/d8e7ad_2a812c5935904d7c9192e3e6c51a85e1.pdf,200,application/pdf,68479,PASS,,G4 t=3 «חיבור רב ספרתי בטור» lv=c /worksheets?grade=4&topic=3
2a8a4f8bc5f5465eb3ad6faf965509a1,https://static.wixstatic.com/ugd/d8e7ad_2a8a4f8bc5f5465eb3ad6faf965509a1.pdf,200,application/pdf,102648,PASS,,G7 t=20 «תיבה וקובייה» lv=b /worksheets?grade=7&topic=20
2ac6115677dc4f068d0de1eebd19e842,https://static.wixstatic.com/ugd/d8e7ad_2ac6115677dc4f068d0de1eebd19e842.pdf,200,application/pdf,79778,PASS,,G7 t=5 «סדר פעולות החשבון במספרים מכוונים» lv=c /worksheets?grade=7&topic=5
2b940056be9b44b78c566b16ec2b452d,https://static.wixstatic.com/ugd/d8e7ad_2b940056be9b44b78c566b16ec2b452d.pdf,200,application/pdf,58707,PASS,,G6 t=19 «אחוז כחלק מכמות» lv=c /worksheets?grade=6&topic=19
2bb8285cc3e54277ab2f3be506f8291c,https://static.wixstatic.com/ugd/d8e7ad_2bb8285cc3e54277ab2f3be506f8291c.pdf,200,application/pdf,98673,PASS,,G4 t=29 «מרובעים תכונות מיון והכלה» lv=b /worksheets?grade=4&topic=29
2c26dd7de5934e5b968464339dc449f2,https://static.wixstatic.com/ugd/d8e7ad_2c26dd7de5934e5b968464339dc449f2.pdf,200,application/pdf,60222,PASS,,G3 t=18 «צורות על רשת בנייה ופירוק» lv=b /worksheets?grade=3&topic=18
2c47f33e99f44174a32f7f4cfb3b5e3e,https://static.wixstatic.com/ugd/d8e7ad_2c47f33e99f44174a32f7f4cfb3b5e3e.pdf,200,application/pdf,70820,PASS,,G8 t=2 «משוואות ליניאריות» lv=a /worksheets?grade=8&topic=2
2d7676a1741748bba7e52986d7d25810,https://static.wixstatic.com/ugd/d8e7ad_2d7676a1741748bba7e52986d7d25810.pdf,200,application/pdf,68771,PASS,,G4 t=15 «מספרים ראשוניים ופריקים» lv=c /worksheets?grade=4&topic=15
2d8795a2be0241038adc0b4aab74680d,https://static.wixstatic.com/ugd/d8e7ad_2d8795a2be0241038adc0b4aab74680d.pdf,200,application/pdf,100634,PASS,,G8 t=56 «העמקה — בעיות לא שגרתיות» lv=one /worksheets?grade=8&topic=56
2d947122f72744a2b3c3eb5057bb0ba1,https://static.wixstatic.com/ugd/d8e7ad_2d947122f72744a2b3c3eb5057bb0ba1.pdf,200,application/pdf,1480418,PASS,,G2 t=18 «חילוק לחלקים שווים» lv=c /worksheets?grade=2&topic=18
2dd7240572dc41e3a320d6ab258c53aa,https://static.wixstatic.com/ugd/d8e7ad_2dd7240572dc41e3a320d6ab258c53aa.pdf,200,application/pdf,90201,PASS,,G4 t=16 «מקבילים ומאונכים בצורות» lv=a /worksheets?grade=4&topic=16
2de72d016066488b9b9368f59dacdc72,https://static.wixstatic.com/ugd/d8e7ad_2de72d016066488b9b9368f59dacdc72.pdf,200,application/pdf,42754,PASS,,G9 t=18 «בעיות מילוליות» lv=b /worksheets?grade=9&topic=18
2dee153201634f86b6c8e48c6b70cbda,https://static.wixstatic.com/ugd/d8e7ad_2dee153201634f86b6c8e48c6b70cbda.pdf,200,application/pdf,91849,PASS,,G7 t=26 «שכיחות יחסית חלק 1 — היכרות» lv=c /worksheets?grade=7&topic=26
2dfc0404b46f4e02981de187d7eedd46,https://static.wixstatic.com/ugd/d8e7ad_2dfc0404b46f4e02981de187d7eedd46.pdf,200,application/pdf,58019,PASS,,G4 t=22 «שטח והיקף של מלבן וריבוע» lv=b /worksheets?grade=4&topic=22
2e0c66dfae8b4fffa2e7f0df40507b23,https://static.wixstatic.com/ugd/d8e7ad_2e0c66dfae8b4fffa2e7f0df40507b23.pdf,200,application/pdf,1352362,PASS,,G2 t=9 «אסטרטגיות חישוב אומדן ופיצוי» lv=b /worksheets?grade=2&topic=9
2e4554c89aa9465ebb44e91b3ce0806f,https://static.wixstatic.com/ugd/d8e7ad_2e4554c89aa9465ebb44e91b3ce0806f.pdf,200,application/pdf,499289,PASS,,G9 t=15 «גיאומטריה אנליטית» lv=c /worksheets?grade=9&topic=15
2eb3cb61a60c45b19ead8566f7935cd2,https://static.wixstatic.com/ugd/d8e7ad_2eb3cb61a60c45b19ead8566f7935cd2.pdf,200,application/pdf,304248,PASS,,G3 t=21 «חילוק ובדיקה בכפל» lv=c /worksheets?grade=3&topic=21
2f33fa07b41046d095b12eab168d75c8,https://static.wixstatic.com/ugd/d8e7ad_2f33fa07b41046d095b12eab168d75c8.pdf,200,application/pdf,66353,PASS,,G4 t=14 «התחלקות וגורמים» lv=b /worksheets?grade=4&topic=14
2f49fcbedaa34f1b9997341d7e077362,https://static.wixstatic.com/ugd/d8e7ad_2f49fcbedaa34f1b9997341d7e077362.pdf,200,application/pdf,62357,PASS,,G5 t=19 «תכונות ואלכסונים במרובעים» lv=a /worksheets?grade=5&topic=19
2f51d11167664fa8ac6e27cba9863e6d,https://static.wixstatic.com/ugd/d8e7ad_2f51d11167664fa8ac6e27cba9863e6d.pdf,200,application/pdf,86334,PASS,,G4 t=20 «מיון משולשים» lv=b /worksheets?grade=4&topic=20
2f85744f4f5b4fd3aaef823b399099a3,https://static.wixstatic.com/ugd/d8e7ad_2f85744f4f5b4fd3aaef823b399099a3.pdf,200,application/pdf,85657,PASS,,G3 t=2 «שכנים וישר מספרים» lv=a /worksheets?grade=3&topic=2
2feaa550e5624413850647e884ea7076,https://static.wixstatic.com/ugd/d8e7ad_2feaa550e5624413850647e884ea7076.pdf,200,application/pdf,60833,PASS,,G6 t=9 «כפל מספרים עשרוניים» lv=c /worksheets?grade=6&topic=9
3006527c1a284acd82fa8d3666ec2b38,https://static.wixstatic.com/ugd/d8e7ad_3006527c1a284acd82fa8d3666ec2b38.pdf,200,application/pdf,92796,PASS,,G6 t=2 «כפל כחלק מכמות ושטח» lv=c /worksheets?grade=6&topic=2
3082fcf59c844db5aa87f427c956c921,https://static.wixstatic.com/ugd/d8e7ad_3082fcf59c844db5aa87f427c956c921.pdf,200,application/pdf,1036468,PASS,,G1 t=22 «בעיות מילוליות פשוטות» lv=a /worksheets?grade=1&topic=22
30ffcc8086724713b50ea7ca5e244d22,https://static.wixstatic.com/ugd/d8e7ad_30ffcc8086724713b50ea7ca5e244d22.pdf,200,application/pdf,104742,PASS,,G8 t=46 «מילוליות — בחירת נעלמים» lv=b /worksheets?grade=8&topic=46
311e3ef7d6d74e22a102045f10f4bb61,https://static.wixstatic.com/ugd/d8e7ad_311e3ef7d6d74e22a102045f10f4bb61.pdf,200,application/pdf,1116017,PASS,,G2 t=3 «סדר השוואה וישר מספרים» lv=b /worksheets?grade=2&topic=3
3134c24d12974828960f495809749c16,https://static.wixstatic.com/ugd/d8e7ad_3134c24d12974828960f495809749c16.pdf,200,application/pdf,115509,PASS,,G7 t=31 «נקודות על גרף ברביע הראשון» lv=a /worksheets?grade=7&topic=31
313a34dbbfc94382b195a3d8d409b298,https://static.wixstatic.com/ugd/d8e7ad_313a34dbbfc94382b195a3d8d409b298.pdf,200,application/pdf,50629,PASS,,G9 t=37 «משולש ישר זווית 30-60-90» lv=c /worksheets?grade=9&topic=37
313a4acb03174a308c9ea36198767aec,https://static.wixstatic.com/ugd/d8e7ad_313a4acb03174a308c9ea36198767aec.pdf,200,application/pdf,111417,PASS,,G3 t=22 «מדידות אורך סמ ומטר» lv=c /worksheets?grade=3&topic=22
31c30b40f55d44efb4804bd12e4b52f8,https://static.wixstatic.com/ugd/d8e7ad_31c30b40f55d44efb4804bd12e4b52f8.pdf,200,application/pdf,321417,PASS,,G2 t=22 «זוגי אי זוגי וסדרות ב» lv=c /worksheets?grade=2&topic=22
31daf6adaab54967ab25cdcf14367728,https://static.wixstatic.com/ugd/d8e7ad_31daf6adaab54967ab25cdcf14367728.pdf,200,application/pdf,62309,PASS,,G9 t=9 «סטטיסטיקה» lv=a /worksheets?grade=9&topic=9
322f4b74298d496b827e204fd7edc69f,https://static.wixstatic.com/ugd/d8e7ad_322f4b74298d496b827e204fd7edc69f.pdf,200,application/pdf,1356751,PASS,,G2 t=23 «מדידת אורך» lv=c /worksheets?grade=2&topic=23
325dbe7b49a341aebe80b552c9cd80ec,https://static.wixstatic.com/ugd/d8e7ad_325dbe7b49a341aebe80b552c9cd80ec.pdf,200,application/pdf,91128,PASS,,G6 t=27 «חוקיות ופתרון בעיות רב שלביות» lv=c /worksheets?grade=6&topic=27
32c67369d1824ffb966ce64c7045a126,https://static.wixstatic.com/ugd/d8e7ad_32c67369d1824ffb966ce64c7045a126.pdf,200,application/pdf,93176,PASS,,G8 t=19 «מושג הפונקציה» lv=c /worksheets?grade=8&topic=19
32c9b1b5aea5413f864e8baaa0cf5ca2,https://static.wixstatic.com/ugd/d8e7ad_32c9b1b5aea5413f864e8baaa0cf5ca2.pdf,200,application/pdf,86566,PASS,,G8 t=13 «גליל — שטח פנים» lv=a /worksheets?grade=8&topic=13
3329215ba8e24999b3522228011baae2,https://static.wixstatic.com/ugd/d8e7ad_3329215ba8e24999b3522228011baae2.pdf,200,application/pdf,80757,PASS,,G9 t=42 «פירוק לגורמים 2 — נוסחאות הכפל המקוצר וטרינום» lv=a /worksheets?grade=9&topic=42
33b858063d6e4afbb6faaed6a859d8d3,https://static.wixstatic.com/ugd/d8e7ad_33b858063d6e4afbb6faaed6a859d8d3.pdf,200,application/pdf,90442,PASS,,G7 t=23 «הצבה בביטויים אלגבריים» lv=a /worksheets?grade=7&topic=23
341d85268f0b4c36b138a11be0fd21cc,https://static.wixstatic.com/ugd/d8e7ad_341d85268f0b4c36b138a11be0fd21cc.pdf,200,application/pdf,127885,PASS,,G9 t=14 «הריבוע» lv=c /worksheets?grade=9&topic=14
34210cee0b094468befcc394e97ff051,https://static.wixstatic.com/ugd/d8e7ad_34210cee0b094468befcc394e97ff051.pdf,200,application/pdf,49133,PASS,,G7 t=49 «חזרה שנתית» lv=c /worksheets?grade=7&topic=49
3454a93cf2d14ccc99cf653701b897bd,https://static.wixstatic.com/ugd/d8e7ad_3454a93cf2d14ccc99cf653701b897bd.pdf,200,application/pdf,1361285,PASS,,G2 t=3 «סדר השוואה וישר מספרים» lv=a /worksheets?grade=2&topic=3
34aa5bdaa1f640299cb058c576b4f3f4,https://static.wixstatic.com/ugd/d8e7ad_34aa5bdaa1f640299cb058c576b4f3f4.pdf,200,application/pdf,193423,PASS,,G9 t=4 «משולש שווה שוקיים» lv=a /worksheets?grade=9&topic=4
34ab8d47f6ad420fafde21213ff1c88d,https://static.wixstatic.com/ugd/d8e7ad_34ab8d47f6ad420fafde21213ff1c88d.pdf,200,application/pdf,81960,PASS,,G7 t=45 «שטחים ב׳ חלק 1 — מקבילית וטרפז» lv=c /worksheets?grade=7&topic=45
34d92d0ef47a4fcba3787efe8ede83f2,https://static.wixstatic.com/ugd/d8e7ad_34d92d0ef47a4fcba3787efe8ede83f2.pdf,200,application/pdf,62339,PASS,,G5 t=24 «גובה במשולש קהה ובמקבילית» lv=b /worksheets?grade=5&topic=24
34f133f69bdf4af0b504ae88a6106b2f,https://static.wixstatic.com/ugd/d8e7ad_34f133f69bdf4af0b504ae88a6106b2f.pdf,200,application/pdf,68923,PASS,,G5 t=3 «כפל רב ספרתי ובדיקת סבירות» lv=c /worksheets?grade=5&topic=3
34fb40e50c854fabaa83199ca2df304a,https://static.wixstatic.com/ugd/d8e7ad_34fb40e50c854fabaa83199ca2df304a.pdf,200,application/pdf,77983,PASS,,G3 t=16 «מיון משולשים» lv=a /worksheets?grade=3&topic=16
357825c14da54b359435cc64150fa64b,https://static.wixstatic.com/ugd/d8e7ad_357825c14da54b359435cc64150fa64b.pdf,200,application/pdf,171462,PASS,,G4 t=25 «דיאגרמות ומסקנות» lv=b /worksheets?grade=4&topic=25
357b9398b6c24ceda9e6435a5957abbe,https://static.wixstatic.com/ugd/d8e7ad_357b9398b6c24ceda9e6435a5957abbe.pdf,200,application/pdf,79222,PASS,,G8 t=49 «מערכות — מידול» lv=b /worksheets?grade=8&topic=49
358e079ff10d40a8b4dafb2d8f83e977,https://static.wixstatic.com/ugd/d8e7ad_358e079ff10d40a8b4dafb2d8f83e977.pdf,200,application/pdf,137356,PASS,,G9 t=31 «מנסרה משולשת חלק 2 — שטח פנים — לכיתה ט׳» lv=b /worksheets?grade=9&topic=31
35dd261b6c684d30b0b0667430609c90,https://static.wixstatic.com/ugd/d8e7ad_35dd261b6c684d30b0b0667430609c90.pdf,200,application/pdf,60442,PASS,,G3 t=23 «בונים ומפרקים צורות» lv=b /worksheets?grade=3&topic=23
36006c66008647979d1c919c35c92e82,https://static.wixstatic.com/ugd/d8e7ad_36006c66008647979d1c919c35c92e82.pdf,200,application/pdf,80245,PASS,,G8 t=49 «מערכות — מידול» lv=c /worksheets?grade=8&topic=49
366d3e1d5f4745359cfa5b1afc32ff3a,https://static.wixstatic.com/ugd/d8e7ad_366d3e1d5f4745359cfa5b1afc32ff3a.pdf,200,application/pdf,90310,PASS,,G6 t=21 «יחס משמעות ייצוג ויחסים שקולים» lv=c /worksheets?grade=6&topic=21
36a4312b653a46fd84c3ca1b06d9fd9d,https://static.wixstatic.com/ugd/d8e7ad_36a4312b653a46fd84c3ca1b06d9fd9d.pdf,200,application/pdf,107374,PASS,,G8 t=29 «פונקציה קווית» lv=a /worksheets?grade=8&topic=29
36a5228a38944129bdce2e255d85173f,https://static.wixstatic.com/ugd/d8e7ad_36a5228a38944129bdce2e255d85173f.pdf,200,application/pdf,68943,PASS,,G4 t=14 «התחלקות וגורמים» lv=a /worksheets?grade=4&topic=14
36b06847078942d887b89b4f7b02f879,https://static.wixstatic.com/ugd/d8e7ad_36b06847078942d887b89b4f7b02f879.pdf,200,application/pdf,79187,PASS,,G7 t=6 «חזקות עם מעריך טבעי» lv=b /worksheets?grade=7&topic=6
3701d63874d341b8aac8d529b4cebcd6,https://static.wixstatic.com/ugd/d8e7ad_3701d63874d341b8aac8d529b4cebcd6.pdf,200,application/pdf,94786,PASS,,G6 t=6 «משמעות חילוק שברים» lv=b /worksheets?grade=6&topic=6
378bef85fabb46fc8c43643a7cd359a6,https://static.wixstatic.com/ugd/d8e7ad_378bef85fabb46fc8c43643a7cd359a6.pdf,200,application/pdf,85882,PASS,,G3 t=15 «היקף מצולעים» lv=a /worksheets?grade=3&topic=15
37bc30ee47e147b082dbd33af980a151,https://static.wixstatic.com/ugd/d8e7ad_37bc30ee47e147b082dbd33af980a151.pdf,200,application/pdf,89738,PASS,,G6 t=10 «חילוק מספרים עשרוניים» lv=b /worksheets?grade=6&topic=10
37bd6cb1cf224c10bb5c352731e2bd5d,https://static.wixstatic.com/ugd/d8e7ad_37bd6cb1cf224c10bb5c352731e2bd5d.pdf,200,application/pdf,62470,PASS,,G6 t=17 «דף סינתזה מדידות גאומטריה ופתרון רב שלבי» lv=a /worksheets?grade=6&topic=17
37dab7d711124e378702a495eab046c8,https://static.wixstatic.com/ugd/d8e7ad_37dab7d711124e378702a495eab046c8.pdf,200,application/pdf,63126,PASS,,G5 t=27 «שטח מקבילית והקשר למלבן» lv=a /worksheets?grade=5&topic=27
37f381eff5fc48709c82b473dcac2d84,https://static.wixstatic.com/ugd/d8e7ad_37f381eff5fc48709c82b473dcac2d84.pdf,200,application/pdf,92792,PASS,,G8 t=33 «תנועה» lv=b /worksheets?grade=8&topic=33
384b411a0f1f4ee1b2aa9f3b0fe89150,https://static.wixstatic.com/ugd/d8e7ad_384b411a0f1f4ee1b2aa9f3b0fe89150.pdf,200,application/pdf,207570,PASS,,G8 t=31 «משוואת ישר» lv=c /worksheets?grade=8&topic=31
38d3852173d642e195771f0bfc4466c2,https://static.wixstatic.com/ugd/d8e7ad_38d3852173d642e195771f0bfc4466c2.pdf,200,application/pdf,91504,PASS,,G4 t=9 «כפל רב ספרתי» lv=b /worksheets?grade=4&topic=9
38e317b81414403db63211a098802715,https://static.wixstatic.com/ugd/d8e7ad_38e317b81414403db63211a098802715.pdf,200,application/pdf,98010,PASS,,G6 t=4 «כפל מספרים מעורבים» lv=b /worksheets?grade=6&topic=4
38fc873857f54de0818483698c4b3a0c,https://static.wixstatic.com/ugd/d8e7ad_38fc873857f54de0818483698c4b3a0c.pdf,200,application/pdf,118715,PASS,,G9 t=20 «מעבר לחטיבה העליונה» lv=a /worksheets?grade=9&topic=20
394f29b6dba242989bdadf18503f35df,https://static.wixstatic.com/ugd/d8e7ad_394f29b6dba242989bdadf18503f35df.pdf,200,application/pdf,105173,PASS,,G4 t=29 «מרובעים תכונות מיון והכלה» lv=c /worksheets?grade=4&topic=29
39d83e0146bb4e00a6264e595d5edb80,https://static.wixstatic.com/ugd/d8e7ad_39d83e0146bb4e00a6264e595d5edb80.pdf,200,application/pdf,84946,PASS,,G7 t=41 «שאלות מילוליות באמצעות משוואות» lv=c /worksheets?grade=7&topic=41
39fe4a9e549b48b6b2519ec0367a526d,https://static.wixstatic.com/ugd/d8e7ad_39fe4a9e549b48b6b2519ec0367a526d.pdf,200,application/pdf,111438,PASS,,G8 t=38 «הוכחה גאומטרית» lv=c /worksheets?grade=8&topic=38
3a7a568d1f654271a0f77bece24536b4,https://static.wixstatic.com/ugd/d8e7ad_3a7a568d1f654271a0f77bece24536b4.pdf,200,application/pdf,113847,PASS,,G8 t=37 «משפטי חפיפה» lv=a /worksheets?grade=8&topic=37
3aaf47cac9444a96969e48425ceee23a,https://static.wixstatic.com/ugd/d8e7ad_3aaf47cac9444a96969e48425ceee23a.pdf,200,application/pdf,83846,PASS,,G5 t=21 «המרות יחידות ומדידת משקל» lv=b /worksheets?grade=5&topic=21
3ac93dc4b8814eaa8d120e2f3802f27b,https://static.wixstatic.com/ugd/d8e7ad_3ac93dc4b8814eaa8d120e2f3802f27b.pdf,200,application/pdf,251477,PASS,,G9 t=22 «משולש שווה־צלעות — העמקה ורשות — לכיתה ט׳» lv=one /worksheets?grade=9&topic=22
3b2a86c6eda04c9f8306847cf8b3a1b5,https://static.wixstatic.com/ugd/d8e7ad_3b2a86c6eda04c9f8306847cf8b3a1b5.pdf,200,application/pdf,89351,PASS,,G6 t=19 «אחוז כחלק מכמות» lv=a /worksheets?grade=6&topic=19
3b57e8050f754ce894f18531810f8f51,https://static.wixstatic.com/ugd/d8e7ad_3b57e8050f754ce894f18531810f8f51.pdf,200,application/pdf,83832,PASS,,G9 t=16 «חוקי חזקות» lv=b /worksheets?grade=9&topic=16
3b7080759e5240fe8f7faa8e0e261084,https://static.wixstatic.com/ugd/d8e7ad_3b7080759e5240fe8f7faa8e0e261084.pdf,200,application/pdf,1180466,PASS,,G1 t=1 «מונים בלי לפספס» lv=a /worksheets?grade=1&topic=1
3b76f7b2dabe498b845a8441a2fcb896,https://static.wixstatic.com/ugd/d8e7ad_3b76f7b2dabe498b845a8441a2fcb896.pdf,200,application/pdf,507482,PASS,,G7 t=1 «מספרים מכוונים — ישר המספרים וערך מוחלט» lv=c /worksheets?grade=7&topic=1
3b791261d41b449ba45a234b5294483d,https://static.wixstatic.com/ugd/d8e7ad_3b791261d41b449ba45a234b5294483d.pdf,200,application/pdf,61395,PASS,,G4 t=11 «שבר ייצוגים ושמות שקולים» lv=a /worksheets?grade=4&topic=11
3b9f18232fdc42f3bd8c0d9e236a16cd,https://static.wixstatic.com/ugd/d8e7ad_3b9f18232fdc42f3bd8c0d9e236a16cd.pdf,200,application/pdf,134027,PASS,,G9 t=17 «שורשים» lv=c /worksheets?grade=9&topic=17
3c2c3c3769aa4587afc8c9d0a04f049f,https://static.wixstatic.com/ugd/d8e7ad_3c2c3c3769aa4587afc8c9d0a04f049f.pdf,200,application/pdf,148533,PASS,,G8 t=51 «הסתברות — ניסוי והוגנות» lv=a /worksheets?grade=8&topic=51
3d2b6937dd0d41f5a29cf37975fc2145,https://static.wixstatic.com/ugd/d8e7ad_3d2b6937dd0d41f5a29cf37975fc2145.pdf,200,application/pdf,223798,PASS,,G8 t=53 «אי־שוויון גרפי» lv=a /worksheets?grade=8&topic=53
3d56bca1424241c29d27bdf2fda0daef,https://static.wixstatic.com/ugd/d8e7ad_3d56bca1424241c29d27bdf2fda0daef.pdf,200,application/pdf,852831,PASS,,G3 t=11 «שברי יחידה וחלק משלם» lv=c /worksheets?grade=3&topic=11
3e3b24d65be44a87a1c95640bbb44611,https://static.wixstatic.com/ugd/d8e7ad_3e3b24d65be44a87a1c95640bbb44611.pdf,200,application/pdf,46840,PASS,,G9 t=33 «גיאומטריה חישובית — משולש» lv=a /worksheets?grade=9&topic=33
3e7dd7eaab2c4322b686b47ddb58b46a,https://static.wixstatic.com/ugd/d8e7ad_3e7dd7eaab2c4322b686b47ddb58b46a.pdf,200,application/pdf,57275,PASS,,G7 t=50 «משימת הערכה 1» lv=c /worksheets?grade=7&topic=50
3f0642dc56b74ae7999a58732368cf68,https://static.wixstatic.com/ugd/d8e7ad_3f0642dc56b74ae7999a58732368cf68.pdf,200,application/pdf,113024,PASS,,G3 t=24 «אוספים נתונים» lv=a /worksheets?grade=3&topic=24
3f0c8c1007de4a3f8443c1533db78c27,https://static.wixstatic.com/ugd/d8e7ad_3f0c8c1007de4a3f8443c1533db78c27.pdf,200,application/pdf,529486,PASS,,G3 t=10 «חילוק והקשר ההפוך לכפל» lv=a /worksheets?grade=3&topic=10
3f9546987fea4b9aa4294249ea017278,https://static.wixstatic.com/ugd/d8e7ad_3f9546987fea4b9aa4294249ea017278.pdf,200,application/pdf,79006,PASS,,G9 t=41 «פירוק לגורמים 1 — הוצאת גורם משותף» lv=a /worksheets?grade=9&topic=41
3fc6ed9403a94715a8754bcb71b2787f,https://static.wixstatic.com/ugd/d8e7ad_3fc6ed9403a94715a8754bcb71b2787f.pdf,200,application/pdf,95984,PASS,,G8 t=50 «הסתברות — מרחב תוצאות» lv=a /worksheets?grade=8&topic=50
3fddf5c02e2745eca67a93ac3e063172,https://static.wixstatic.com/ugd/d8e7ad_3fddf5c02e2745eca67a93ac3e063172.pdf,200,application/pdf,76766,PASS,,G4 t=1 «מספרים עד מיליון קריאה ופירוק» lv=c /worksheets?grade=4&topic=1
4008f04978f9488c85e916d69a753323,https://static.wixstatic.com/ugd/d8e7ad_4008f04978f9488c85e916d69a753323.pdf,200,application/pdf,94159,PASS,,G9 t=2 «פירוק לגורמים» lv=b /worksheets?grade=9&topic=2
4093188d300f4529acccd64aeb2d0b52,https://static.wixstatic.com/ugd/d8e7ad_4093188d300f4529acccd64aeb2d0b52.pdf,200,application/pdf,1105086,PASS,,G2 t=29 «סימטרייה שיקופית אינטואיטיבית» lv=b /worksheets?grade=2&topic=29
409b02d9f18a40109671432a0d379f22,https://static.wixstatic.com/ugd/d8e7ad_409b02d9f18a40109671432a0d379f22.pdf,200,application/pdf,40333,PASS,,G9 t=33 «גיאומטריה חישובית — משולש» lv=c /worksheets?grade=9&topic=33
40c4c02dadac47dd9f3eac3dfa716650,https://static.wixstatic.com/ugd/d8e7ad_40c4c02dadac47dd9f3eac3dfa716650.pdf,200,application/pdf,219610,PASS,,G8 t=53 «אי־שוויון גרפי» lv=b /worksheets?grade=8&topic=53
40f2c2216dce473da84e2a52c8f6d3d1,https://static.wixstatic.com/ugd/d8e7ad_40f2c2216dce473da84e2a52c8f6d3d1.pdf,200,application/pdf,72748,PASS,,G7 t=5 «סדר פעולות החשבון במספרים מכוונים» lv=a /worksheets?grade=7&topic=5
425c4cfaa0834530abde0f5aa8347128,https://static.wixstatic.com/ugd/d8e7ad_425c4cfaa0834530abde0f5aa8347128.pdf,200,application/pdf,46093,PASS,,G9 t=45 «הפרש ריבועים» lv=c /worksheets?grade=9&topic=45
42701040b879426c943ea19441246e1b,https://static.wixstatic.com/ugd/d8e7ad_42701040b879426c943ea19441246e1b.pdf,200,application/pdf,73607,PASS,,G5 t=4 «חילוק מאונך ושארית» lv=c /worksheets?grade=5&topic=4
4284c9ef9ae8489e8b0cf066a4b642fb,https://static.wixstatic.com/ugd/d8e7ad_4284c9ef9ae8489e8b0cf066a4b642fb.pdf,200,application/pdf,71727,PASS,,G8 t=16 «ארגון נתונים» lv=c /worksheets?grade=8&topic=16
42e3101305374c1890f9f10d550b13ca,https://static.wixstatic.com/ugd/d8e7ad_42e3101305374c1890f9f10d550b13ca.pdf,200,application/pdf,99008,PASS,,G4 t=18 «מלבנים ריבועים ויחסי הכלה» lv=b /worksheets?grade=4&topic=18
42f063f1b6b44000bdfacb5d927a0524,https://static.wixstatic.com/ugd/d8e7ad_42f063f1b6b44000bdfacb5d927a0524.pdf,200,application/pdf,89682,PASS,,G7 t=28 «הסתברות — היכרות» lv=a /worksheets?grade=7&topic=28
4316de8b7b304da38d3f47c67bcbb169,https://static.wixstatic.com/ugd/d8e7ad_4316de8b7b304da38d3f47c67bcbb169.pdf,200,application/pdf,166460,PASS,,G8 t=12 «פיתגורס מורכב» lv=a /worksheets?grade=8&topic=12
433c4bb73f7545d8997ed55b1dcd0ed4,https://static.wixstatic.com/ugd/d8e7ad_433c4bb73f7545d8997ed55b1dcd0ed4.pdf,200,application/pdf,149079,PASS,,G9 t=32 «הרחבת מערכת הצירים חלק 2 — יישום והעמקה — לכיתה ט׳» lv=c /worksheets?grade=9&topic=32
435846964cae4c21bf8fa6685bc9f89a,https://static.wixstatic.com/ugd/d8e7ad_435846964cae4c21bf8fa6685bc9f89a.pdf,200,application/pdf,111691,PASS,,G5 t=32 «נעלמים ומשוואות בשברים» lv=c /worksheets?grade=5&topic=32
43bd9f8b67bc40bc9f653764eba1a930,https://static.wixstatic.com/ugd/d8e7ad_43bd9f8b67bc40bc9f653764eba1a930.pdf,200,application/pdf,81682,PASS,,G9 t=2 «פירוק לגורמים» lv=c /worksheets?grade=9&topic=2
43c898389ca74873a6972e49f6ae024e,https://static.wixstatic.com/ugd/d8e7ad_43c898389ca74873a6972e49f6ae024e.pdf,200,application/pdf,99865,PASS,,G6 t=7 «אלגוריתם חילוק שברים והופכי» lv=c /worksheets?grade=6&topic=7
43edba2842ed4083ad4f6c847665c9b8,https://static.wixstatic.com/ugd/d8e7ad_43edba2842ed4083ad4f6c847665c9b8.pdf,200,application/pdf,538910,PASS,,G3 t=25 «כסף» lv=c /worksheets?grade=3&topic=25
4472f21222ff44e7adb3aa5cefa91435,https://static.wixstatic.com/ugd/d8e7ad_4472f21222ff44e7adb3aa5cefa91435.pdf,200,application/pdf,70731,PASS,,G3 t=6 «חיבור בטור עם המרה» lv=b /worksheets?grade=3&topic=6
451e1aaba1cd4811a3929697d2049b4a,https://static.wixstatic.com/ugd/d8e7ad_451e1aaba1cd4811a3929697d2049b4a.pdf,200,application/pdf,1453471,PASS,,G2 t=15 «מספרים עד 1000» lv=a /worksheets?grade=2&topic=15
453125b31ea24576910f04f190698bdc,https://static.wixstatic.com/ugd/d8e7ad_453125b31ea24576910f04f190698bdc.pdf,200,application/pdf,44746,PASS,,G9 t=12 «קדם אנליזה — מפונקציות לגרפים ובחזרה» lv=c /worksheets?grade=9&topic=12
4591b9e193264cad8fc7c1c35a09e010,https://static.wixstatic.com/ugd/d8e7ad_4591b9e193264cad8fc7c1c35a09e010.pdf,200,application/pdf,113268,PASS,,G3 t=24 «אוספים נתונים» lv=b /worksheets?grade=3&topic=24
4682de36b557484ead900a3f1d3afd0e,https://static.wixstatic.com/ugd/d8e7ad_4682de36b557484ead900a3f1d3afd0e.pdf,200,application/pdf,80262,PASS,,G7 t=4 «חילוק מספרים מכוונים» lv=c /worksheets?grade=7&topic=4
46df9eaca3ff48b581474f29bab19c80,https://static.wixstatic.com/ugd/d8e7ad_46df9eaca3ff48b581474f29bab19c80.pdf,200,application/pdf,96840,PASS,,G6 t=8 «כפל וחילוק שברים בחירת פעולה» lv=c /worksheets?grade=6&topic=8
474a51d8ec314fcf98a43d2c0bf49e91,https://static.wixstatic.com/ugd/d8e7ad_474a51d8ec314fcf98a43d2c0bf49e91.pdf,200,application/pdf,80617,PASS,,G4 t=28 «משולשים מיון ובנייה» lv=b /worksheets?grade=4&topic=28
47d4638e1a904015b1d8f724681bb799,https://static.wixstatic.com/ugd/d8e7ad_47d4638e1a904015b1d8f724681bb799.pdf,200,application/pdf,940518,PASS,,G2 t=5 «חיבור דו ספרתי ללא המרה» lv=b /worksheets?grade=2&topic=5
480bdf8fe18a4fa7b03b29da5901a9ff,https://static.wixstatic.com/ugd/d8e7ad_480bdf8fe18a4fa7b03b29da5901a9ff.pdf,200,application/pdf,264192,PASS,,G8 t=9 «שינויים עוקבים» lv=b /worksheets?grade=8&topic=9
48426185c96d4a0ca1006f514d155757,https://static.wixstatic.com/ugd/d8e7ad_48426185c96d4a0ca1006f514d155757.pdf,200,application/pdf,531338,PASS,,G3 t=9 «כפל עובדות ומבנים» lv=a /worksheets?grade=3&topic=9
48a794452e1846119fddd0e5d91da524,https://static.wixstatic.com/ugd/d8e7ad_48a794452e1846119fddd0e5d91da524.pdf,200,application/pdf,96231,PASS,,G8 t=57 «העמקה — חקר והכללה» lv=one /worksheets?grade=8&topic=57
48ecf4e316e14ab185bcbf726f86a09f,https://static.wixstatic.com/ugd/d8e7ad_48ecf4e316e14ab185bcbf726f86a09f.pdf,200,application/pdf,1198773,PASS,,G2 t=16 «כפל קבוצות שוות ומערכים» lv=a /worksheets?grade=2&topic=16
4901e467c30a42f19490fad085c048b3,https://static.wixstatic.com/ugd/d8e7ad_4901e467c30a42f19490fad085c048b3.pdf,200,application/pdf,1037696,PASS,,G1 t=22 «בעיות מילוליות פשוטות» lv=c /worksheets?grade=1&topic=22
49711853d5da421e8e4c1b4f18ff46a3,https://static.wixstatic.com/ugd/d8e7ad_49711853d5da421e8e4c1b4f18ff46a3.pdf,200,application/pdf,49562,PASS,,G8 t=61 «אינטרפולציה ואקסטרפולציה» lv=b /worksheets?grade=8&topic=61
4994bc3777ef4ddd82f21d455a0cd2f5,https://static.wixstatic.com/ugd/d8e7ad_4994bc3777ef4ddd82f21d455a0cd2f5.pdf,200,application/pdf,832668,PASS,,G2 t=24 «בעיות מילוליות וכסף פשוט» lv=b /worksheets?grade=2&topic=24
49dab9ee86ab4a1695a9c2d9907c1352,https://static.wixstatic.com/ugd/d8e7ad_49dab9ee86ab4a1695a9c2d9907c1352.pdf,200,application/pdf,113999,PASS,,G7 t=7 «שורש ריבועי» lv=a /worksheets?grade=7&topic=7
4a466ab88c3944018b9320d87f205120,https://static.wixstatic.com/ugd/d8e7ad_4a466ab88c3944018b9320d87f205120.pdf,200,application/pdf,152090,PASS,,G4 t=6 «חוקי פעולות וכפל בעשרות שלמות» lv=c /worksheets?grade=4&topic=6
4a4b639ca2fb4a2395cf6aef67d6e234,https://static.wixstatic.com/ugd/d8e7ad_4a4b639ca2fb4a2395cf6aef67d6e234.pdf,200,application/pdf,63009,PASS,,G5 t=19 «תכונות ואלכסונים במרובעים» lv=c /worksheets?grade=5&topic=19
4aba762b64b54af098827d1f386bcf68,https://static.wixstatic.com/ugd/d8e7ad_4aba762b64b54af098827d1f386bcf68.pdf,200,application/pdf,165723,PASS,,G9 t=29 «שטחים ב׳ חלק 2 — מצולעים מורכבים — לכיתה ט׳» lv=a /worksheets?grade=9&topic=29
4abf84de7ce24b71bf5e47603d0334d7,https://static.wixstatic.com/ugd/d8e7ad_4abf84de7ce24b71bf5e47603d0334d7.pdf,200,application/pdf,74091,PASS,,G5 t=2 «מספרים גדולים ערך מקום עיגול ואומדן» lv=a /worksheets?grade=5&topic=2
4b1967df36dc49db91ab058391ab8305,https://static.wixstatic.com/ugd/d8e7ad_4b1967df36dc49db91ab058391ab8305.pdf,200,application/pdf,67115,PASS,,G5 t=7 «חזרה על משמעות השבר וייצוגיו» lv=c /worksheets?grade=5&topic=7
4b290d5f7ff84bba92a8922754904fc8,https://static.wixstatic.com/ugd/d8e7ad_4b290d5f7ff84bba92a8922754904fc8.pdf,200,application/pdf,94296,PASS,,G6 t=1 «כפל שבר במספר שלם» lv=b /worksheets?grade=6&topic=1
4b7ef32fdaa04b8580e0cdbb46e4aa0d,https://static.wixstatic.com/ugd/d8e7ad_4b7ef32fdaa04b8580e0cdbb46e4aa0d.pdf,200,application/pdf,116561,PASS,,G9 t=17 «שורשים» lv=a /worksheets?grade=9&topic=17
4b9d564658a847e19435a7d2a7658290,https://static.wixstatic.com/ugd/d8e7ad_4b9d564658a847e19435a7d2a7658290.pdf,200,application/pdf,68251,PASS,,G5 t=13 «שברים גדולים מ 1 ומספרים מעורבים» lv=c /worksheets?grade=5&topic=13
4ba20c8578f14678974bb4e82a6d1431,https://static.wixstatic.com/ugd/d8e7ad_4ba20c8578f14678974bb4e82a6d1431.pdf,200,application/pdf,90510,PASS,,G7 t=27 «שכיחות יחסית חלק 2 — ניסויים ויציבות» lv=a /worksheets?grade=7&topic=27
4bd841f8e6594fc9bd30ac2ab3e138e2,https://static.wixstatic.com/ugd/d8e7ad_4bd841f8e6594fc9bd30ac2ab3e138e2.pdf,200,application/pdf,76799,PASS,,G7 t=47 «מנסרה משולשת חלק 1 — מבנה ונפח» lv=b /worksheets?grade=7&topic=47
4bf8a12b04f54b3495a28c4eb7c59aa1,https://static.wixstatic.com/ugd/d8e7ad_4bf8a12b04f54b3495a28c4eb7c59aa1.pdf,200,application/pdf,539800,PASS,,G3 t=17 «מרובעים לפי תכונות» lv=c /worksheets?grade=3&topic=17
4c0906fe2efd44d0988769bb3ae01e77,https://static.wixstatic.com/ugd/d8e7ad_4c0906fe2efd44d0988769bb3ae01e77.pdf,200,application/pdf,152063,PASS,,G9 t=11 «המלבן» lv=c /worksheets?grade=9&topic=11
4cbce46755aa48bdb2637ab19efabe5a,https://static.wixstatic.com/ugd/d8e7ad_4cbce46755aa48bdb2637ab19efabe5a.pdf,200,application/pdf,81667,PASS,,G6 t=12 «תיבות ופריסות מעבר בין דו ממד לתלת ממד» lv=b /worksheets?grade=6&topic=12
4cf55a78f5b04c76814251c24fcea4d7,https://static.wixstatic.com/ugd/d8e7ad_4cf55a78f5b04c76814251c24fcea4d7.pdf,200,application/pdf,77725,PASS,,G7 t=41 «שאלות מילוליות באמצעות משוואות» lv=b /worksheets?grade=7&topic=41
4d27373122ac435c86b829cce5b42eb5,https://static.wixstatic.com/ugd/d8e7ad_4d27373122ac435c86b829cce5b42eb5.pdf,200,application/pdf,113188,PASS,,G3 t=5 «אומדן באמצעות מספרים קרובים» lv=c /worksheets?grade=3&topic=5
4d53088bd9ca4dee89007cc14a7a33c1,https://static.wixstatic.com/ugd/d8e7ad_4d53088bd9ca4dee89007cc14a7a33c1.pdf,200,application/pdf,61400,PASS,,G6 t=22 «קנה מידה במפות ובשרטוטים» lv=c /worksheets?grade=6&topic=22
4d5649341a3c43e788bd828961fd1dda,https://static.wixstatic.com/ugd/d8e7ad_4d5649341a3c43e788bd828961fd1dda.pdf,200,application/pdf,85636,PASS,,G3 t=2 «שכנים וישר מספרים» lv=b /worksheets?grade=3&topic=2
4db357775cc94905a844a1ea64a8b28b,https://static.wixstatic.com/ugd/d8e7ad_4db357775cc94905a844a1ea64a8b28b.pdf,200,application/pdf,967663,PASS,,G2 t=20 «פי בקבוצות שוות» lv=b /worksheets?grade=2&topic=20
4ddad47c159748229fa42e74daeac8d5,https://static.wixstatic.com/ugd/d8e7ad_4ddad47c159748229fa42e74daeac8d5.pdf,200,application/pdf,72622,PASS,,G8 t=6 «אחוזים — ייצוגים» lv=b /worksheets?grade=8&topic=6
4e226ab096ab4f22a1019bc81e542401,https://static.wixstatic.com/ugd/d8e7ad_4e226ab096ab4f22a1019bc81e542401.pdf,200,application/pdf,109605,PASS,,G3 t=5 «אומדן באמצעות מספרים קרובים» lv=b /worksheets?grade=3&topic=5
4ea72c7bc2da42169cf54e1c5d5174ea,https://static.wixstatic.com/ugd/d8e7ad_4ea72c7bc2da42169cf54e1c5d5174ea.pdf,200,application/pdf,57300,PASS,,G7 t=50 «משימת הערכה 1» lv=b /worksheets?grade=7&topic=50
4f950534797e45fc893d3122ef37df09,https://static.wixstatic.com/ugd/d8e7ad_4f950534797e45fc893d3122ef37df09.pdf,200,application/pdf,1081139,PASS,,G1 t=13 «שרשראות ופירמידות מספרים» lv=b /worksheets?grade=1&topic=13
4fa83be3bf83400baf867c15d9054b63,https://static.wixstatic.com/ugd/d8e7ad_4fa83be3bf83400baf867c15d9054b63.pdf,200,application/pdf,85927,PASS,,G7 t=19 «שטח משולש — העמקה» lv=c /worksheets?grade=7&topic=19
4fae6c5d4ad54d97a52e3b25a12101f0,https://static.wixstatic.com/ugd/d8e7ad_4fae6c5d4ad54d97a52e3b25a12101f0.pdf,200,application/pdf,2545663,PASS,,G1 t=19 «מרכיבים ומפרקים» lv=b /worksheets?grade=1&topic=19
4fb55b64601c4b39a715cd10d9d8fd19,https://static.wixstatic.com/ugd/d8e7ad_4fb55b64601c4b39a715cd10d9d8fd19.pdf,200,application/pdf,108705,PASS,,G4 t=9 «כפל רב ספרתי» lv=a /worksheets?grade=4&topic=9
5050767dca2d4e35bd953df51a32eb9c,https://static.wixstatic.com/ugd/d8e7ad_5050767dca2d4e35bd953df51a32eb9c.pdf,200,application/pdf,78461,PASS,,G8 t=23 «הממוצע» lv=c /worksheets?grade=8&topic=23
512187a59bb74fc1aea64cc35aa5a23f,https://static.wixstatic.com/ugd/d8e7ad_512187a59bb74fc1aea64cc35aa5a23f.pdf,200,application/pdf,58561,PASS,,G6 t=10 «חילוק מספרים עשרוניים» lv=a /worksheets?grade=6&topic=10
514a8fad839e493e9ffc4ad707872962,https://static.wixstatic.com/ugd/d8e7ad_514a8fad839e493e9ffc4ad707872962.pdf,200,application/pdf,84951,PASS,,G7 t=18 «שטח מלבן וריבוע — העמקה» lv=b /worksheets?grade=7&topic=18
5176407fd2764857b73afabc3e8ea473,https://static.wixstatic.com/ugd/d8e7ad_5176407fd2764857b73afabc3e8ea473.pdf,200,application/pdf,112145,PASS,,G7 t=44 «חישובי היקף — צורות מורכבות ואלגברה» lv=c /worksheets?grade=7&topic=44
51c4ed1e225c4325825970d9aca00a05,https://static.wixstatic.com/ugd/d8e7ad_51c4ed1e225c4325825970d9aca00a05.pdf,200,application/pdf,4205952,PASS,,G8 t=41 «הוכחה — שווה שוקיים» lv=a /worksheets?grade=8&topic=41
52bf36b6b0c34c0b94f390c623010a55,https://static.wixstatic.com/ugd/d8e7ad_52bf36b6b0c34c0b94f390c623010a55.pdf,200,application/pdf,1090114,PASS,,G1 t=6 «חיסור בתחום 10» lv=c /worksheets?grade=1&topic=6
52ce097ba42e4fd98e08c9beb5ec7754,https://static.wixstatic.com/ugd/d8e7ad_52ce097ba42e4fd98e08c9beb5ec7754.pdf,200,application/pdf,175797,PASS,,G7 t=8 «מערכת צירים — היכרות וקנה מידה» lv=b /worksheets?grade=7&topic=8
52d5c542bc224c15a3ebd2a156748883,https://static.wixstatic.com/ugd/d8e7ad_52d5c542bc224c15a3ebd2a156748883.pdf,200,application/pdf,220969,PASS,,G9 t=19 «דמיון משולשים» lv=c /worksheets?grade=9&topic=19
52fb4917a43c475abb8a2155fbec6ed5,https://static.wixstatic.com/ugd/d8e7ad_52fb4917a43c475abb8a2155fbec6ed5.pdf,200,application/pdf,86356,PASS,,G4 t=2 «סדר שכנים ועיגול בתחום המיליון» lv=c /worksheets?grade=4&topic=2
5371b06fd311438e9ea47762c679854a,https://static.wixstatic.com/ugd/d8e7ad_5371b06fd311438e9ea47762c679854a.pdf,200,application/pdf,189197,PASS,,G9 t=5 «הפונקציה הריבועית» lv=a /worksheets?grade=9&topic=5
53c57aa1d85f45288d4ffe7e2bb11636,https://static.wixstatic.com/ugd/d8e7ad_53c57aa1d85f45288d4ffe7e2bb11636.pdf,200,application/pdf,80926,PASS,,G4 t=10 «חילוק ארוך ושארית» lv=b /worksheets?grade=4&topic=10
53ce7c8ccf8a4b2baf20dd3077b959fc,https://static.wixstatic.com/ugd/d8e7ad_53ce7c8ccf8a4b2baf20dd3077b959fc.pdf,200,application/pdf,77702,PASS,,G8 t=6 «אחוזים — ייצוגים» lv=a /worksheets?grade=8&topic=6
5427d9b77df24696b66bfc78fec8df61,https://static.wixstatic.com/ugd/d8e7ad_5427d9b77df24696b66bfc78fec8df61.pdf,200,application/pdf,116475,PASS,,G8 t=43 «דמיון משולשים» lv=c /worksheets?grade=8&topic=43
54c5448bd4144627aaa38b219761bae0,https://static.wixstatic.com/ugd/d8e7ad_54c5448bd4144627aaa38b219761bae0.pdf,200,application/pdf,87423,PASS,,G7 t=34 «משוואות חד־שלביות» lv=a /worksheets?grade=7&topic=34
5512b7ecabe44c5792de1a1a93f67d8a,https://static.wixstatic.com/ugd/d8e7ad_5512b7ecabe44c5792de1a1a93f67d8a.pdf,200,application/pdf,62427,PASS,,G5 t=27 «שטח מקבילית והקשר למלבן» lv=b /worksheets?grade=5&topic=27
5525087590c44365ab85c43fa2c66216,https://static.wixstatic.com/ugd/d8e7ad_5525087590c44365ab85c43fa2c66216.pdf,200,application/pdf,87202,PASS,,G7 t=27 «שכיחות יחסית חלק 2 — ניסויים ויציבות» lv=b /worksheets?grade=7&topic=27
5609e8d80c0b43a2bdaaebb90c5f76f8,https://static.wixstatic.com/ugd/d8e7ad_5609e8d80c0b43a2bdaaebb90c5f76f8.pdf,200,application/pdf,62697,PASS,,G4 t=11 «שבר ייצוגים ושמות שקולים» lv=b /worksheets?grade=4&topic=11
565d8a7618b148619387c3132bb74c4d,https://static.wixstatic.com/ugd/d8e7ad_565d8a7618b148619387c3132bb74c4d.pdf,200,application/pdf,1080135,PASS,,G1 t=2 «קוראים כותבים ומייצגים עד 100» lv=a /worksheets?grade=1&topic=2
567aa489fe4c40ed8563025260dfee0d,https://static.wixstatic.com/ugd/d8e7ad_567aa489fe4c40ed8563025260dfee0d.pdf,200,application/pdf,76874,PASS,,G5 t=1 «תובנה מספרית כפל וחילוק בעשרות ומאות» lv=c /worksheets?grade=5&topic=1
56bd82d2c55e45ae8361dda997a8e5bc,https://static.wixstatic.com/ugd/d8e7ad_56bd82d2c55e45ae8361dda997a8e5bc.pdf,200,application/pdf,1082243,PASS,,G1 t=15 «מודדים ומשווים אורך» lv=c /worksheets?grade=1&topic=15
56c0d095329147cc9707159e4f484ce5,https://static.wixstatic.com/ugd/d8e7ad_56c0d095329147cc9707159e4f484ce5.pdf,200,application/pdf,86755,PASS,,G7 t=21 «חוקיות» lv=b /worksheets?grade=7&topic=21
56c7ea92ce4546719d5ba8c655188415,https://static.wixstatic.com/ugd/d8e7ad_56c7ea92ce4546719d5ba8c655188415.pdf,200,application/pdf,69708,PASS,,G8 t=7 «בעיות אחוזים» lv=b /worksheets?grade=8&topic=7
56dd1fc5347943b48fea991334b4d940,https://static.wixstatic.com/ugd/d8e7ad_56dd1fc5347943b48fea991334b4d940.pdf,200,application/pdf,1226882,PASS,,G2 t=1 «חוזרים להרכבות 10 ו 20» lv=c /worksheets?grade=2&topic=1
56f620d49a0d42c78624e80386aea3e0,https://static.wixstatic.com/ugd/d8e7ad_56f620d49a0d42c78624e80386aea3e0.pdf,200,application/pdf,101975,PASS,,G5 t=17 «קריאת גרפים והשוואת נתונים» lv=b /worksheets?grade=5&topic=17
5794d9b0846c4859bfee8541e77ee3f6,https://static.wixstatic.com/ugd/d8e7ad_5794d9b0846c4859bfee8541e77ee3f6.pdf,200,application/pdf,84461,PASS,,G4 t=28 «משולשים מיון ובנייה» lv=a /worksheets?grade=4&topic=28
57ca08aa4a1c4a7e98642f09f7004a96,https://static.wixstatic.com/ugd/d8e7ad_57ca08aa4a1c4a7e98642f09f7004a96.pdf,200,application/pdf,84615,PASS,,G7 t=15 «משולשים מיוחדים» lv=a /worksheets?grade=7&topic=15
5887c0d0837b464a9fa34a05ddea50d0,https://static.wixstatic.com/ugd/d8e7ad_5887c0d0837b464a9fa34a05ddea50d0.pdf,200,application/pdf,115041,PASS,,G6 t=5 «כפל שברים יישום ובקרה» lv=a /worksheets?grade=6&topic=5
58c3cfe666dc4b17a23c97a49fc93705,https://static.wixstatic.com/ugd/d8e7ad_58c3cfe666dc4b17a23c97a49fc93705.pdf,200,application/pdf,137431,PASS,,G9 t=30 «מנסרה משולשת חלק 1 — מבנה ונפח — לכיתה ט׳» lv=a /worksheets?grade=9&topic=30
59408ea089bd442a829c4bb989e86927,https://static.wixstatic.com/ugd/d8e7ad_59408ea089bd442a829c4bb989e86927.pdf,200,application/pdf,126826,PASS,,G7 t=20 «תיבה וקובייה» lv=c /worksheets?grade=7&topic=20
59772635b2fd47b39158f9cf2f0ff807,https://static.wixstatic.com/ugd/d8e7ad_59772635b2fd47b39158f9cf2f0ff807.pdf,200,application/pdf,89888,PASS,,G7 t=38 «סוגריים וחוק הפילוג» lv=b /worksheets?grade=7&topic=38
59ddefb05828412a92662f45af71b4cd,https://static.wixstatic.com/ugd/d8e7ad_59ddefb05828412a92662f45af71b4cd.pdf,200,application/pdf,76674,PASS,,G8 t=22 «טווח הנתונים» lv=a /worksheets?grade=8&topic=22
5a00235fb4d2402889a721cb4964ab1e,https://static.wixstatic.com/ugd/d8e7ad_5a00235fb4d2402889a721cb4964ab1e.pdf,200,application/pdf,40048,PASS,,G8 t=62 «זוויות בין ישרים מקבילים» lv=c /worksheets?grade=8&topic=62
5acb785125b341b4864f326b110e5c14,https://static.wixstatic.com/ugd/d8e7ad_5acb785125b341b4864f326b110e5c14.pdf,200,application/pdf,98514,PASS,,G7 t=43 «פיתגורס חלק 2 — שימושים» lv=b /worksheets?grade=7&topic=43
5b1d05c4655144eba82e34199475706c,https://static.wixstatic.com/ugd/d8e7ad_5b1d05c4655144eba82e34199475706c.pdf,200,application/pdf,117907,PASS,,G9 t=40 «דמיון משולשים — משפט ז.ז וחישובים» lv=b /worksheets?grade=9&topic=40
5b8cf4a731194480ba7ae7b209dbd6e1,https://static.wixstatic.com/ugd/d8e7ad_5b8cf4a731194480ba7ae7b209dbd6e1.pdf,200,application/pdf,130012,PASS,,G6 t=23 «מספרים ופעולות סדר אומדן ובדיקת סבירות» lv=c /worksheets?grade=6&topic=23
5bdd7cd2b2974728bc8dc804af6f77fa,https://static.wixstatic.com/ugd/d8e7ad_5bdd7cd2b2974728bc8dc804af6f77fa.pdf,200,application/pdf,88169,PASS,,G7 t=18 «שטח מלבן וריבוע — העמקה» lv=c /worksheets?grade=7&topic=18
5be1af0651d142648da6c08d0ff028f4,https://static.wixstatic.com/ugd/d8e7ad_5be1af0651d142648da6c08d0ff028f4.pdf,200,application/pdf,53317,PASS,,G9 t=44 «דו איבר בריבוע» lv=b /worksheets?grade=9&topic=44
5c162439c4464cc5beeaafd6645464dd,https://static.wixstatic.com/ugd/d8e7ad_5c162439c4464cc5beeaafd6645464dd.pdf,200,application/pdf,84205,PASS,,G5 t=35 «שיקוף סיבוב והזזה» lv=a /worksheets?grade=5&topic=35
5c22657a94a742679fe08930f129e185,https://static.wixstatic.com/ugd/d8e7ad_5c22657a94a742679fe08930f129e185.pdf,200,application/pdf,82465,PASS,,G3 t=17 «מרובעים לפי תכונות» lv=a /worksheets?grade=3&topic=17
5c4668e01a434b9bb6ee2c05060901d1,https://static.wixstatic.com/ugd/d8e7ad_5c4668e01a434b9bb6ee2c05060901d1.pdf,200,application/pdf,1138936,PASS,,G2 t=10 «שוויון ומספר חסר» lv=b /worksheets?grade=2&topic=10
5c95fe7a3cef46dc96cd171898e33e05,https://static.wixstatic.com/ugd/d8e7ad_5c95fe7a3cef46dc96cd171898e33e05.pdf,200,application/pdf,94252,PASS,,G4 t=8 «חוק הפילוג ומכפלות חלקיות» lv=b /worksheets?grade=4&topic=8
5ca4a4392fc84c9496fc7e2fdbbc14da,https://static.wixstatic.com/ugd/d8e7ad_5ca4a4392fc84c9496fc7e2fdbbc14da.pdf,200,application/pdf,147593,PASS,,G4 t=17 «מצולעים ואלכסונים» lv=c /worksheets?grade=4&topic=17
5ccc39f3843149e68d3a5aae10a1a853,https://static.wixstatic.com/ugd/d8e7ad_5ccc39f3843149e68d3a5aae10a1a853.pdf,200,application/pdf,70928,PASS,,G8 t=24 «החציון» lv=b /worksheets?grade=8&topic=24
5cf26d7842c94b9fa3a9ed286689257f,https://static.wixstatic.com/ugd/d8e7ad_5cf26d7842c94b9fa3a9ed286689257f.pdf,200,application/pdf,125980,PASS,,G6 t=23 «מספרים ופעולות סדר אומדן ובדיקת סבירות» lv=b /worksheets?grade=6&topic=23
5d590fa4720448a7b3020a2256cac55c,https://static.wixstatic.com/ugd/d8e7ad_5d590fa4720448a7b3020a2256cac55c.pdf,200,application/pdf,1297080,PASS,,G2 t=2 «עשרות ויחידות בתחום 100» lv=a /worksheets?grade=2&topic=2
5dbd91577b8f4ac1a94947583a6e5140,https://static.wixstatic.com/ugd/d8e7ad_5dbd91577b8f4ac1a94947583a6e5140.pdf,200,application/pdf,48529,PASS,,G9 t=44 «דו איבר בריבוע» lv=c /worksheets?grade=9&topic=44
5dc50f7cf7114a41b44cb7008323f89d,https://static.wixstatic.com/ugd/d8e7ad_5dc50f7cf7114a41b44cb7008323f89d.pdf,200,application/pdf,161455,PASS,,G9 t=28 «שטחים ב׳ חלק 1 — מקבילית וטרפז — לכיתה ט׳» lv=a /worksheets?grade=9&topic=28
5dca17e162c84920b693c81bd4237ebd,https://static.wixstatic.com/ugd/d8e7ad_5dca17e162c84920b693c81bd4237ebd.pdf,200,application/pdf,80982,PASS,,G7 t=41 «שאלות מילוליות באמצעות משוואות» lv=a /worksheets?grade=7&topic=41
5dcead75ede34b7892fffdea2bb20087,https://static.wixstatic.com/ugd/d8e7ad_5dcead75ede34b7892fffdea2bb20087.pdf,200,application/pdf,74994,PASS,,G5 t=9 «הרחבה וצמצום שברים שקולים» lv=a /worksheets?grade=5&topic=9
5df573c813e2416aa040c716b7843d7b,https://static.wixstatic.com/ugd/d8e7ad_5df573c813e2416aa040c716b7843d7b.pdf,200,application/pdf,48786,PASS,,G8 t=64 «משימת הערכה 1» lv=a /worksheets?grade=8&topic=64
5e27f374f1174eb5bb599e0f376b44d7,https://static.wixstatic.com/ugd/d8e7ad_5e27f374f1174eb5bb599e0f376b44d7.pdf,200,application/pdf,68066,PASS,,G6 t=4 «כפל מספרים מעורבים» lv=c /worksheets?grade=6&topic=4
5e45520af87542ed8fe6bd954ec62e1d,https://static.wixstatic.com/ugd/d8e7ad_5e45520af87542ed8fe6bd954ec62e1d.pdf,200,application/pdf,1090504,PASS,,G1 t=5 «חיבור בתחום 10» lv=b /worksheets?grade=1&topic=5
5eb8668453e84edf873af87c12dccec6,https://static.wixstatic.com/ugd/d8e7ad_5eb8668453e84edf873af87c12dccec6.pdf,200,application/pdf,73706,PASS,,G5 t=4 «חילוק מאונך ושארית» lv=a /worksheets?grade=5&topic=4
5ecb4d7839ea46e687452fc8e987a598,https://static.wixstatic.com/ugd/d8e7ad_5ecb4d7839ea46e687452fc8e987a598.pdf,200,application/pdf,80591,PASS,,G8 t=25 «בחירת מדד» lv=c /worksheets?grade=8&topic=25
5f00f26f765f48c091df28fa5389c229,https://static.wixstatic.com/ugd/d8e7ad_5f00f26f765f48c091df28fa5389c229.pdf,200,application/pdf,99340,PASS,,G5 t=17 «קריאת גרפים והשוואת נתונים» lv=a /worksheets?grade=5&topic=17
5f39c35987c14a23aa60db42218adc7c,https://static.wixstatic.com/ugd/d8e7ad_5f39c35987c14a23aa60db42218adc7c.pdf,200,application/pdf,93447,PASS,,G8 t=27 «קצב השתנות» lv=b /worksheets?grade=8&topic=27
5faf61b196664f3bb38a3feadec6e1f9,https://static.wixstatic.com/ugd/d8e7ad_5faf61b196664f3bb38a3feadec6e1f9.pdf,200,application/pdf,63323,PASS,,G5 t=23 «גובה במשולש חד זווית וישר זווית» lv=a /worksheets?grade=5&topic=23
6007b826b92a4d97a56c4ab5f8df8318,https://static.wixstatic.com/ugd/d8e7ad_6007b826b92a4d97a56c4ab5f8df8318.pdf,200,application/pdf,4396220,PASS,,G8 t=41 «הוכחה — שווה שוקיים» lv=b /worksheets?grade=8&topic=41
608ccf74446b420e8d28a36ba023e34d,https://static.wixstatic.com/ugd/d8e7ad_608ccf74446b420e8d28a36ba023e34d.pdf,200,application/pdf,90343,PASS,,G6 t=27 «חוקיות ופתרון בעיות רב שלביות» lv=b /worksheets?grade=6&topic=27
60965c8bfc754177a0450b2520a86f5c,https://static.wixstatic.com/ugd/d8e7ad_60965c8bfc754177a0450b2520a86f5c.pdf,200,application/pdf,65280,PASS,,G4 t=15 «מספרים ראשוניים ופריקים» lv=b /worksheets?grade=4&topic=15
60b3ca0f913844acb9c9fe1891122d54,https://static.wixstatic.com/ugd/d8e7ad_60b3ca0f913844acb9c9fe1891122d54.pdf,200,application/pdf,79556,PASS,,G8 t=3 «מכנים מספריים» lv=c /worksheets?grade=8&topic=3
60e2b322ce874ac2ae7610899f8cd203,https://static.wixstatic.com/ugd/d8e7ad_60e2b322ce874ac2ae7610899f8cd203.pdf,200,application/pdf,84139,PASS,,G8 t=5 «קנה מידה» lv=c /worksheets?grade=8&topic=5
60e91f28456d49cabe5bca5a95bf1cc2,https://static.wixstatic.com/ugd/d8e7ad_60e91f28456d49cabe5bca5a95bf1cc2.pdf,200,application/pdf,69052,PASS,,G5 t=14 «חיבור וחיסור מספרים מעורבים» lv=c /worksheets?grade=5&topic=14
60f2c2def408469caed9054886444358,https://static.wixstatic.com/ugd/d8e7ad_60f2c2def408469caed9054886444358.pdf,200,application/pdf,367338,PASS,,G7 t=44 «חישובי היקף — צורות מורכבות ואלגברה» lv=b /worksheets?grade=7&topic=44
6134fd28ceef44dea885a9a10818c26f,https://static.wixstatic.com/ugd/d8e7ad_6134fd28ceef44dea885a9a10818c26f.pdf,200,application/pdf,128903,PASS,,G6 t=23 «מספרים ופעולות סדר אומדן ובדיקת סבירות» lv=a /worksheets?grade=6&topic=23
61de250883604d0ba51bf684fff19241,https://static.wixstatic.com/ugd/d8e7ad_61de250883604d0ba51bf684fff19241.pdf,200,application/pdf,133016,PASS,,G8 t=26 «אוריינות וביקורת ייצוג» lv=one /worksheets?grade=8&topic=26
62b362d015014ac0818926703824514f,https://static.wixstatic.com/ugd/d8e7ad_62b362d015014ac0818926703824514f.pdf,200,application/pdf,89291,PASS,,G9 t=39 «הטרפז» lv=b /worksheets?grade=9&topic=39
62c5fcb4518e4b16bb70194bb635a320,https://static.wixstatic.com/ugd/d8e7ad_62c5fcb4518e4b16bb70194bb635a320.pdf,200,application/pdf,111140,PASS,,G5 t=32 «נעלמים ומשוואות בשברים» lv=b /worksheets?grade=5&topic=32
6315abb98cd443d99574fc98ddadeb4c,https://static.wixstatic.com/ugd/d8e7ad_6315abb98cd443d99574fc98ddadeb4c.pdf,200,application/pdf,82367,PASS,,G4 t=19 «סוגי זוויות» lv=c /worksheets?grade=4&topic=19
63bed16964274aba8c5111993c682513,https://static.wixstatic.com/ugd/d8e7ad_63bed16964274aba8c5111993c682513.pdf,200,application/pdf,836640,PASS,,G2 t=24 «בעיות מילוליות וכסף פשוט» lv=c /worksheets?grade=2&topic=24
63cd209d97604f10941ce63115d8d0e5,https://static.wixstatic.com/ugd/d8e7ad_63cd209d97604f10941ce63115d8d0e5.pdf,200,application/pdf,78156,PASS,,G3 t=5 «אומדן באמצעות מספרים קרובים» lv=a /worksheets?grade=3&topic=5
64bb3b9026a54e5cbf378e653861c44b,https://static.wixstatic.com/ugd/d8e7ad_64bb3b9026a54e5cbf378e653861c44b.pdf,200,application/pdf,1355404,PASS,,G2 t=4 «מוסיפים עשרות ומפרקים מספרים» lv=c /worksheets?grade=2&topic=4
652838b9733d4328b0f9962091c746de,https://static.wixstatic.com/ugd/d8e7ad_652838b9733d4328b0f9962091c746de.pdf,200,application/pdf,107420,PASS,,G7 t=40 «שלושה ייצוגים לפתרון משוואה» lv=c /worksheets?grade=7&topic=40
652a1fb7418e41e5839d61b95251303a,https://static.wixstatic.com/ugd/d8e7ad_652a1fb7418e41e5839d61b95251303a.pdf,200,application/pdf,541001,PASS,,G3 t=8 «בעיות מילוליות» lv=c /worksheets?grade=3&topic=8
65323c3837f84ec69e42562c1b7b5250,https://static.wixstatic.com/ugd/d8e7ad_65323c3837f84ec69e42562c1b7b5250.pdf,200,application/pdf,126655,PASS,,G7 t=13 «זוויות — דף חזרה מסכם» lv=c /worksheets?grade=7&topic=13
656dfb5d91fc415eb87b6167c7fc5f44,https://static.wixstatic.com/ugd/d8e7ad_656dfb5d91fc415eb87b6167c7fc5f44.pdf,200,application/pdf,56528,PASS,,G7 t=49 «חזרה שנתית» lv=b /worksheets?grade=7&topic=49
657a905ab8ff4bdeb6820b6c4aa3c7f2,https://static.wixstatic.com/ugd/d8e7ad_657a905ab8ff4bdeb6820b6c4aa3c7f2.pdf,200,application/pdf,59638,PASS,,G3 t=12 «זווית וסוגי זוויות» lv=b /worksheets?grade=3&topic=12
65e887ce5770403abca2892741876bc4,https://static.wixstatic.com/ugd/d8e7ad_65e887ce5770403abca2892741876bc4.pdf,200,application/pdf,71663,PASS,,G5 t=12 «חלק מכמות» lv=a /worksheets?grade=5&topic=12
65f29fd8c4e945e49779c822c4949ec0,https://static.wixstatic.com/ugd/d8e7ad_65f29fd8c4e945e49779c822c4949ec0.pdf,200,application/pdf,105896,PASS,,G8 t=17 «עמודות ופיקטוגרמות» lv=b /worksheets?grade=8&topic=17
66bed922d7f540e3b3a327081e194b1a,https://static.wixstatic.com/ugd/d8e7ad_66bed922d7f540e3b3a327081e194b1a.pdf,200,application/pdf,135968,PASS,,G9 t=30 «מנסרה משולשת חלק 1 — מבנה ונפח — לכיתה ט׳» lv=b /worksheets?grade=9&topic=30
66ff70bda98c40d4a27be64f6351d21f,https://static.wixstatic.com/ugd/d8e7ad_66ff70bda98c40d4a27be64f6351d21f.pdf,200,application/pdf,72209,PASS,,G3 t=1 «ערך מקום» lv=a /worksheets?grade=3&topic=1
67212d6b868f435497cd0e499d505554,https://static.wixstatic.com/ugd/d8e7ad_67212d6b868f435497cd0e499d505554.pdf,200,application/pdf,122175,PASS,,G7 t=12 «זוויות חלק 2 — יחסים ופעולות» lv=a /worksheets?grade=7&topic=12
6744a532c10a4bdeb4ce43e00848a2a3,https://static.wixstatic.com/ugd/d8e7ad_6744a532c10a4bdeb4ce43e00848a2a3.pdf,200,application/pdf,47110,PASS,,G9 t=38 «יחסי צלעות וזוויות» lv=c /worksheets?grade=9&topic=38
67b85e5cf6ca4a88bf10e4ce7501a1fc,https://static.wixstatic.com/ugd/d8e7ad_67b85e5cf6ca4a88bf10e4ce7501a1fc.pdf,200,application/pdf,95982,PASS,,G7 t=28 «הסתברות — היכרות» lv=c /worksheets?grade=7&topic=28
687e425a629d4aa09423081426518cf8,https://static.wixstatic.com/ugd/d8e7ad_687e425a629d4aa09423081426518cf8.pdf,200,application/pdf,106286,PASS,,G8 t=45 «יחס שטחים» lv=c /worksheets?grade=8&topic=45
6897f6fbfe9c4903ae785551ec5b1140,https://static.wixstatic.com/ugd/d8e7ad_6897f6fbfe9c4903ae785551ec5b1140.pdf,200,application/pdf,85491,PASS,,G7 t=18 «שטח מלבן וריבוע — העמקה» lv=a /worksheets?grade=7&topic=18
69da324200a74e408a80d2106f2033c3,https://static.wixstatic.com/ugd/d8e7ad_69da324200a74e408a80d2106f2033c3.pdf,200,application/pdf,534480,PASS,,G3 t=8 «בעיות מילוליות» lv=b /worksheets?grade=3&topic=8
69db60200a0c4859b04594fde0ba9827,https://static.wixstatic.com/ugd/d8e7ad_69db60200a0c4859b04594fde0ba9827.pdf,200,application/pdf,209408,PASS,,G9 t=25 «פיתגורס חלק 2 — שימושים — לכיתה ט׳» lv=a /worksheets?grade=9&topic=25
69e49f7d599849e2af919db27819a053,https://static.wixstatic.com/ugd/d8e7ad_69e49f7d599849e2af919db27819a053.pdf,200,application/pdf,107348,PASS,,G7 t=40 «שלושה ייצוגים לפתרון משוואה» lv=b /worksheets?grade=7&topic=40
69e5180c0bba4c138759dcee7ecff140,https://static.wixstatic.com/ugd/d8e7ad_69e5180c0bba4c138759dcee7ecff140.pdf,200,application/pdf,183558,PASS,,G4 t=25 «דיאגרמות ומסקנות» lv=c /worksheets?grade=4&topic=25
69f8cea0ad6a40d993ce9a57021065a8,https://static.wixstatic.com/ugd/d8e7ad_69f8cea0ad6a40d993ce9a57021065a8.pdf,200,application/pdf,86376,PASS,,G4 t=5 «אומדן ובעיות חיבור וחיסור כולל כסף» lv=c /worksheets?grade=4&topic=5
6a2abc6e28534321a3af4d7ada2b13d7,https://static.wixstatic.com/ugd/d8e7ad_6a2abc6e28534321a3af4d7ada2b13d7.pdf,200,application/pdf,73034,PASS,,G5 t=10 «מכנה משותף בחירה יעילה» lv=b /worksheets?grade=5&topic=10
6a37fe7160324a17ad107b3dbe43c1db,https://static.wixstatic.com/ugd/d8e7ad_6a37fe7160324a17ad107b3dbe43c1db.pdf,200,application/pdf,79084,PASS,,G9 t=2 «פירוק לגורמים» lv=a /worksheets?grade=9&topic=2
6a67cc3a2dcb42fab7537202b29a38fb,https://static.wixstatic.com/ugd/d8e7ad_6a67cc3a2dcb42fab7537202b29a38fb.pdf,200,application/pdf,108906,PASS,,G3 t=22 «מדידות אורך סמ ומטר» lv=a /worksheets?grade=3&topic=22
6a752ec33aec46bd8480aaf98af5a4bb,https://static.wixstatic.com/ugd/d8e7ad_6a752ec33aec46bd8480aaf98af5a4bb.pdf,200,application/pdf,62151,PASS,,G8 t=60 «אבחון סוף שנה» lv=one /worksheets?grade=8&topic=60
6a828a45dba340c190817ed516eea6b2,https://static.wixstatic.com/ugd/d8e7ad_6a828a45dba340c190817ed516eea6b2.pdf,200,application/pdf,61131,PASS,,G6 t=13 «שטח פנים של תיבה» lv=c /worksheets?grade=6&topic=13
6a8bed02a0574351901c2e1c80b8f0a8,https://static.wixstatic.com/ugd/d8e7ad_6a8bed02a0574351901c2e1c80b8f0a8.pdf,200,application/pdf,78046,PASS,,G3 t=16 «מיון משולשים» lv=b /worksheets?grade=3&topic=16
6b04a93bef8048b9a3ede394c01b8c47,https://static.wixstatic.com/ugd/d8e7ad_6b04a93bef8048b9a3ede394c01b8c47.pdf,200,application/pdf,1120179,PASS,,G1 t=16 «קבוצות שוות וחיבור חוזר» lv=b /worksheets?grade=1&topic=16
6b04b33cf8d345ba80609603df46135c,https://static.wixstatic.com/ugd/d8e7ad_6b04b33cf8d345ba80609603df46135c.pdf,200,application/pdf,1138749,PASS,,G2 t=30 «סיכום מספרים פעולות וייצוגים» lv=a /worksheets?grade=2&topic=30
6b7dea020c594657ab117891291903a1,https://static.wixstatic.com/ugd/d8e7ad_6b7dea020c594657ab117891291903a1.pdf,200,application/pdf,108626,PASS,,G9 t=14 «הריבוע» lv=a /worksheets?grade=9&topic=14
6c2acf8d46f046989b4b83aa513041d4,https://static.wixstatic.com/ugd/d8e7ad_6c2acf8d46f046989b4b83aa513041d4.pdf,200,application/pdf,76506,PASS,,G7 t=45 «שטחים ב׳ חלק 1 — מקבילית וטרפז» lv=b /worksheets?grade=7&topic=45
6c79037d21dd4fe99490ff36f872648a,https://static.wixstatic.com/ugd/d8e7ad_6c79037d21dd4fe99490ff36f872648a.pdf,200,application/pdf,111890,PASS,,G4 t=6 «חוקי פעולות וכפל בעשרות שלמות» lv=a /worksheets?grade=4&topic=6
6c9e22dc5d4648a29e0bdb675c73bd1f,https://static.wixstatic.com/ugd/d8e7ad_6c9e22dc5d4648a29e0bdb675c73bd1f.pdf,200,application/pdf,1098066,PASS,,G2 t=4 «מוסיפים עשרות ומפרקים מספרים» lv=b /worksheets?grade=2&topic=4
6e27197feecc46c3a901b89bd78d0798,https://static.wixstatic.com/ugd/d8e7ad_6e27197feecc46c3a901b89bd78d0798.pdf,200,application/pdf,68304,PASS,,G5 t=13 «שברים גדולים מ 1 ומספרים מעורבים» lv=a /worksheets?grade=5&topic=13
6e8c4a042e5a4a1ab3447118fbe0e242,https://static.wixstatic.com/ugd/d8e7ad_6e8c4a042e5a4a1ab3447118fbe0e242.pdf,200,application/pdf,112365,PASS,,G7 t=20 «תיבה וקובייה» lv=a /worksheets?grade=7&topic=20
6f03feb428164154b271cd13b1ca2513,https://static.wixstatic.com/ugd/d8e7ad_6f03feb428164154b271cd13b1ca2513.pdf,200,application/pdf,63110,PASS,,G4 t=11 «שבר ייצוגים ושמות שקולים» lv=c /worksheets?grade=4&topic=11
6f36cc55a6bf45d599f295990dd59bcc,https://static.wixstatic.com/ugd/d8e7ad_6f36cc55a6bf45d599f295990dd59bcc.pdf,200,application/pdf,95056,PASS,,G8 t=28 «שיפוע וישר y=mx» lv=c /worksheets?grade=8&topic=28
6f42329079d149f290bf53c43e7a9937,https://static.wixstatic.com/ugd/d8e7ad_6f42329079d149f290bf53c43e7a9937.pdf,200,application/pdf,80155,PASS,,G7 t=48 «מנסרה משולשת חלק 2 — שטח פנים» lv=a /worksheets?grade=7&topic=48
6f583e7972c542608b396094ac14c54a,https://static.wixstatic.com/ugd/d8e7ad_6f583e7972c542608b396094ac14c54a.pdf,200,application/pdf,76186,PASS,,G8 t=8 «שינוי באחוזים» lv=c /worksheets?grade=8&topic=8
6f5d93961b5c4e93bdc2b418afd3f4eb,https://static.wixstatic.com/ugd/d8e7ad_6f5d93961b5c4e93bdc2b418afd3f4eb.pdf,200,application/pdf,74285,PASS,,G5 t=4 «חילוק מאונך ושארית» lv=b /worksheets?grade=5&topic=4
6f909c7d488943bb9a05d1f6f95eadcf,https://static.wixstatic.com/ugd/d8e7ad_6f909c7d488943bb9a05d1f6f95eadcf.pdf,200,application/pdf,167295,PASS,,G7 t=9 «הרחבת מערכת הצירים חלק 1» lv=c /worksheets?grade=7&topic=9
6fe74bdf0cc74ef1839970e06dbe683f,https://static.wixstatic.com/ugd/d8e7ad_6fe74bdf0cc74ef1839970e06dbe683f.pdf,200,application/pdf,1112595,PASS,,G1 t=6 «חיסור בתחום 10» lv=b /worksheets?grade=1&topic=6
6ff20850f90b4006855b56f7e54c4c11,https://static.wixstatic.com/ugd/d8e7ad_6ff20850f90b4006855b56f7e54c4c11.pdf,200,application/pdf,2707887,PASS,,G1 t=19 «מרכיבים ומפרקים» lv=c /worksheets?grade=1&topic=19
6ffd8b54e3d2443390371f557e8bfb03,https://static.wixstatic.com/ugd/d8e7ad_6ffd8b54e3d2443390371f557e8bfb03.pdf,200,application/pdf,118972,PASS,,G8 t=9 «שינויים עוקבים» lv=a /worksheets?grade=8&topic=9
7106b4638b2c4bb9b81b0fc668f898dd,https://static.wixstatic.com/ugd/d8e7ad_7106b4638b2c4bb9b81b0fc668f898dd.pdf,200,application/pdf,77901,PASS,,G5 t=28 «מספרים עשרוניים ערך מקום וייצוגים» lv=b /worksheets?grade=5&topic=28
7113358defed49109c4f222d5644ee6a,https://static.wixstatic.com/ugd/d8e7ad_7113358defed49109c4f222d5644ee6a.pdf,200,application/pdf,83413,PASS,,G8 t=14 «גליל — נפח» lv=c /worksheets?grade=8&topic=14
71318c32ce584a33a55085c031253ef5,https://static.wixstatic.com/ugd/d8e7ad_71318c32ce584a33a55085c031253ef5.pdf,200,application/pdf,185988,PASS,,G8 t=12 «פיתגורס מורכב» lv=c /worksheets?grade=8&topic=12
716d152915294437b1348099f1333305,https://static.wixstatic.com/ugd/d8e7ad_716d152915294437b1348099f1333305.pdf,200,application/pdf,88538,PASS,,G4 t=20 «מיון משולשים» lv=a /worksheets?grade=4&topic=20
71b5e01552e24cadb06f534583325094,https://static.wixstatic.com/ugd/d8e7ad_71b5e01552e24cadb06f534583325094.pdf,200,application/pdf,102917,PASS,,G7 t=14 «סכום הזוויות במשולש ובמרובע» lv=b /worksheets?grade=7&topic=14
723cb10975aa4de58d642aa1f33b0a1c,https://static.wixstatic.com/ugd/d8e7ad_723cb10975aa4de58d642aa1f33b0a1c.pdf,200,application/pdf,540414,PASS,,G3 t=13 «קווים וזוויות בצורות מוכרות» lv=c /worksheets?grade=3&topic=13
7293e2a2261f426fbdda52a3fee8f0da,https://static.wixstatic.com/ugd/d8e7ad_7293e2a2261f426fbdda52a3fee8f0da.pdf,200,application/pdf,93857,PASS,,G6 t=3 «כפל שבר בשבר» lv=c /worksheets?grade=6&topic=3
7349dbab99604336bb5fca936829ca64,https://static.wixstatic.com/ugd/d8e7ad_7349dbab99604336bb5fca936829ca64.pdf,200,application/pdf,94567,PASS,,G4 t=17 «מצולעים ואלכסונים» lv=b /worksheets?grade=4&topic=17
7365ed0dcf294b1db773cc5e49b4fe04,https://static.wixstatic.com/ugd/d8e7ad_7365ed0dcf294b1db773cc5e49b4fe04.pdf,200,application/pdf,1082562,PASS,,G1 t=10 «שוויון נעלם והשוואת תרגילים» lv=b /worksheets?grade=1&topic=10
73a2e04f778643e2ade45ba38ffb242b,https://static.wixstatic.com/ugd/d8e7ad_73a2e04f778643e2ade45ba38ffb242b.pdf,200,application/pdf,88493,PASS,,G6 t=15 «קיבול סמק ליטר ומק» lv=c /worksheets?grade=6&topic=15
73a7fa15988d48b88bf69926bc4351dc,https://static.wixstatic.com/ugd/d8e7ad_73a7fa15988d48b88bf69926bc4351dc.pdf,200,application/pdf,69195,PASS,,G8 t=2 «משוואות ליניאריות» lv=c /worksheets?grade=8&topic=2
73a80adfc4224048a655c97968271658,https://static.wixstatic.com/ugd/d8e7ad_73a80adfc4224048a655c97968271658.pdf,200,application/pdf,530694,PASS,,G3 t=25 «כסף» lv=a /worksheets?grade=3&topic=25
73c7da8297034ae885f2f12d9de66e68,https://static.wixstatic.com/ugd/d8e7ad_73c7da8297034ae885f2f12d9de66e68.pdf,200,application/pdf,62613,PASS,,G6 t=14 «נפח תיבה ומבנים» lv=a /worksheets?grade=6&topic=14
73dbb957351b4c4c818afc8694eedca8,https://static.wixstatic.com/ugd/d8e7ad_73dbb957351b4c4c818afc8694eedca8.pdf,200,application/pdf,61973,PASS,,G6 t=17 «דף סינתזה מדידות גאומטריה ופתרון רב שלבי» lv=b /worksheets?grade=6&topic=17
742b7aa6db284c24bd2d6a6ae55f653b,https://static.wixstatic.com/ugd/d8e7ad_742b7aa6db284c24bd2d6a6ae55f653b.pdf,200,application/pdf,107481,PASS,,G8 t=36 «חפיפת משולשים» lv=c /worksheets?grade=8&topic=36
743ea1ca16d146f887ce0ddd3f703ef6,https://static.wixstatic.com/ugd/d8e7ad_743ea1ca16d146f887ce0ddd3f703ef6.pdf,200,application/pdf,1385533,PASS,,G2 t=12 «קוראים טבלה ודיאגרמת עמודות» lv=c /worksheets?grade=2&topic=12
747baedcab3d41df85f6b1ec7335effe,https://static.wixstatic.com/ugd/d8e7ad_747baedcab3d41df85f6b1ec7335effe.pdf,200,application/pdf,175564,PASS,,G7 t=17 «מצולעים חופפים וטרנספורמציות» lv=a /worksheets?grade=7&topic=17
74b8bcb6d2a74c0fb6b5f34003a37334,https://static.wixstatic.com/ugd/d8e7ad_74b8bcb6d2a74c0fb6b5f34003a37334.pdf,200,application/pdf,101038,PASS,,G7 t=33 «משוואות ופתרונן חלק 1 — מבוא» lv=b /worksheets?grade=7&topic=33
74e2fb2a64b44672834bc3b45709efe2,https://static.wixstatic.com/ugd/d8e7ad_74e2fb2a64b44672834bc3b45709efe2.pdf,200,application/pdf,48762,PASS,,G9 t=35 «משפט פיתגורס» lv=c /worksheets?grade=9&topic=35
74e645e68d334cee8903eea3e9a492f5,https://static.wixstatic.com/ugd/d8e7ad_74e645e68d334cee8903eea3e9a492f5.pdf,200,application/pdf,196632,PASS,,G9 t=5 «הפונקציה הריבועית» lv=c /worksheets?grade=9&topic=5
74f50f6482714a08b168c9cf6daf3243,https://static.wixstatic.com/ugd/d8e7ad_74f50f6482714a08b168c9cf6daf3243.pdf,200,application/pdf,82256,PASS,,G3 t=13 «קווים וזוויות בצורות מוכרות» lv=b /worksheets?grade=3&topic=13
757e3ad1371f4909b7db99e9bb7f3534,https://static.wixstatic.com/ugd/d8e7ad_757e3ad1371f4909b7db99e9bb7f3534.pdf,200,application/pdf,108472,PASS,,G3 t=22 «מדידות אורך סמ ומטר» lv=b /worksheets?grade=3&topic=22
7613788163e34cfdbdf102bb21d98087,https://static.wixstatic.com/ugd/d8e7ad_7613788163e34cfdbdf102bb21d98087.pdf,200,application/pdf,69223,PASS,,G5 t=3 «כפל רב ספרתי ובדיקת סבירות» lv=b /worksheets?grade=5&topic=3
76be5b17412c473199ff77d617ebf751,https://static.wixstatic.com/ugd/d8e7ad_76be5b17412c473199ff77d617ebf751.pdf,200,application/pdf,93693,PASS,,G8 t=40 «משולש שווה שוקיים» lv=a /worksheets?grade=8&topic=40
77167bf796284fc2a9c7c5b2b32c9b8f,https://static.wixstatic.com/ugd/d8e7ad_77167bf796284fc2a9c7c5b2b32c9b8f.pdf,200,application/pdf,1085000,PASS,,G1 t=12 «חוקרים את לוח המאה» lv=b /worksheets?grade=1&topic=12
7779f3290cce45bf89d246941a821aaa,https://static.wixstatic.com/ugd/d8e7ad_7779f3290cce45bf89d246941a821aaa.pdf,200,application/pdf,82055,PASS,,G3 t=4 «אל הרבבה» lv=b /worksheets?grade=3&topic=4
778fce1f3d9f4514891be894c10a0abb,https://static.wixstatic.com/ugd/d8e7ad_778fce1f3d9f4514891be894c10a0abb.pdf,200,application/pdf,105263,PASS,,G9 t=1 «חוק הפילוג המורחב» lv=c /worksheets?grade=9&topic=1
77aadbfee73a4d2fa104c5f2bd2b637b,https://static.wixstatic.com/ugd/d8e7ad_77aadbfee73a4d2fa104c5f2bd2b637b.pdf,200,application/pdf,81841,PASS,,G6 t=18 «שבר עשרוני ואחוז שלושה ייצוגים לאותו מספר» lv=c /worksheets?grade=6&topic=18
77bee497e59e4727b225ff9fa3014372,https://static.wixstatic.com/ugd/d8e7ad_77bee497e59e4727b225ff9fa3014372.pdf,200,application/pdf,86470,PASS,,G7 t=25 «שכיחות» lv=b /worksheets?grade=7&topic=25
77f1d90c95694712ba8169f71d8bd632,https://static.wixstatic.com/ugd/d8e7ad_77f1d90c95694712ba8169f71d8bd632.pdf,200,application/pdf,178430,PASS,,G9 t=5 «הפונקציה הריבועית» lv=b /worksheets?grade=9&topic=5
78519b006ef14eb08824825e7dc11888,https://static.wixstatic.com/ugd/d8e7ad_78519b006ef14eb08824825e7dc11888.pdf,200,application/pdf,69722,PASS,,G5 t=11 «חיבור וחיסור שברים במכנים שונים» lv=c /worksheets?grade=5&topic=11
786fa82f879f42f9b6262b27b6fe60ac,https://static.wixstatic.com/ugd/d8e7ad_786fa82f879f42f9b6262b27b6fe60ac.pdf,200,application/pdf,73678,PASS,,G5 t=8 «שברים על ישר והשוואה» lv=b /worksheets?grade=5&topic=8
7993474ed2a344c0840f8ba278993112,https://static.wixstatic.com/ugd/d8e7ad_7993474ed2a344c0840f8ba278993112.pdf,200,application/pdf,404768,PASS,,G9 t=23 «מצולעים חופפים וטרנספורמציות — לכיתה ט׳» lv=b /worksheets?grade=9&topic=23
79b2904d275d4b1bb5b9ec7ad260c9f5,https://static.wixstatic.com/ugd/d8e7ad_79b2904d275d4b1bb5b9ec7ad260c9f5.pdf,200,application/pdf,53742,PASS,,G9 t=34 «פונקציה קווית» lv=c /worksheets?grade=9&topic=34
79cc6db7432d4fd6a683ef45980d4299,https://static.wixstatic.com/ugd/d8e7ad_79cc6db7432d4fd6a683ef45980d4299.pdf,200,application/pdf,90948,PASS,,G6 t=27 «חוקיות ופתרון בעיות רב שלביות» lv=a /worksheets?grade=6&topic=27
79e33ab35ac14f7c89703b88304565c3,https://static.wixstatic.com/ugd/d8e7ad_79e33ab35ac14f7c89703b88304565c3.pdf,200,application/pdf,1175073,PASS,,G2 t=7 «חיסור דו ספרתי ללא פריטה» lv=c /worksheets?grade=2&topic=7
7a0db3e48a5943efa8b359ad83527a9d,https://static.wixstatic.com/ugd/d8e7ad_7a0db3e48a5943efa8b359ad83527a9d.pdf,200,application/pdf,173613,PASS,,G8 t=31 «משוואת ישר» lv=b /worksheets?grade=8&topic=31
7a1677cade96484e9e99a12cd8a22d7a,https://static.wixstatic.com/ugd/d8e7ad_7a1677cade96484e9e99a12cd8a22d7a.pdf,200,application/pdf,1335985,PASS,,G2 t=13 «מאות עשרות ויחידות» lv=a /worksheets?grade=2&topic=13
7a2743f7e7fc40a3ad92cd5775b0b3c0,https://static.wixstatic.com/ugd/d8e7ad_7a2743f7e7fc40a3ad92cd5775b0b3c0.pdf,200,application/pdf,110950,PASS,,G8 t=19 «מושג הפונקציה» lv=b /worksheets?grade=8&topic=19
7a78894354e24eb78844cbef20cd0f3b,https://static.wixstatic.com/ugd/d8e7ad_7a78894354e24eb78844cbef20cd0f3b.pdf,200,application/pdf,79415,PASS,,G7 t=47 «מנסרה משולשת חלק 1 — מבנה ונפח» lv=a /worksheets?grade=7&topic=47
7a9d853a35664317b4f3ecf2156acf5f,https://static.wixstatic.com/ugd/d8e7ad_7a9d853a35664317b4f3ecf2156acf5f.pdf,200,application/pdf,119795,PASS,,G9 t=13 «המעוין» lv=c /worksheets?grade=9&topic=13
7ad8b30e2e8f4e64b089a3233e7e6beb,https://static.wixstatic.com/ugd/d8e7ad_7ad8b30e2e8f4e64b089a3233e7e6beb.pdf,200,application/pdf,59529,PASS,,G6 t=10 «חילוק מספרים עשרוניים» lv=c /worksheets?grade=6&topic=10
7af64cc15ad24446a4537764553ecb79,https://static.wixstatic.com/ugd/d8e7ad_7af64cc15ad24446a4537764553ecb79.pdf,200,application/pdf,76949,PASS,,G5 t=1 «תובנה מספרית כפל וחילוק בעשרות ומאות» lv=b /worksheets?grade=5&topic=1
7b55ca005f744c37824ee7da4f13c52b,https://static.wixstatic.com/ugd/d8e7ad_7b55ca005f744c37824ee7da4f13c52b.pdf,200,application/pdf,106206,PASS,,G8 t=21 «מעבר בין ייצוגים» lv=c /worksheets?grade=8&topic=21
7cbf69f5b9784a589c769fbcbbff4367,https://static.wixstatic.com/ugd/d8e7ad_7cbf69f5b9784a589c769fbcbbff4367.pdf,200,application/pdf,89591,PASS,,G8 t=50 «הסתברות — מרחב תוצאות» lv=b /worksheets?grade=8&topic=50
7ccc82cfdb244d588eb7ec0490737516,https://static.wixstatic.com/ugd/d8e7ad_7ccc82cfdb244d588eb7ec0490737516.pdf,200,application/pdf,211099,PASS,,"G7 t=11 «זוויות חלק 1 — היכרות, סימון ומדידה» lv=c /worksheets?grade=7&topic=11"
7cce3054ea8e4899ae903677c141f058,https://static.wixstatic.com/ugd/d8e7ad_7cce3054ea8e4899ae903677c141f058.pdf,200,application/pdf,535994,PASS,,G3 t=19 «מדידות זמן ומשקל» lv=b /worksheets?grade=3&topic=19
7cd1538324c14ae9b73e98c493b847cf,https://static.wixstatic.com/ugd/d8e7ad_7cd1538324c14ae9b73e98c493b847cf.pdf,200,application/pdf,73640,PASS,,G4 t=26 «סימטריה שיקופית וסיבובית» lv=c /worksheets?grade=4&topic=26
7cf739195a244b8aad4a77a4a35230b8,https://static.wixstatic.com/ugd/d8e7ad_7cf739195a244b8aad4a77a4a35230b8.pdf,200,application/pdf,53571,PASS,,G9 t=45 «הפרש ריבועים» lv=b /worksheets?grade=9&topic=45
7d8f7aa1d3c743f896c9ddddb943355e,https://static.wixstatic.com/ugd/d8e7ad_7d8f7aa1d3c743f896c9ddddb943355e.pdf,200,application/pdf,126539,PASS,,G7 t=16 «משולש שווה־צלעות — העמקה ורשות» lv=one /worksheets?grade=7&topic=16
7d942e2631264d10b4b66329c8befd88,https://static.wixstatic.com/ugd/d8e7ad_7d942e2631264d10b4b66329c8befd88.pdf,200,application/pdf,95385,PASS,,G7 t=36 «מפשטים ואז פותרים» lv=c /worksheets?grade=7&topic=36
7def3a0c711240ff9040ab12d0a175a5,https://static.wixstatic.com/ugd/d8e7ad_7def3a0c711240ff9040ab12d0a175a5.pdf,200,application/pdf,1099588,PASS,,G1 t=4 «מרכיבים ומפרקים עד 10» lv=b /worksheets?grade=1&topic=4
7e0abedb940449d684f2af1ec1ca95a1,https://static.wixstatic.com/ugd/d8e7ad_7e0abedb940449d684f2af1ec1ca95a1.pdf,200,application/pdf,2551380,PASS,,G1 t=19 «מרכיבים ומפרקים» lv=a /worksheets?grade=1&topic=19
7e2b555b1e7044aaa81d5661db940da0,https://static.wixstatic.com/ugd/d8e7ad_7e2b555b1e7044aaa81d5661db940da0.pdf,200,application/pdf,80789,PASS,,G3 t=3 «סדרות ואיתור טעות» lv=b /worksheets?grade=3&topic=3
7e7c36bd45ec4b75bb1fe791a3056c2e,https://static.wixstatic.com/ugd/d8e7ad_7e7c36bd45ec4b75bb1fe791a3056c2e.pdf,200,application/pdf,65161,PASS,,G4 t=22 «שטח והיקף של מלבן וריבוע» lv=c /worksheets?grade=4&topic=22
7ea0b53881f44c21afaaf20c149605f5,https://static.wixstatic.com/ugd/d8e7ad_7ea0b53881f44c21afaaf20c149605f5.pdf,200,application/pdf,77877,PASS,,G8 t=24 «החציון» lv=c /worksheets?grade=8&topic=24
7f133278fe38497884f68569c5e4451d,https://static.wixstatic.com/ugd/d8e7ad_7f133278fe38497884f68569c5e4451d.pdf,200,application/pdf,96829,PASS,,G4 t=21 «יחידות אורך והמרות» lv=b /worksheets?grade=4&topic=21
7f33f448709344a8a2b59c8eaf82ce99,https://static.wixstatic.com/ugd/d8e7ad_7f33f448709344a8a2b59c8eaf82ce99.pdf,200,application/pdf,96917,PASS,,G7 t=14 «סכום הזוויות במשולש ובמרובע» lv=c /worksheets?grade=7&topic=14
7fd0038b766a4bc9b2fbfd051384e10a,https://static.wixstatic.com/ugd/d8e7ad_7fd0038b766a4bc9b2fbfd051384e10a.pdf,200,application/pdf,70190,PASS,,G4 t=14 «התחלקות וגורמים» lv=c /worksheets?grade=4&topic=14
8207640e48594b30866254ec1b4e53ed,https://static.wixstatic.com/ugd/d8e7ad_8207640e48594b30866254ec1b4e53ed.pdf,200,application/pdf,2858638,PASS,,G1 t=21 «נתונים» lv=a /worksheets?grade=1&topic=21
825ce7b3e65445b08183b39a206c6df9,https://static.wixstatic.com/ugd/d8e7ad_825ce7b3e65445b08183b39a206c6df9.pdf,200,application/pdf,112795,PASS,,G8 t=29 «פונקציה קווית» lv=b /worksheets?grade=8&topic=29
82731f6bb0ea47a1b634e947ae150a51,https://static.wixstatic.com/ugd/d8e7ad_82731f6bb0ea47a1b634e947ae150a51.pdf,200,application/pdf,63467,PASS,,G5 t=25 «שטח והיקף של מלבנים וריבועים» lv=a /worksheets?grade=5&topic=25
82a5285c2446440f8ab8ef4aad7b6cd3,https://static.wixstatic.com/ugd/d8e7ad_82a5285c2446440f8ab8ef4aad7b6cd3.pdf,200,application/pdf,79319,PASS,,G8 t=23 «הממוצע» lv=b /worksheets?grade=8&topic=23
82a5fb61ee63421c95ecdce03e96eade,https://static.wixstatic.com/ugd/d8e7ad_82a5fb61ee63421c95ecdce03e96eade.pdf,200,application/pdf,822438,PASS,,G1 t=14 «בעיות מילוליות בציור ובמספר» lv=b /worksheets?grade=1&topic=14
82b0f92f0e0b4521a4b24e05e05b5e68,https://static.wixstatic.com/ugd/d8e7ad_82b0f92f0e0b4521a4b24e05e05b5e68.pdf,200,application/pdf,78662,PASS,,G8 t=48 «מערכות — פתרון אלגברי» lv=c /worksheets?grade=8&topic=48
83109f8e238549a3bdc19f79108144cb,https://static.wixstatic.com/ugd/d8e7ad_83109f8e238549a3bdc19f79108144cb.pdf,200,application/pdf,96451,PASS,,G6 t=1 «כפל שבר במספר שלם» lv=a /worksheets?grade=6&topic=1
831390f8e9504f2db0958e01d8d5fe71,https://static.wixstatic.com/ugd/d8e7ad_831390f8e9504f2db0958e01d8d5fe71.pdf,200,application/pdf,131301,PASS,,G8 t=43 «דמיון משולשים» lv=a /worksheets?grade=8&topic=43
8356de8c0bfe4b92937091bab7347a03,https://static.wixstatic.com/ugd/d8e7ad_8356de8c0bfe4b92937091bab7347a03.pdf,200,application/pdf,2722398,PASS,,G1 t=18 «ריבוע ומלבן» lv=a /worksheets?grade=1&topic=18
8429207575cb4e129439efa5ca3a3191,https://static.wixstatic.com/ugd/d8e7ad_8429207575cb4e129439efa5ca3a3191.pdf,200,application/pdf,112570,PASS,,G7 t=33 «משוואות ופתרונן חלק 1 — מבוא» lv=c /worksheets?grade=7&topic=33
8437303834c1443aa2595639d937c0af,https://static.wixstatic.com/ugd/d8e7ad_8437303834c1443aa2595639d937c0af.pdf,200,application/pdf,89266,PASS,,G7 t=23 «הצבה בביטויים אלגבריים» lv=b /worksheets?grade=7&topic=23
8450b90c1f314bf48b4262f4a5a4e948,https://static.wixstatic.com/ugd/d8e7ad_8450b90c1f314bf48b4262f4a5a4e948.pdf,200,application/pdf,1106332,PASS,,G1 t=16 «קבוצות שוות וחיבור חוזר» lv=c /worksheets?grade=1&topic=16
8482661bf8064a19825e8433087b86df,https://static.wixstatic.com/ugd/d8e7ad_8482661bf8064a19825e8433087b86df.pdf,200,application/pdf,1087713,PASS,,G1 t=5 «חיבור בתחום 10» lv=a /worksheets?grade=1&topic=5
858f257962a94f04adf6327e7093592f,https://static.wixstatic.com/ugd/d8e7ad_858f257962a94f04adf6327e7093592f.pdf,200,application/pdf,94927,PASS,,G4 t=31 «דף סיכום אינטגרטיבי לכיתה ד» lv=c /worksheets?grade=4&topic=31
85be0c2282a34d91b2fbdf474237077d,https://static.wixstatic.com/ugd/d8e7ad_85be0c2282a34d91b2fbdf474237077d.pdf,200,application/pdf,93417,PASS,,G6 t=17 «דף סינתזה מדידות גאומטריה ופתרון רב שלבי» lv=c /worksheets?grade=6&topic=17
85ff43db693a4fdd8d6f785619a52558,https://static.wixstatic.com/ugd/d8e7ad_85ff43db693a4fdd8d6f785619a52558.pdf,200,application/pdf,1177043,PASS,,G2 t=18 «חילוק לחלקים שווים» lv=b /worksheets?grade=2&topic=18
86a563a229964377b0408693e1d4584a,https://static.wixstatic.com/ugd/d8e7ad_86a563a229964377b0408693e1d4584a.pdf,200,application/pdf,71807,PASS,,G8 t=2 «משוואות ליניאריות» lv=b /worksheets?grade=8&topic=2
86fee50806ab4f2bb085a2874548e622,https://static.wixstatic.com/ugd/d8e7ad_86fee50806ab4f2bb085a2874548e622.pdf,200,application/pdf,1085681,PASS,,G1 t=5 «חיבור בתחום 10» lv=c /worksheets?grade=1&topic=5
871fe90d52a04673a7d30fc039e4bf2e,https://static.wixstatic.com/ugd/d8e7ad_871fe90d52a04673a7d30fc039e4bf2e.pdf,200,application/pdf,169739,PASS,,G9 t=29 «שטחים ב׳ חלק 2 — מצולעים מורכבים — לכיתה ט׳» lv=c /worksheets?grade=9&topic=29
8768da1fb9c44b828daf3a58aeb1448b,https://static.wixstatic.com/ugd/d8e7ad_8768da1fb9c44b828daf3a58aeb1448b.pdf,200,application/pdf,71847,PASS,,G5 t=10 «מכנה משותף בחירה יעילה» lv=c /worksheets?grade=5&topic=10
87966d2e33c9457da7a9b8edec626621,https://static.wixstatic.com/ugd/d8e7ad_87966d2e33c9457da7a9b8edec626621.pdf,200,application/pdf,84665,PASS,,G7 t=48 «מנסרה משולשת חלק 2 — שטח פנים» lv=c /worksheets?grade=7&topic=48
87f441dba2a948d7bf4cd12105090a5a,https://static.wixstatic.com/ugd/d8e7ad_87f441dba2a948d7bf4cd12105090a5a.pdf,200,application/pdf,80679,PASS,,G9 t=8 «אי־שוויונות ריבועיים ומערכות משוואות» lv=a /worksheets?grade=9&topic=8
882bc55c1c8748e1bf7f416c6d2cbd19,https://static.wixstatic.com/ugd/d8e7ad_882bc55c1c8748e1bf7f416c6d2cbd19.pdf,200,application/pdf,117659,PASS,,G8 t=43 «דמיון משולשים» lv=b /worksheets?grade=8&topic=43
887a0729bda64d8d81eb1c033e4d167e,https://static.wixstatic.com/ugd/d8e7ad_887a0729bda64d8d81eb1c033e4d167e.pdf,200,application/pdf,2531686,PASS,,G1 t=18 «ריבוע ומלבן» lv=b /worksheets?grade=1&topic=18
889384e085ab494789e861613537fb2f,https://static.wixstatic.com/ugd/d8e7ad_889384e085ab494789e861613537fb2f.pdf,200,application/pdf,82531,PASS,,G4 t=16 «מקבילים ומאונכים בצורות» lv=c /worksheets?grade=4&topic=16
8896327abb7a4d4fa8ed20aac2863dd2,https://static.wixstatic.com/ugd/d8e7ad_8896327abb7a4d4fa8ed20aac2863dd2.pdf,200,application/pdf,103205,PASS,,G9 t=1 «חוק הפילוג המורחב» lv=a /worksheets?grade=9&topic=1
88bee65cef714a71a678d5f677d29de4,https://static.wixstatic.com/ugd/d8e7ad_88bee65cef714a71a678d5f677d29de4.pdf,200,application/pdf,84963,PASS,,G8 t=18 «דיאגרמת עוגה» lv=c /worksheets?grade=8&topic=18
88d6e46a52b04928b5a42bf5b9897959,https://static.wixstatic.com/ugd/d8e7ad_88d6e46a52b04928b5a42bf5b9897959.pdf,200,application/pdf,155585,PASS,,G9 t=24 «פיתגורס חלק 1 — היכרות וחישוב — לכיתה ט׳» lv=b /worksheets?grade=9&topic=24
88ef879d37d7440e9bdd7d065de80783,https://static.wixstatic.com/ugd/d8e7ad_88ef879d37d7440e9bdd7d065de80783.pdf,200,application/pdf,85753,PASS,,G7 t=32 «מהו פתרון של משוואה» lv=b /worksheets?grade=7&topic=32
88f49314d9c2498f9c86302eb3b0c373,https://static.wixstatic.com/ugd/d8e7ad_88f49314d9c2498f9c86302eb3b0c373.pdf,200,application/pdf,537036,PASS,,G3 t=19 «מדידות זמן ומשקל» lv=c /worksheets?grade=3&topic=19
88fd2c8e7b7344108109d63c556ca435,https://static.wixstatic.com/ugd/d8e7ad_88fd2c8e7b7344108109d63c556ca435.pdf,200,application/pdf,96862,PASS,,G6 t=6 «משמעות חילוק שברים» lv=c /worksheets?grade=6&topic=6
88fdc091ceb04702a8c386094cb97627,https://static.wixstatic.com/ugd/d8e7ad_88fdc091ceb04702a8c386094cb97627.pdf,200,application/pdf,87761,PASS,,G6 t=15 «קיבול סמק ליטר ומק» lv=a /worksheets?grade=6&topic=15
88febedf1f964eef9bb04ad189ada3d4,https://static.wixstatic.com/ugd/d8e7ad_88febedf1f964eef9bb04ad189ada3d4.pdf,200,application/pdf,83611,PASS,,G4 t=24 «זמן ומשקל המרות ויישום» lv=c /worksheets?grade=4&topic=24
89548da67a6c4bcc9b284fab93cba94c,https://static.wixstatic.com/ugd/d8e7ad_89548da67a6c4bcc9b284fab93cba94c.pdf,200,application/pdf,70236,PASS,,G8 t=7 «בעיות אחוזים» lv=c /worksheets?grade=8&topic=7
898010bb7046401da0c8499f43e4081e,https://static.wixstatic.com/ugd/d8e7ad_898010bb7046401da0c8499f43e4081e.pdf,200,application/pdf,45119,PASS,,G9 t=36 «קריאת גרפים» lv=c /worksheets?grade=9&topic=36
898561fe73b9404fb5074fe8fc463292,https://static.wixstatic.com/ugd/d8e7ad_898561fe73b9404fb5074fe8fc463292.pdf,200,application/pdf,169655,PASS,,G9 t=28 «שטחים ב׳ חלק 1 — מקבילית וטרפז — לכיתה ט׳» lv=c /worksheets?grade=9&topic=28
89d6ffb21a134d319ead83904817acb5,https://static.wixstatic.com/ugd/d8e7ad_89d6ffb21a134d319ead83904817acb5.pdf,200,application/pdf,1065339,PASS,,G2 t=6 «חיבור דו ספרתי עם המרה» lv=a /worksheets?grade=2&topic=6
89fbc35e9f5c4e3480794c2589f2003b,https://static.wixstatic.com/ugd/d8e7ad_89fbc35e9f5c4e3480794c2589f2003b.pdf,200,application/pdf,94886,PASS,,G8 t=10 «שורש ריבועי» lv=c /worksheets?grade=8&topic=10
8a2718a7bd0c4e01a7900013b4ad3876,https://static.wixstatic.com/ugd/d8e7ad_8a2718a7bd0c4e01a7900013b4ad3876.pdf,200,application/pdf,295582,PASS,,G3 t=4 «אל הרבבה» lv=c /worksheets?grade=3&topic=4
8a4f98e856284beaa2cc80e68c3a68b8,https://static.wixstatic.com/ugd/d8e7ad_8a4f98e856284beaa2cc80e68c3a68b8.pdf,200,application/pdf,79336,PASS,,G9 t=8 «אי־שוויונות ריבועיים ומערכות משוואות» lv=b /worksheets?grade=9&topic=8
8b1c151fd0c945a08b8599785f3e63da,https://static.wixstatic.com/ugd/d8e7ad_8b1c151fd0c945a08b8599785f3e63da.pdf,200,application/pdf,86929,PASS,,G7 t=15 «משולשים מיוחדים» lv=c /worksheets?grade=7&topic=15
8b48931495a047dda84f77d29f1a57cb,https://static.wixstatic.com/ugd/d8e7ad_8b48931495a047dda84f77d29f1a57cb.pdf,200,application/pdf,63735,PASS,,G4 t=13 «שברים שקולים ייצוגים השוואה וישר מספרים» lv=c /worksheets?grade=4&topic=13
8b899263461041b192021b30fdfb26fe,https://static.wixstatic.com/ugd/d8e7ad_8b899263461041b192021b30fdfb26fe.pdf,200,application/pdf,182190,PASS,,G8 t=47 «מערכות — חיתוך גרפי» lv=a /worksheets?grade=8&topic=47
8b8a3d3c0dd04a098a31beca631fbbc8,https://static.wixstatic.com/ugd/d8e7ad_8b8a3d3c0dd04a098a31beca631fbbc8.pdf,200,application/pdf,2849340,PASS,,G1 t=20 «שעה שלמה» lv=a /worksheets?grade=1&topic=20
8ba146288121421caa89fea26af67740,https://static.wixstatic.com/ugd/d8e7ad_8ba146288121421caa89fea26af67740.pdf,200,application/pdf,91867,PASS,,G9 t=14 «הריבוע» lv=b /worksheets?grade=9&topic=14
8be63237709b4eb1a5574b8f65097850,https://static.wixstatic.com/ugd/d8e7ad_8be63237709b4eb1a5574b8f65097850.pdf,200,application/pdf,64131,PASS,,G5 t=31 «שטח משולש בסיס וגובה» lv=c /worksheets?grade=5&topic=31
8ce5045097ae4b5685a0ac5425e8fdca,https://static.wixstatic.com/ugd/d8e7ad_8ce5045097ae4b5685a0ac5425e8fdca.pdf,200,application/pdf,76115,PASS,,G5 t=15 «השלמת שברים ופעולות הפוכות» lv=a /worksheets?grade=5&topic=15
8d57063b0d8245ec92d3427f35721d45,https://static.wixstatic.com/ugd/d8e7ad_8d57063b0d8245ec92d3427f35721d45.pdf,200,application/pdf,128825,PASS,,G8 t=21 «מעבר בין ייצוגים» lv=a /worksheets?grade=8&topic=21
8de3a79f1de542918fcd20fb037f05eb,https://static.wixstatic.com/ugd/d8e7ad_8de3a79f1de542918fcd20fb037f05eb.pdf,200,application/pdf,72942,PASS,,G8 t=24 «החציון» lv=a /worksheets?grade=8&topic=24
8df0665dfc3d4a6b94b3a60f383a3c28,https://static.wixstatic.com/ugd/d8e7ad_8df0665dfc3d4a6b94b3a60f383a3c28.pdf,200,application/pdf,83493,PASS,,G7 t=28 «הסתברות — היכרות» lv=b /worksheets?grade=7&topic=28
8e0207e52c854a6a95418b1353587174,https://static.wixstatic.com/ugd/d8e7ad_8e0207e52c854a6a95418b1353587174.pdf,200,application/pdf,1391188,PASS,,G2 t=14 «ממיינים ומשווים מספרים עד 1000» lv=c /worksheets?grade=2&topic=14
8e770368a7e24c6c8324edd1883a798e,https://static.wixstatic.com/ugd/d8e7ad_8e770368a7e24c6c8324edd1883a798e.pdf,200,application/pdf,84584,PASS,,G4 t=7 «סדר פעולות חשבון» lv=a /worksheets?grade=4&topic=7
8e879dcbdd7a44b790bf3f7139c39cbd,https://static.wixstatic.com/ugd/d8e7ad_8e879dcbdd7a44b790bf3f7139c39cbd.pdf,200,application/pdf,73144,PASS,,G9 t=3 «צמצום שברים אלגבריים» lv=c /worksheets?grade=9&topic=3
8ef7dfbb350a4928a398258415f2f192,https://static.wixstatic.com/ugd/d8e7ad_8ef7dfbb350a4928a398258415f2f192.pdf,200,application/pdf,116380,PASS,,G6 t=5 «כפל שברים יישום ובקרה» lv=c /worksheets?grade=6&topic=5
8f1a456bddbf4da1823d873cadd80bc0,https://static.wixstatic.com/ugd/d8e7ad_8f1a456bddbf4da1823d873cadd80bc0.pdf,200,application/pdf,110264,PASS,,G4 t=24 «זמן ומשקל המרות ויישום» lv=a /worksheets?grade=4&topic=24
8f879a4de7ae40c3a8a95b01cc4228b0,https://static.wixstatic.com/ugd/d8e7ad_8f879a4de7ae40c3a8a95b01cc4228b0.pdf,200,application/pdf,87187,PASS,,G4 t=7 «סדר פעולות חשבון» lv=c /worksheets?grade=4&topic=7
8fde5d2774f849bab4c8176a77594451,https://static.wixstatic.com/ugd/d8e7ad_8fde5d2774f849bab4c8176a77594451.pdf,200,application/pdf,115777,PASS,,G4 t=8 «חוק הפילוג ומכפלות חלקיות» lv=c /worksheets?grade=4&topic=8
9078d06d3dfb4a45a9f52cb1d2d41eb3,https://static.wixstatic.com/ugd/d8e7ad_9078d06d3dfb4a45a9f52cb1d2d41eb3.pdf,200,application/pdf,227169,PASS,,G8 t=47 «מערכות — חיתוך גרפי» lv=b /worksheets?grade=8&topic=47
90a621ac2acd4e13972ff8d64a5cad58,https://static.wixstatic.com/ugd/d8e7ad_90a621ac2acd4e13972ff8d64a5cad58.pdf,200,application/pdf,2595850,PASS,,G1 t=17 «מצולעים» lv=c /worksheets?grade=1&topic=17
91d3c7a866f04334b0bf4e219d55531b,https://static.wixstatic.com/ugd/d8e7ad_91d3c7a866f04334b0bf4e219d55531b.pdf,200,application/pdf,73450,PASS,,G8 t=23 «הממוצע» lv=a /worksheets?grade=8&topic=23
91def8012efb44c9bdd092522fa576d6,https://static.wixstatic.com/ugd/d8e7ad_91def8012efb44c9bdd092522fa576d6.pdf,200,application/pdf,185017,PASS,,G7 t=8 «מערכת צירים — היכרות וקנה מידה» lv=a /worksheets?grade=7&topic=8
923bc1787a37463e89a2de303fc0a998,https://static.wixstatic.com/ugd/d8e7ad_923bc1787a37463e89a2de303fc0a998.pdf,200,application/pdf,92446,PASS,,G8 t=40 «משולש שווה שוקיים» lv=b /worksheets?grade=8&topic=40
925868b9f4b940898274eba615f23668,https://static.wixstatic.com/ugd/d8e7ad_925868b9f4b940898274eba615f23668.pdf,200,application/pdf,1497744,PASS,,G2 t=9 «אסטרטגיות חישוב אומדן ופיצוי» lv=c /worksheets?grade=2&topic=9
92c54eeada9747f8bdcd2d4d5dbff37b,https://static.wixstatic.com/ugd/d8e7ad_92c54eeada9747f8bdcd2d4d5dbff37b.pdf,200,application/pdf,1111667,PASS,,G2 t=30 «סיכום מספרים פעולות וייצוגים» lv=b /worksheets?grade=2&topic=30
92f2188824954405a7eb673878682c77,https://static.wixstatic.com/ugd/d8e7ad_92f2188824954405a7eb673878682c77.pdf,200,application/pdf,88466,PASS,,G4 t=31 «דף סיכום אינטגרטיבי לכיתה ד» lv=b /worksheets?grade=4&topic=31
92fa92fa27c54e6f9dbd1844ff974f4a,https://static.wixstatic.com/ugd/d8e7ad_92fa92fa27c54e6f9dbd1844ff974f4a.pdf,200,application/pdf,48997,PASS,,G9 t=18 «בעיות מילוליות» lv=a /worksheets?grade=9&topic=18
93024cad97864567b17f16023aec04ed,https://static.wixstatic.com/ugd/d8e7ad_93024cad97864567b17f16023aec04ed.pdf,200,application/pdf,1122144,PASS,,G1 t=1 «מונים בלי לפספס» lv=b /worksheets?grade=1&topic=1
932ac8f7a0b446dc8f3054082f99af68,https://static.wixstatic.com/ugd/d8e7ad_932ac8f7a0b446dc8f3054082f99af68.pdf,200,application/pdf,1151027,PASS,,G2 t=10 «שוויון ומספר חסר» lv=a /worksheets?grade=2&topic=10
933a9edea1c14d7995f78b7c6bc07ad6,https://static.wixstatic.com/ugd/d8e7ad_933a9edea1c14d7995f78b7c6bc07ad6.pdf,200,application/pdf,527768,PASS,,G3 t=14 «מצולעים צלעות וקודקודים» lv=c /worksheets?grade=3&topic=14
9368ab7efd874203bf1b2af0a856095f,https://static.wixstatic.com/ugd/d8e7ad_9368ab7efd874203bf1b2af0a856095f.pdf,200,application/pdf,82457,PASS,,G3 t=13 «קווים וזוויות בצורות מוכרות» lv=a /worksheets?grade=3&topic=13
936cac05d06c47c7ba47dcd41d8b7329,https://static.wixstatic.com/ugd/d8e7ad_936cac05d06c47c7ba47dcd41d8b7329.pdf,200,application/pdf,49110,PASS,,G9 t=34 «פונקציה קווית» lv=b /worksheets?grade=9&topic=34
9393231770ca4aceabbcc28b59498533,https://static.wixstatic.com/ugd/d8e7ad_9393231770ca4aceabbcc28b59498533.pdf,200,application/pdf,85190,PASS,,G5 t=21 «המרות יחידות ומדידת משקל» lv=c /worksheets?grade=5&topic=21
93ebe0eb0303457bb305b41577498037,https://static.wixstatic.com/ugd/d8e7ad_93ebe0eb0303457bb305b41577498037.pdf,200,application/pdf,1190094,PASS,,G2 t=1 «חוזרים להרכבות 10 ו 20» lv=a /worksheets?grade=2&topic=1
9488f7dcddd24a508514c95b3b6346a9,https://static.wixstatic.com/ugd/d8e7ad_9488f7dcddd24a508514c95b3b6346a9.pdf,200,application/pdf,76288,PASS,,G8 t=3 «מכנים מספריים» lv=a /worksheets?grade=8&topic=3
948a3944cc3245228f701c916681ac49,https://static.wixstatic.com/ugd/d8e7ad_948a3944cc3245228f701c916681ac49.pdf,200,application/pdf,174702,PASS,,G9 t=4 «משולש שווה שוקיים» lv=b /worksheets?grade=9&topic=4
94b1dc9902014d0992cdfcf1449ce3af,https://static.wixstatic.com/ugd/d8e7ad_94b1dc9902014d0992cdfcf1449ce3af.pdf,200,application/pdf,140810,PASS,,G8 t=54 «פיתגורס במרחב» lv=c /worksheets?grade=8&topic=54
957eae726e9b4a838f3fc3315486241f,https://static.wixstatic.com/ugd/d8e7ad_957eae726e9b4a838f3fc3315486241f.pdf,200,application/pdf,91370,PASS,,G7 t=38 «סוגריים וחוק הפילוג» lv=a /worksheets?grade=7&topic=38
96210fe573df48cc9403e182900b67a7,https://static.wixstatic.com/ugd/d8e7ad_96210fe573df48cc9403e182900b67a7.pdf,200,application/pdf,1256340,PASS,,G2 t=13 «מאות עשרות ויחידות» lv=b /worksheets?grade=2&topic=13
968752bfd6074645b5a594c1f0b6ce08,https://static.wixstatic.com/ugd/d8e7ad_968752bfd6074645b5a594c1f0b6ce08.pdf,200,application/pdf,129072,PASS,,G8 t=39 «זווית חיצונית» lv=a /worksheets?grade=8&topic=39
96d53ded6e0044dfb07e32ef87d7941f,https://static.wixstatic.com/ugd/d8e7ad_96d53ded6e0044dfb07e32ef87d7941f.pdf,200,application/pdf,94865,PASS,,G6 t=8 «כפל וחילוק שברים בחירת פעולה» lv=b /worksheets?grade=6&topic=8
972a0329aa4d422abeb985816a36db35,https://static.wixstatic.com/ugd/d8e7ad_972a0329aa4d422abeb985816a36db35.pdf,200,application/pdf,69869,PASS,,G5 t=7 «חזרה על משמעות השבר וייצוגיו» lv=b /worksheets?grade=5&topic=7
9764420460f84628acbffb2ea2ee53a5,https://static.wixstatic.com/ugd/d8e7ad_9764420460f84628acbffb2ea2ee53a5.pdf,200,application/pdf,80881,PASS,,"G9 t=43 «פירוק לגורמים 3 — פירוק מלא, משוואות ושברים אלגבריים» lv=c /worksheets?grade=9&topic=43"
97a78f8ad7e14537964b08fd496ca8ad,https://static.wixstatic.com/ugd/d8e7ad_97a78f8ad7e14537964b08fd496ca8ad.pdf,200,application/pdf,89819,PASS,,G4 t=27 «זוויות וקווים במישור» lv=b /worksheets?grade=4&topic=27
986094aab49a40c2896c5c9707eb1f9b,https://static.wixstatic.com/ugd/d8e7ad_986094aab49a40c2896c5c9707eb1f9b.pdf,200,application/pdf,507948,PASS,,G7 t=1 «מספרים מכוונים — ישר המספרים וערך מוחלט» lv=b /worksheets?grade=7&topic=1
9925cef7cc404df088bba756e8ca30d0,https://static.wixstatic.com/ugd/d8e7ad_9925cef7cc404df088bba756e8ca30d0.pdf,200,application/pdf,91112,PASS,,G7 t=23 «הצבה בביטויים אלגבריים» lv=c /worksheets?grade=7&topic=23
993467c2757a4950abd2a0237f18a48c,https://static.wixstatic.com/ugd/d8e7ad_993467c2757a4950abd2a0237f18a48c.pdf,200,application/pdf,113675,PASS,,G8 t=65 «הוכחות בחפיפת משולשים» lv=b /worksheets?grade=8&topic=65
993862a7e55342d38e89fd9cd322dfcf,https://static.wixstatic.com/ugd/d8e7ad_993862a7e55342d38e89fd9cd322dfcf.pdf,200,application/pdf,828632,PASS,,G1 t=14 «בעיות מילוליות בציור ובמספר» lv=a /worksheets?grade=1&topic=14
993bf42ff0524dda8add2700cbef70cd,https://static.wixstatic.com/ugd/d8e7ad_993bf42ff0524dda8add2700cbef70cd.pdf,200,application/pdf,77141,PASS,,G8 t=22 «טווח הנתונים» lv=b /worksheets?grade=8&topic=22
99b4074f98d34a2ab569fbfb4b1a9f9f,https://static.wixstatic.com/ugd/d8e7ad_99b4074f98d34a2ab569fbfb4b1a9f9f.pdf,200,application/pdf,221195,PASS,,G8 t=30 «חיתוך צירים» lv=b /worksheets?grade=8&topic=30
99fd66960e1345d89eb2be9e6cc0cee1,https://static.wixstatic.com/ugd/d8e7ad_99fd66960e1345d89eb2be9e6cc0cee1.pdf,200,application/pdf,98357,PASS,,G8 t=17 «עמודות ופיקטוגרמות» lv=a /worksheets?grade=8&topic=17
9a4a52fdde994bc09ed26d64f1a60e91,https://static.wixstatic.com/ugd/d8e7ad_9a4a52fdde994bc09ed26d64f1a60e91.pdf,200,application/pdf,76729,PASS,,G4 t=23 «שטח והיקף של צורות מורכבות» lv=c /worksheets?grade=4&topic=23
9a5e20e3bc8348d58aa35fd2f91c7863,https://static.wixstatic.com/ugd/d8e7ad_9a5e20e3bc8348d58aa35fd2f91c7863.pdf,200,application/pdf,165359,PASS,,G9 t=28 «שטחים ב׳ חלק 1 — מקבילית וטרפז — לכיתה ט׳» lv=b /worksheets?grade=9&topic=28
9aac4b55e7524b429cb7d222dda40612,https://static.wixstatic.com/ugd/d8e7ad_9aac4b55e7524b429cb7d222dda40612.pdf,200,application/pdf,1073474,PASS,,G1 t=7 «בונים 20 דרך 10» lv=c /worksheets?grade=1&topic=7
9afd181d018240c7a4421edf5cacf1d7,https://static.wixstatic.com/ugd/d8e7ad_9afd181d018240c7a4421edf5cacf1d7.pdf,200,application/pdf,62129,PASS,,G6 t=14 «נפח תיבה ומבנים» lv=b /worksheets?grade=6&topic=14
9b30a9dde8a54935a7f928d804158983,https://static.wixstatic.com/ugd/d8e7ad_9b30a9dde8a54935a7f928d804158983.pdf,200,application/pdf,1334938,PASS,,G2 t=17 «חילוק להכלה» lv=c /worksheets?grade=2&topic=17
9b384b81ac59432382296203e0478944,https://static.wixstatic.com/ugd/d8e7ad_9b384b81ac59432382296203e0478944.pdf,200,application/pdf,1380290,PASS,,G2 t=19 «משפחת כפל וחילוק» lv=c /worksheets?grade=2&topic=19
9b5453934a0c4305973fc7473f228cbf,https://static.wixstatic.com/ugd/d8e7ad_9b5453934a0c4305973fc7473f228cbf.pdf,200,application/pdf,110622,PASS,,G9 t=6 «משוואות ריבועיות ונוסחת השורשים» lv=a /worksheets?grade=9&topic=6
9bc70aca2e45443ba589470f6b69dba5,https://static.wixstatic.com/ugd/d8e7ad_9bc70aca2e45443ba589470f6b69dba5.pdf,200,application/pdf,69027,PASS,,G5 t=5 «גורמים ראשוניים ופריקים» lv=a /worksheets?grade=5&topic=5
9c2cdff6b0ce42abb551303df3d304cc,https://static.wixstatic.com/ugd/d8e7ad_9c2cdff6b0ce42abb551303df3d304cc.pdf,200,application/pdf,111648,PASS,,G7 t=31 «נקודות על גרף ברביע הראשון» lv=b /worksheets?grade=7&topic=31
9c51d628e5bf4f80867f11dd880056b7,https://static.wixstatic.com/ugd/d8e7ad_9c51d628e5bf4f80867f11dd880056b7.pdf,200,application/pdf,63067,PASS,,G4 t=13 «שברים שקולים ייצוגים השוואה וישר מספרים» lv=b /worksheets?grade=4&topic=13
9c95b48e57124721b4c2b56d79cf72ba,https://static.wixstatic.com/ugd/d8e7ad_9c95b48e57124721b4c2b56d79cf72ba.pdf,200,application/pdf,114258,PASS,,G9 t=29 «שטחים ב׳ חלק 2 — מצולעים מורכבים — לכיתה ט׳» lv=b /worksheets?grade=9&topic=29
9cc828f0a95545a5914b218815193f85,https://static.wixstatic.com/ugd/d8e7ad_9cc828f0a95545a5914b218815193f85.pdf,200,application/pdf,145174,PASS,,G7 t=9 «הרחבת מערכת הצירים חלק 1» lv=a /worksheets?grade=7&topic=9
9d3d0401daa04cc3be88e8808c3b40e6,https://static.wixstatic.com/ugd/d8e7ad_9d3d0401daa04cc3be88e8808c3b40e6.pdf,200,application/pdf,308258,PASS,,G3 t=21 «חילוק ובדיקה בכפל» lv=a /worksheets?grade=3&topic=21
9db72eb2e73843ad883097dfe7052e88,https://static.wixstatic.com/ugd/d8e7ad_9db72eb2e73843ad883097dfe7052e88.pdf,200,application/pdf,69265,PASS,,G4 t=4 «חיסור רב ספרתי בטור» lv=a /worksheets?grade=4&topic=4
9e43bc9407354193a8f413f0fc742d01,https://static.wixstatic.com/ugd/d8e7ad_9e43bc9407354193a8f413f0fc742d01.pdf,200,application/pdf,343884,PASS,,G2 t=21 «זוגי אי זוגי וסדרות א» lv=b /worksheets?grade=2&topic=21
9e8d4d3e97f2412988e5f8fed4039d04,https://static.wixstatic.com/ugd/d8e7ad_9e8d4d3e97f2412988e5f8fed4039d04.pdf,200,application/pdf,1036174,PASS,,G1 t=22 «בעיות מילוליות פשוטות» lv=b /worksheets?grade=1&topic=22
9f2d74bca9b74a22a17156cfcf2866ce,https://static.wixstatic.com/ugd/d8e7ad_9f2d74bca9b74a22a17156cfcf2866ce.pdf,200,application/pdf,94567,PASS,,G5 t=16 «קריאת טבלאות וחישוב נתונים» lv=a /worksheets?grade=5&topic=16
a016c68e75be4ee180c4d4c44d531e06,https://static.wixstatic.com/ugd/d8e7ad_a016c68e75be4ee180c4d4c44d531e06.pdf,200,application/pdf,84993,PASS,,G5 t=21 «המרות יחידות ומדידת משקל» lv=a /worksheets?grade=5&topic=21
a026f35df72e4a2488e5dbdac76cfcb9,https://static.wixstatic.com/ugd/d8e7ad_a026f35df72e4a2488e5dbdac76cfcb9.pdf,200,application/pdf,116001,PASS,,G5 t=34 «שכיחות סיכוי וזמן מתוך נתונים» lv=a /worksheets?grade=5&topic=34
a067bf391896471bb199868cba1a9a2f,https://static.wixstatic.com/ugd/d8e7ad_a067bf391896471bb199868cba1a9a2f.pdf,200,application/pdf,1331357,PASS,,G2 t=20 «פי בקבוצות שוות» lv=c /worksheets?grade=2&topic=20
a06f892b214b4bbd9f2670e17390ac43,https://static.wixstatic.com/ugd/d8e7ad_a06f892b214b4bbd9f2670e17390ac43.pdf,200,application/pdf,75473,PASS,,G4 t=23 «שטח והיקף של צורות מורכבות» lv=a /worksheets?grade=4&topic=23
a07273a6c2b545ecb70eff5693b139f6,https://static.wixstatic.com/ugd/d8e7ad_a07273a6c2b545ecb70eff5693b139f6.pdf,200,application/pdf,73919,PASS,,G8 t=4 «יחס ופרופורציה» lv=b /worksheets?grade=8&topic=4
a0977442f65941728bdbb3e5f0a2ce83,https://static.wixstatic.com/ugd/d8e7ad_a0977442f65941728bdbb3e5f0a2ce83.pdf,200,application/pdf,835308,PASS,,G3 t=11 «שברי יחידה וחלק משלם» lv=b /worksheets?grade=3&topic=11
a0ab6e613ac442cda1e33bb5c1f8bdbc,https://static.wixstatic.com/ugd/d8e7ad_a0ab6e613ac442cda1e33bb5c1f8bdbc.pdf,200,application/pdf,87752,PASS,,G7 t=4 «חילוק מספרים מכוונים» lv=b /worksheets?grade=7&topic=4
a10761363a324da3874435f23c85b474,https://static.wixstatic.com/ugd/d8e7ad_a10761363a324da3874435f23c85b474.pdf,200,application/pdf,92298,PASS,,G5 t=16 «קריאת טבלאות וחישוב נתונים» lv=c /worksheets?grade=5&topic=16
a13721b9c09a4580a6b6f6113b0d7f43,https://static.wixstatic.com/ugd/d8e7ad_a13721b9c09a4580a6b6f6113b0d7f43.pdf,200,application/pdf,86894,PASS,,G8 t=33 «תנועה» lv=c /worksheets?grade=8&topic=33
a14eb0b9e66a4bc69ccc39e36bf4273a,https://static.wixstatic.com/ugd/d8e7ad_a14eb0b9e66a4bc69ccc39e36bf4273a.pdf,200,application/pdf,73228,PASS,,G6 t=25 «משווים קבוצות ומנסחים מסקנות זהירות» lv=c /worksheets?grade=6&topic=25
a15b26c37ac64c20916a058e9d7bf7b7,https://static.wixstatic.com/ugd/d8e7ad_a15b26c37ac64c20916a058e9d7bf7b7.pdf,200,application/pdf,82884,PASS,,G7 t=19 «שטח משולש — העמקה» lv=a /worksheets?grade=7&topic=19
a187b5f9358a4ac98a28cefc0cd0b455,https://static.wixstatic.com/ugd/d8e7ad_a187b5f9358a4ac98a28cefc0cd0b455.pdf,200,application/pdf,67548,PASS,,G8 t=4 «יחס ופרופורציה» lv=c /worksheets?grade=8&topic=4
a1a015a125c442d68ba44a6890cbc5fd,https://static.wixstatic.com/ugd/d8e7ad_a1a015a125c442d68ba44a6890cbc5fd.pdf,200,application/pdf,84258,PASS,,G5 t=35 «שיקוף סיבוב והזזה» lv=c /worksheets?grade=5&topic=35
a1b3206ca348450c959ddcd91800bc55,https://static.wixstatic.com/ugd/d8e7ad_a1b3206ca348450c959ddcd91800bc55.pdf,200,application/pdf,156771,PASS,,G8 t=20 «סימון פונקציה» lv=a /worksheets?grade=8&topic=20
a213cee8e0a1449e901f12cc721a8e61,https://static.wixstatic.com/ugd/d8e7ad_a213cee8e0a1449e901f12cc721a8e61.pdf,200,application/pdf,73600,PASS,,G5 t=2 «מספרים גדולים ערך מקום עיגול ואומדן» lv=b /worksheets?grade=5&topic=2
a260c5eec7a84cf5929f89921d10dec8,https://static.wixstatic.com/ugd/d8e7ad_a260c5eec7a84cf5929f89921d10dec8.pdf,200,application/pdf,112802,PASS,,G9 t=40 «דמיון משולשים — משפט ז.ז וחישובים» lv=c /worksheets?grade=9&topic=40
a302133b9c8044dc960168c717e36712,https://static.wixstatic.com/ugd/d8e7ad_a302133b9c8044dc960168c717e36712.pdf,200,application/pdf,90782,PASS,,G8 t=33 «תנועה» lv=a /worksheets?grade=8&topic=33
a3294dde5fed48689780d31553968edd,https://static.wixstatic.com/ugd/d8e7ad_a3294dde5fed48689780d31553968edd.pdf,200,application/pdf,161300,PASS,,G8 t=32 «ישרים מקבילים לצירים» lv=c /worksheets?grade=8&topic=32
a338383a6d6840deb2034c5c1aee7d2d,https://static.wixstatic.com/ugd/d8e7ad_a338383a6d6840deb2034c5c1aee7d2d.pdf,200,application/pdf,96521,PASS,,G6 t=1 «כפל שבר במספר שלם» lv=c /worksheets?grade=6&topic=1
a349066a266843f48df9c578fdb29053,https://static.wixstatic.com/ugd/d8e7ad_a349066a266843f48df9c578fdb29053.pdf,200,application/pdf,80645,PASS,,G8 t=14 «גליל — נפח» lv=a /worksheets?grade=8&topic=14
a373338a56b04c8a8252aaf5cb15e36a,https://static.wixstatic.com/ugd/d8e7ad_a373338a56b04c8a8252aaf5cb15e36a.pdf,200,application/pdf,90469,PASS,,G6 t=11 «חקר גופים ותכונותיהם» lv=a /worksheets?grade=6&topic=11
a3b676973d404e52abf3a94a02527040,https://static.wixstatic.com/ugd/d8e7ad_a3b676973d404e52abf3a94a02527040.pdf,200,application/pdf,68642,PASS,,G5 t=30 «חיבור וחיסור מספרים עשרוניים ואומדן» lv=c /worksheets?grade=5&topic=30
a3c646c8ff704abb8d07d69d3a181d80,https://static.wixstatic.com/ugd/d8e7ad_a3c646c8ff704abb8d07d69d3a181d80.pdf,200,application/pdf,111692,PASS,,G8 t=37 «משפטי חפיפה» lv=b /worksheets?grade=8&topic=37
a406072c341a415a8c124b6e3f926e57,https://static.wixstatic.com/ugd/d8e7ad_a406072c341a415a8c124b6e3f926e57.pdf,200,application/pdf,68431,PASS,,G4 t=12 «שברים על ישר והשוואה» lv=c /worksheets?grade=4&topic=12
a4100c050b4f46e5bf3983256762dccf,https://static.wixstatic.com/ugd/d8e7ad_a4100c050b4f46e5bf3983256762dccf.pdf,200,application/pdf,119010,PASS,,G6 t=26 «שינוי ממדים מה קורה להיקף לשטח ולנפח» lv=c /worksheets?grade=6&topic=26
a439f7ee6fd449cb8967d68736c85baf,https://static.wixstatic.com/ugd/d8e7ad_a439f7ee6fd449cb8967d68736c85baf.pdf,200,application/pdf,99232,PASS,,G7 t=14 «סכום הזוויות במשולש ובמרובע» lv=a /worksheets?grade=7&topic=14
a44d8a914a7944269031d386616d059e,https://static.wixstatic.com/ugd/d8e7ad_a44d8a914a7944269031d386616d059e.pdf,200,application/pdf,1086769,PASS,,G1 t=13 «שרשראות ופירמידות מספרים» lv=c /worksheets?grade=1&topic=13
a4d9b10a5ec9440cbb72aeea32b15e05,https://static.wixstatic.com/ugd/d8e7ad_a4d9b10a5ec9440cbb72aeea32b15e05.pdf,200,application/pdf,110319,PASS,,G6 t=24 «אוספים ומייצגים נתונים» lv=c /worksheets?grade=6&topic=24
a510e487b4b74a6dbd558e1421120374,https://static.wixstatic.com/ugd/d8e7ad_a510e487b4b74a6dbd558e1421120374.pdf,200,application/pdf,84871,PASS,,G7 t=15 «משולשים מיוחדים» lv=b /worksheets?grade=7&topic=15
a53c73dd570241fa86392f06b42036e8,https://static.wixstatic.com/ugd/d8e7ad_a53c73dd570241fa86392f06b42036e8.pdf,200,application/pdf,72049,PASS,,G3 t=1 «ערך מקום» lv=b /worksheets?grade=3&topic=1
a58da373a7e7423da4f6f52b34e5de60,https://static.wixstatic.com/ugd/d8e7ad_a58da373a7e7423da4f6f52b34e5de60.pdf,200,application/pdf,145861,PASS,,G8 t=52 «אי־שוויון» lv=b /worksheets?grade=8&topic=52
a5bf56446b3a46659478fd2990bb16ee,https://static.wixstatic.com/ugd/d8e7ad_a5bf56446b3a46659478fd2990bb16ee.pdf,200,application/pdf,92720,PASS,,G7 t=35 «משוואות דו־שלביות» lv=c /worksheets?grade=7&topic=35
a5cb541e565b4dba8c36a1f8865344dc,https://static.wixstatic.com/ugd/d8e7ad_a5cb541e565b4dba8c36a1f8865344dc.pdf,200,application/pdf,1352089,PASS,,G2 t=14 «ממיינים ומשווים מספרים עד 1000» lv=a /worksheets?grade=2&topic=14
a5d5558f754d4af9ac9a8bd5bde8966d,https://static.wixstatic.com/ugd/d8e7ad_a5d5558f754d4af9ac9a8bd5bde8966d.pdf,200,application/pdf,63701,PASS,,G5 t=31 «שטח משולש בסיס וגובה» lv=b /worksheets?grade=5&topic=31
a6558c915cca42309e2dd7e37909709f,https://static.wixstatic.com/ugd/d8e7ad_a6558c915cca42309e2dd7e37909709f.pdf,200,application/pdf,74145,PASS,,G5 t=2 «מספרים גדולים ערך מקום עיגול ואומדן» lv=c /worksheets?grade=5&topic=2
a6a6bbb4ab4a4abea68198d4d5e3599c,https://static.wixstatic.com/ugd/d8e7ad_a6a6bbb4ab4a4abea68198d4d5e3599c.pdf,200,application/pdf,92338,PASS,,G7 t=7 «שורש ריבועי» lv=b /worksheets?grade=7&topic=7
a6a7a4b41ca44748aee41a0dd543af36,https://static.wixstatic.com/ugd/d8e7ad_a6a7a4b41ca44748aee41a0dd543af36.pdf,200,application/pdf,89056,PASS,,G3 t=15 «היקף מצולעים» lv=b /worksheets?grade=3&topic=15
a74254204af944e88c91aed72daa6de8,https://static.wixstatic.com/ugd/d8e7ad_a74254204af944e88c91aed72daa6de8.pdf,200,application/pdf,1076153,PASS,,G2 t=26 «חצי ורבע» lv=b /worksheets?grade=2&topic=26
a7a85defdc5446cf9680b0876360dd78,https://static.wixstatic.com/ugd/d8e7ad_a7a85defdc5446cf9680b0876360dd78.pdf,200,application/pdf,2389152,PASS,,G1 t=12 «חוקרים את לוח המאה» lv=a /worksheets?grade=1&topic=12
a7d120932ec54102b16fa1097eb9c7b8,https://static.wixstatic.com/ugd/d8e7ad_a7d120932ec54102b16fa1097eb9c7b8.pdf,200,application/pdf,66808,PASS,,G8 t=16 «ארגון נתונים» lv=b /worksheets?grade=8&topic=16
a7e163c12aef42feb8628ce01ee1b91f,https://static.wixstatic.com/ugd/d8e7ad_a7e163c12aef42feb8628ce01ee1b91f.pdf,200,application/pdf,1096039,PASS,,G2 t=23 «מדידת אורך» lv=b /worksheets?grade=2&topic=23
a8ebcc5274e04de69ae964eb823e33a4,https://static.wixstatic.com/ugd/d8e7ad_a8ebcc5274e04de69ae964eb823e33a4.pdf,200,application/pdf,394002,PASS,,G9 t=12 «קדם אנליזה — מפונקציות לגרפים ובחזרה» lv=a /worksheets?grade=9&topic=12
a91be378648f45be9cf0266fc3f8ebd0,https://static.wixstatic.com/ugd/d8e7ad_a91be378648f45be9cf0266fc3f8ebd0.pdf,200,application/pdf,90000,PASS,,G7 t=32 «מהו פתרון של משוואה» lv=c /worksheets?grade=7&topic=32
a9455ac3a1734720b8a003924702bc94,https://static.wixstatic.com/ugd/d8e7ad_a9455ac3a1734720b8a003924702bc94.pdf,200,application/pdf,106016,PASS,,G8 t=45 «יחס שטחים» lv=b /worksheets?grade=8&topic=45
a9bee41d5e3744dcb5b58d48d8247b97,https://static.wixstatic.com/ugd/d8e7ad_a9bee41d5e3744dcb5b58d48d8247b97.pdf,200,application/pdf,97430,PASS,,G8 t=42 «התיכון במשולש» lv=b /worksheets?grade=8&topic=42
a9e9bcfb23534a17aee0c47ff808a22d,https://static.wixstatic.com/ugd/d8e7ad_a9e9bcfb23534a17aee0c47ff808a22d.pdf,200,application/pdf,61041,PASS,,G6 t=11 «חקר גופים ותכונותיהם» lv=c /worksheets?grade=6&topic=11
aa0ae3dc2ccf44c09ec54313391523fd,https://static.wixstatic.com/ugd/d8e7ad_aa0ae3dc2ccf44c09ec54313391523fd.pdf,200,application/pdf,115158,PASS,,G9 t=17 «שורשים» lv=b /worksheets?grade=9&topic=17
aa50e67bc208402c9fce992ae078f7c2,https://static.wixstatic.com/ugd/d8e7ad_aa50e67bc208402c9fce992ae078f7c2.pdf,200,application/pdf,43596,PASS,,G9 t=10 «הסתברות» lv=c /worksheets?grade=9&topic=10
aa53193933054f77939bc8349c748461,https://static.wixstatic.com/ugd/d8e7ad_aa53193933054f77939bc8349c748461.pdf,200,application/pdf,1176771,PASS,,G1 t=1 «מונים בלי לפספס» lv=c /worksheets?grade=1&topic=1
aa577c63e9864ff898a6dcbc6dbd2b1f,https://static.wixstatic.com/ugd/d8e7ad_aa577c63e9864ff898a6dcbc6dbd2b1f.pdf,200,application/pdf,136796,PASS,,G8 t=54 «פיתגורס במרחב» lv=a /worksheets?grade=8&topic=54
aacbfd9b229a481a856213a019590f82,https://static.wixstatic.com/ugd/d8e7ad_aacbfd9b229a481a856213a019590f82.pdf,200,application/pdf,2511263,PASS,,G1 t=23 «הרכבה ופירוק» lv=a /worksheets?grade=1&topic=23
ab081025fd8e4bce8a92a135fb866d00,https://static.wixstatic.com/ugd/d8e7ad_ab081025fd8e4bce8a92a135fb866d00.pdf,200,application/pdf,101827,PASS,,G8 t=42 «התיכון במשולש» lv=c /worksheets?grade=8&topic=42
ac4e8a55534a44a9a7bb55002c61a59f,https://static.wixstatic.com/ugd/d8e7ad_ac4e8a55534a44a9a7bb55002c61a59f.pdf,200,application/pdf,1085205,PASS,,G1 t=11 «דפוסים וסדרות» lv=b /worksheets?grade=1&topic=11
ac71f6b3330444b3b1004cb82a889001,https://static.wixstatic.com/ugd/d8e7ad_ac71f6b3330444b3b1004cb82a889001.pdf,200,application/pdf,82078,PASS,,G4 t=28 «משולשים מיון ובנייה» lv=c /worksheets?grade=4&topic=28
ac9644a7213d411eaf0e3b6259fee48d,https://static.wixstatic.com/ugd/d8e7ad_ac9644a7213d411eaf0e3b6259fee48d.pdf,200,application/pdf,110034,PASS,,G7 t=7 «שורש ריבועי» lv=c /worksheets?grade=7&topic=7
ad0473bbbd944ae59bc60449928df6d1,https://static.wixstatic.com/ugd/d8e7ad_ad0473bbbd944ae59bc60449928df6d1.pdf,200,application/pdf,1603582,PASS,,G2 t=25 «שעון ומשך זמן» lv=a /worksheets?grade=2&topic=25
ad34b53f6f4a478f8295841dacf5567b,https://static.wixstatic.com/ugd/d8e7ad_ad34b53f6f4a478f8295841dacf5567b.pdf,200,application/pdf,109296,PASS,,G7 t=13 «זוויות — דף חזרה מסכם» lv=b /worksheets?grade=7&topic=13
ad582b0fea044a80a2516a64a7eec9d9,https://static.wixstatic.com/ugd/d8e7ad_ad582b0fea044a80a2516a64a7eec9d9.pdf,200,application/pdf,139090,PASS,,G9 t=31 «מנסרה משולשת חלק 2 — שטח פנים — לכיתה ט׳» lv=a /worksheets?grade=9&topic=31
ad939668965743fab37474a0a45e141b,https://static.wixstatic.com/ugd/d8e7ad_ad939668965743fab37474a0a45e141b.pdf,200,application/pdf,44698,PASS,,G9 t=34 «פונקציה קווית» lv=a /worksheets?grade=9&topic=34
ad99e05436844f7e95964434bfc07285,https://static.wixstatic.com/ugd/d8e7ad_ad99e05436844f7e95964434bfc07285.pdf,200,application/pdf,48841,PASS,,G8 t=64 «משימת הערכה 1» lv=b /worksheets?grade=8&topic=64
adef6cf437894f559832c4b28583a695,https://static.wixstatic.com/ugd/d8e7ad_adef6cf437894f559832c4b28583a695.pdf,200,application/pdf,95833,PASS,,G7 t=29 «שוויון ביטויים חלק 1 — כינוס ופילוג» lv=c /worksheets?grade=7&topic=29
ae6680f3a438438e8661207636a20bd1,https://static.wixstatic.com/ugd/d8e7ad_ae6680f3a438438e8661207636a20bd1.pdf,200,application/pdf,157798,PASS,,G7 t=17 «מצולעים חופפים וטרנספורמציות» lv=c /worksheets?grade=7&topic=17
aec3c001aced4b7ca67f4e5d07bed89d,https://static.wixstatic.com/ugd/d8e7ad_aec3c001aced4b7ca67f4e5d07bed89d.pdf,200,application/pdf,2526052,PASS,,G1 t=12 «חוקרים את לוח המאה» lv=c /worksheets?grade=1&topic=12
aed63e1684d245c19ec6f26ee9c550ee,https://static.wixstatic.com/ugd/d8e7ad_aed63e1684d245c19ec6f26ee9c550ee.pdf,200,application/pdf,531325,PASS,,G3 t=10 «חילוק והקשר ההפוך לכפל» lv=b /worksheets?grade=3&topic=10
aed975f61ad34daca4bbed2a5f8a0cfe,https://static.wixstatic.com/ugd/d8e7ad_aed975f61ad34daca4bbed2a5f8a0cfe.pdf,200,application/pdf,92476,PASS,,G7 t=3 «כפל מספרים מכוונים» lv=c /worksheets?grade=7&topic=3
af10b57372d94e27b5452235cf2a5a53,https://static.wixstatic.com/ugd/d8e7ad_af10b57372d94e27b5452235cf2a5a53.pdf,200,application/pdf,72876,PASS,,G8 t=6 «אחוזים — ייצוגים» lv=c /worksheets?grade=8&topic=6
af8f6ce5baa34773873d858dfd9fe5ab,https://static.wixstatic.com/ugd/d8e7ad_af8f6ce5baa34773873d858dfd9fe5ab.pdf,200,application/pdf,89121,PASS,,G4 t=27 «זוויות וקווים במישור» lv=c /worksheets?grade=4&topic=27
afd18b2fd1434bcb92b39ae7a46ae8c1,https://static.wixstatic.com/ugd/d8e7ad_afd18b2fd1434bcb92b39ae7a46ae8c1.pdf,200,application/pdf,68423,PASS,,G5 t=28 «מספרים עשרוניים ערך מקום וייצוגים» lv=c /worksheets?grade=5&topic=28
afd6f0b012ca4b2c82c48da5235ecef3,https://static.wixstatic.com/ugd/d8e7ad_afd6f0b012ca4b2c82c48da5235ecef3.pdf,200,application/pdf,97322,PASS,,G8 t=27 «קצב השתנות» lv=a /worksheets?grade=8&topic=27
b0ad8352e0454f458dc410eeb0ee13c7,https://static.wixstatic.com/ugd/d8e7ad_b0ad8352e0454f458dc410eeb0ee13c7.pdf,200,application/pdf,43942,PASS,,G8 t=61 «אינטרפולציה ואקסטרפולציה» lv=a /worksheets?grade=8&topic=61
b0f59b29ad6f43a581d0a2d416fc5e3d,https://static.wixstatic.com/ugd/d8e7ad_b0f59b29ad6f43a581d0a2d416fc5e3d.pdf,200,application/pdf,223323,PASS,,G8 t=53 «אי־שוויון גרפי» lv=c /worksheets?grade=8&topic=53
b17bd323bed645ce96fdb73ce5f2236a,https://static.wixstatic.com/ugd/d8e7ad_b17bd323bed645ce96fdb73ce5f2236a.pdf,200,application/pdf,178732,PASS,,G8 t=31 «משוואת ישר» lv=a /worksheets?grade=8&topic=31
b1e3a1e58df2423fbbe265dc84eba96d,https://static.wixstatic.com/ugd/d8e7ad_b1e3a1e58df2423fbbe265dc84eba96d.pdf,200,application/pdf,60265,PASS,,G6 t=13 «שטח פנים של תיבה» lv=b /worksheets?grade=6&topic=13
b21376514281439ab6bb70f7eafb525a,https://static.wixstatic.com/ugd/d8e7ad_b21376514281439ab6bb70f7eafb525a.pdf,200,application/pdf,136023,PASS,,G8 t=9 «שינויים עוקבים» lv=c /worksheets?grade=8&topic=9
b21a2953c0fd469d996f634046be8c63,https://static.wixstatic.com/ugd/d8e7ad_b21a2953c0fd469d996f634046be8c63.pdf,200,application/pdf,63407,PASS,,G5 t=24 «גובה במשולש קהה ובמקבילית» lv=c /worksheets?grade=5&topic=24
b249e11faa6a4d3bb433ee85e0c071c6,https://static.wixstatic.com/ugd/d8e7ad_b249e11faa6a4d3bb433ee85e0c071c6.pdf,200,application/pdf,1083882,PASS,,G1 t=10 «שוויון נעלם והשוואת תרגילים» lv=c /worksheets?grade=1&topic=10
b2701fb979b145818365c44a71d09015,https://static.wixstatic.com/ugd/d8e7ad_b2701fb979b145818365c44a71d09015.pdf,200,application/pdf,103200,PASS,,G4 t=18 «מלבנים ריבועים ויחסי הכלה» lv=c /worksheets?grade=4&topic=18
b2bfaafd50d94895b6e06072540fccc9,https://static.wixstatic.com/ugd/d8e7ad_b2bfaafd50d94895b6e06072540fccc9.pdf,200,application/pdf,63491,PASS,,G5 t=27 «שטח מקבילית והקשר למלבן» lv=c /worksheets?grade=5&topic=27
b305c04c17ad4ba4b7021b6be273ea87,https://static.wixstatic.com/ugd/d8e7ad_b305c04c17ad4ba4b7021b6be273ea87.pdf,200,application/pdf,61220,PASS,,G5 t=20 «בניית צורות ומיון לפי תכונות» lv=a /worksheets?grade=5&topic=20
b3d2659bb61b410ea9a5e23c8ddfa705,https://static.wixstatic.com/ugd/d8e7ad_b3d2659bb61b410ea9a5e23c8ddfa705.pdf,200,application/pdf,1083375,PASS,,G1 t=8 «חיבור בתחום 20» lv=a /worksheets?grade=1&topic=8
b43f610e710e4cc8961cec0a70295b09,https://static.wixstatic.com/ugd/d8e7ad_b43f610e710e4cc8961cec0a70295b09.pdf,200,application/pdf,530099,PASS,,G3 t=12 «זווית וסוגי זוויות» lv=c /worksheets?grade=3&topic=12
b43f7fb8659f42cfa5baff8ed062543a,https://static.wixstatic.com/ugd/d8e7ad_b43f7fb8659f42cfa5baff8ed062543a.pdf,200,application/pdf,93402,PASS,,G7 t=25 «שכיחות» lv=c /worksheets?grade=7&topic=25
b4d831e8bc114ee7a82a1d771257e10b,https://static.wixstatic.com/ugd/d8e7ad_b4d831e8bc114ee7a82a1d771257e10b.pdf,200,application/pdf,88654,PASS,,G7 t=39 «הנעלם בשני האגפים» lv=b /worksheets?grade=7&topic=39
b504d2a6490f4973b1608844220cb792,https://static.wixstatic.com/ugd/d8e7ad_b504d2a6490f4973b1608844220cb792.pdf,200,application/pdf,118370,PASS,,G6 t=26 «שינוי ממדים מה קורה להיקף לשטח ולנפח» lv=a /worksheets?grade=6&topic=26
b517c48eb17e4c3ea92480d5991445d9,https://static.wixstatic.com/ugd/d8e7ad_b517c48eb17e4c3ea92480d5991445d9.pdf,200,application/pdf,91962,PASS,,G8 t=17 «עמודות ופיקטוגרמות» lv=c /worksheets?grade=8&topic=17
b534b62f2e0e4a1197ac7fd27d2a7014,https://static.wixstatic.com/ugd/d8e7ad_b534b62f2e0e4a1197ac7fd27d2a7014.pdf,200,application/pdf,2374332,PASS,,G1 t=17 «מצולעים» lv=b /worksheets?grade=1&topic=17
b5682a094ac7484c9304e204698af1d2,https://static.wixstatic.com/ugd/d8e7ad_b5682a094ac7484c9304e204698af1d2.pdf,200,application/pdf,108429,PASS,,G7 t=33 «משוואות ופתרונן חלק 1 — מבוא» lv=a /worksheets?grade=7&topic=33
b583e62654ed4a8bb4c3578992d3d66f,https://static.wixstatic.com/ugd/d8e7ad_b583e62654ed4a8bb4c3578992d3d66f.pdf,200,application/pdf,92892,PASS,,G7 t=38 «סוגריים וחוק הפילוג» lv=c /worksheets?grade=7&topic=38
b58f0c185bf04a8b8a7462f980658f41,https://static.wixstatic.com/ugd/d8e7ad_b58f0c185bf04a8b8a7462f980658f41.pdf,200,application/pdf,144342,PASS,,G9 t=11 «המלבן» lv=b /worksheets?grade=9&topic=11
b5fa3c05c31c41e898a582781d820f83,https://static.wixstatic.com/ugd/d8e7ad_b5fa3c05c31c41e898a582781d820f83.pdf,200,application/pdf,86181,PASS,,G8 t=18 «דיאגרמת עוגה» lv=a /worksheets?grade=8&topic=18
b610f28362444d6486e866e3e18ff353,https://static.wixstatic.com/ugd/d8e7ad_b610f28362444d6486e866e3e18ff353.pdf,200,application/pdf,2857753,PASS,,G1 t=21 «נתונים» lv=b /worksheets?grade=1&topic=21
b72fa1e34ff84f15802173f2dcf8dd0f,https://static.wixstatic.com/ugd/d8e7ad_b72fa1e34ff84f15802173f2dcf8dd0f.pdf,200,application/pdf,55362,PASS,,G6 t=20 «מציאת השלם ויישומי אחוזים» lv=a /worksheets?grade=6&topic=20
b74fba1acf804f27be8dc4f785d1a002,https://static.wixstatic.com/ugd/d8e7ad_b74fba1acf804f27be8dc4f785d1a002.pdf,200,application/pdf,50291,PASS,,G9 t=44 «דו איבר בריבוע» lv=a /worksheets?grade=9&topic=44
b7a76fde760d4c2e9252a933ed40a6c5,https://static.wixstatic.com/ugd/d8e7ad_b7a76fde760d4c2e9252a933ed40a6c5.pdf,200,application/pdf,163378,PASS,,G9 t=24 «פיתגורס חלק 1 — היכרות וחישוב — לכיתה ט׳» lv=c /worksheets?grade=9&topic=24
b8166c63691f4eacb6111a57a2edea1f,https://static.wixstatic.com/ugd/d8e7ad_b8166c63691f4eacb6111a57a2edea1f.pdf,200,application/pdf,1183481,PASS,,G2 t=12 «קוראים טבלה ודיאגרמת עמודות» lv=b /worksheets?grade=2&topic=12
b82e06e37d6347ba9894733742f7ed3a,https://static.wixstatic.com/ugd/d8e7ad_b82e06e37d6347ba9894733742f7ed3a.pdf,200,application/pdf,2169346,PASS,,G1 t=4 «מרכיבים ומפרקים עד 10» lv=c /worksheets?grade=1&topic=4
b8c21c2721c84962b0cbeb5480294603,https://static.wixstatic.com/ugd/d8e7ad_b8c21c2721c84962b0cbeb5480294603.pdf,200,application/pdf,79930,PASS,,G9 t=8 «אי־שוויונות ריבועיים ומערכות משוואות» lv=c /worksheets?grade=9&topic=8
b8cc96b907a344e1816b13b8f660cf7e,https://static.wixstatic.com/ugd/d8e7ad_b8cc96b907a344e1816b13b8f660cf7e.pdf,200,application/pdf,1421089,PASS,,G2 t=26 «חצי ורבע» lv=c /worksheets?grade=2&topic=26
b8e94cb37f8d4758bc06709e4474c870,https://static.wixstatic.com/ugd/d8e7ad_b8e94cb37f8d4758bc06709e4474c870.pdf,200,application/pdf,67451,PASS,,G8 t=16 «ארגון נתונים» lv=a /worksheets?grade=8&topic=16
b974946af46b47f3b95da3d76c9bb7d8,https://static.wixstatic.com/ugd/d8e7ad_b974946af46b47f3b95da3d76c9bb7d8.pdf,200,application/pdf,61103,PASS,,G6 t=13 «שטח פנים של תיבה» lv=a /worksheets?grade=6&topic=13
b977f935d4a945728fe185d584f5758f,https://static.wixstatic.com/ugd/d8e7ad_b977f935d4a945728fe185d584f5758f.pdf,200,application/pdf,93147,PASS,,G7 t=36 «מפשטים ואז פותרים» lv=a /worksheets?grade=7&topic=36
b980f7718c5a417aa47d45fdfb5b1116,https://static.wixstatic.com/ugd/d8e7ad_b980f7718c5a417aa47d45fdfb5b1116.pdf,200,application/pdf,1106456,PASS,,G2 t=16 «כפל קבוצות שוות ומערכים» lv=b /worksheets?grade=2&topic=16
b9c3490dc28d40c984b3be67484b48d0,https://static.wixstatic.com/ugd/d8e7ad_b9c3490dc28d40c984b3be67484b48d0.pdf,200,application/pdf,562166,PASS,,G3 t=15 «היקף מצולעים» lv=c /worksheets?grade=3&topic=15
b9e00c1b0fca4672aeb0447a937888c8,https://static.wixstatic.com/ugd/d8e7ad_b9e00c1b0fca4672aeb0447a937888c8.pdf,200,application/pdf,1393098,PASS,,G2 t=4 «מוסיפים עשרות ומפרקים מספרים» lv=a /worksheets?grade=2&topic=4
ba03fe1063d64e999ed205cd18fd208a,https://static.wixstatic.com/ugd/d8e7ad_ba03fe1063d64e999ed205cd18fd208a.pdf,200,application/pdf,96469,PASS,,G7 t=22 «משתנים וביטויים אלגבריים — שפה ומידול» lv=a /worksheets?grade=7&topic=22
ba042049d4464a62829b67f55869caab,https://static.wixstatic.com/ugd/d8e7ad_ba042049d4464a62829b67f55869caab.pdf,200,application/pdf,69442,PASS,,G8 t=7 «בעיות אחוזים» lv=a /worksheets?grade=8&topic=7
ba87adbaa6cf45d5bfe7580006620b0d,https://static.wixstatic.com/ugd/d8e7ad_ba87adbaa6cf45d5bfe7580006620b0d.pdf,200,application/pdf,77577,PASS,,G4 t=26 «סימטריה שיקופית וסיבובית» lv=b /worksheets?grade=4&topic=26
bb0f9ce2918747a49111d8e944f55c97,https://static.wixstatic.com/ugd/d8e7ad_bb0f9ce2918747a49111d8e944f55c97.pdf,200,application/pdf,70680,PASS,,G5 t=11 «חיבור וחיסור שברים במכנים שונים» lv=a /worksheets?grade=5&topic=11
bb7ea15a7288433e8f20b3a761700082,https://static.wixstatic.com/ugd/d8e7ad_bb7ea15a7288433e8f20b3a761700082.pdf,200,application/pdf,87005,PASS,,G4 t=27 «זוויות וקווים במישור» lv=a /worksheets?grade=4&topic=27
bbf3d375a36f4fd1a609bb875822f059,https://static.wixstatic.com/ugd/d8e7ad_bbf3d375a36f4fd1a609bb875822f059.pdf,200,application/pdf,117522,PASS,,G6 t=16 «מרובעים ויחסי הכלה חזרה מנומקת» lv=a /worksheets?grade=6&topic=16
bc001edd88854c548d59dbf87f19be35,https://static.wixstatic.com/ugd/d8e7ad_bc001edd88854c548d59dbf87f19be35.pdf,200,application/pdf,69519,PASS,,G5 t=9 «הרחבה וצמצום שברים שקולים» lv=c /worksheets?grade=5&topic=9
bc509600c8f242b49d39a438b54abbc9,https://static.wixstatic.com/ugd/d8e7ad_bc509600c8f242b49d39a438b54abbc9.pdf,200,application/pdf,95895,PASS,,G8 t=10 «שורש ריבועי» lv=a /worksheets?grade=8&topic=10
bc88bd1836924989a2aaab3ff9842eaa,https://static.wixstatic.com/ugd/d8e7ad_bc88bd1836924989a2aaab3ff9842eaa.pdf,200,application/pdf,54302,PASS,,G7 t=49 «חזרה שנתית» lv=a /worksheets?grade=7&topic=49
bcde51d6e6434dc29488251d732e5ce6,https://static.wixstatic.com/ugd/d8e7ad_bcde51d6e6434dc29488251d732e5ce6.pdf,200,application/pdf,114531,PASS,,G7 t=12 «זוויות חלק 2 — יחסים ופעולות» lv=b /worksheets?grade=7&topic=12
bd52f3b243d640d4aaaff6bd545875da,https://static.wixstatic.com/ugd/d8e7ad_bd52f3b243d640d4aaaff6bd545875da.pdf,200,application/pdf,61871,PASS,,G5 t=26 «שטח צורה מורכבת פירוק והרכבה» lv=c /worksheets?grade=5&topic=26
be86819fa47d4577b048bc4ca384d1aa,https://static.wixstatic.com/ugd/d8e7ad_be86819fa47d4577b048bc4ca384d1aa.pdf,200,application/pdf,86086,PASS,,G7 t=24 «איסוף וקריאת מידע» lv=c /worksheets?grade=7&topic=24
bea3993e136246edaffb14a03e469c31,https://static.wixstatic.com/ugd/d8e7ad_bea3993e136246edaffb14a03e469c31.pdf,200,application/pdf,78803,PASS,,G7 t=2 «חיבור וחיסור מספרים מכוונים» lv=c /worksheets?grade=7&topic=2
beb376a34e514144872d47b7dc33a4ff,https://static.wixstatic.com/ugd/d8e7ad_beb376a34e514144872d47b7dc33a4ff.pdf,200,application/pdf,76042,PASS,,G9 t=3 «צמצום שברים אלגבריים» lv=a /worksheets?grade=9&topic=3
bf087bb730f3462fa6524835a8b516b7,https://static.wixstatic.com/ugd/d8e7ad_bf087bb730f3462fa6524835a8b516b7.pdf,200,application/pdf,74596,PASS,,G5 t=6 «סדר פעולות תכנון ולא רק ביצוע» lv=a /worksheets?grade=5&topic=6
bf1bdd58f069427096a5fcaac0963e2a,https://static.wixstatic.com/ugd/d8e7ad_bf1bdd58f069427096a5fcaac0963e2a.pdf,200,application/pdf,84131,PASS,,G4 t=3 «חיבור רב ספרתי בטור» lv=b /worksheets?grade=4&topic=3
bf38ce8d1dcf489fb83708a841c8cd54,https://static.wixstatic.com/ugd/d8e7ad_bf38ce8d1dcf489fb83708a841c8cd54.pdf,200,application/pdf,96274,PASS,,G7 t=44 «חישובי היקף — צורות מורכבות ואלגברה» lv=a /worksheets?grade=7&topic=44
bf4c61f3e6c649f6bb52014c3173e801,https://static.wixstatic.com/ugd/d8e7ad_bf4c61f3e6c649f6bb52014c3173e801.pdf,200,application/pdf,169698,PASS,,G8 t=55 «סינתזה גאומטרית» lv=b /worksheets?grade=8&topic=55
bfd3f3ca19da48c4afb5038ff159fa7d,https://static.wixstatic.com/ugd/d8e7ad_bfd3f3ca19da48c4afb5038ff159fa7d.pdf,200,application/pdf,87341,PASS,,G6 t=15 «קיבול סמק ליטר ומק» lv=b /worksheets?grade=6&topic=15
c00e0a3cfa24427abe1549232cdc4749,https://static.wixstatic.com/ugd/d8e7ad_c00e0a3cfa24427abe1549232cdc4749.pdf,200,application/pdf,107656,PASS,,G7 t=2 «חיבור וחיסור מספרים מכוונים» lv=b /worksheets?grade=7&topic=2
c0129c9cdcbe4107930bc784dcf9b7b5,https://static.wixstatic.com/ugd/d8e7ad_c0129c9cdcbe4107930bc784dcf9b7b5.pdf,200,application/pdf,1346937,PASS,,G2 t=28 «צורות וגופים לא אותו דבר» lv=c /worksheets?grade=2&topic=28
c01401da7a404a8eba3bb017352f9940,https://static.wixstatic.com/ugd/d8e7ad_c01401da7a404a8eba3bb017352f9940.pdf,200,application/pdf,1064026,PASS,,G2 t=8 «חיסור דו ספרתי עם פריטה» lv=a /worksheets?grade=2&topic=8
c02475c752324cf3a82e41bfa94b1f48,https://static.wixstatic.com/ugd/d8e7ad_c02475c752324cf3a82e41bfa94b1f48.pdf,200,application/pdf,62673,PASS,,G5 t=25 «שטח והיקף של מלבנים וריבועים» lv=b /worksheets?grade=5&topic=25
c02ba4059e964dacbda49a0dc501e05d,https://static.wixstatic.com/ugd/d8e7ad_c02ba4059e964dacbda49a0dc501e05d.pdf,200,application/pdf,426078,PASS,,G9 t=15 «גיאומטריה אנליטית» lv=b /worksheets?grade=9&topic=15
c053fa31cbf44db8a28ee0345f757880,https://static.wixstatic.com/ugd/d8e7ad_c053fa31cbf44db8a28ee0345f757880.pdf,200,application/pdf,93431,PASS,,G8 t=28 «שיפוע וישר y=mx» lv=a /worksheets?grade=8&topic=28
c0c8fae7f9324aa7841a177a50d116d7,https://static.wixstatic.com/ugd/d8e7ad_c0c8fae7f9324aa7841a177a50d116d7.pdf,200,application/pdf,1254549,PASS,,G2 t=29 «סימטרייה שיקופית אינטואיטיבית» lv=a /worksheets?grade=2&topic=29
c1285207887d425581319a8eaafcfbc5,https://static.wixstatic.com/ugd/d8e7ad_c1285207887d425581319a8eaafcfbc5.pdf,200,application/pdf,530994,PASS,,G3 t=18 «צורות על רשת בנייה ופירוק» lv=c /worksheets?grade=3&topic=18
c12d7b7e76da4b2da644f391c73d0a3b,https://static.wixstatic.com/ugd/d8e7ad_c12d7b7e76da4b2da644f391c73d0a3b.pdf,200,application/pdf,79384,PASS,,G9 t=3 «צמצום שברים אלגבריים» lv=b /worksheets?grade=9&topic=3
c15da48ebb3f4a6ea3737c71c20810f2,https://static.wixstatic.com/ugd/d8e7ad_c15da48ebb3f4a6ea3737c71c20810f2.pdf,200,application/pdf,1209224,PASS,,G2 t=5 «חיבור דו ספרתי ללא המרה» lv=c /worksheets?grade=2&topic=5
c16511e176924a3abe9e7a78d84282b6,https://static.wixstatic.com/ugd/d8e7ad_c16511e176924a3abe9e7a78d84282b6.pdf,200,application/pdf,81197,PASS,,G4 t=1 «מספרים עד מיליון קריאה ופירוק» lv=a /worksheets?grade=4&topic=1
c22a0ce64c4e49e7b3750e7646e34b07,https://static.wixstatic.com/ugd/d8e7ad_c22a0ce64c4e49e7b3750e7646e34b07.pdf,200,application/pdf,98851,PASS,,G4 t=6 «חוקי פעולות וכפל בעשרות שלמות» lv=b /worksheets?grade=4&topic=6
c23d26203cc24fc9833a4e4d212b3d5f,https://static.wixstatic.com/ugd/d8e7ad_c23d26203cc24fc9833a4e4d212b3d5f.pdf,200,application/pdf,101568,PASS,,G8 t=11 «פיתגורס» lv=b /worksheets?grade=8&topic=11
c23f3e4b17864cb7ba5c4191fe31df70,https://static.wixstatic.com/ugd/d8e7ad_c23f3e4b17864cb7ba5c4191fe31df70.pdf,200,application/pdf,1304153,PASS,,G2 t=29 «סימטרייה שיקופית אינטואיטיבית» lv=c /worksheets?grade=2&topic=29
c279e6a077444ecdbe1d0d0b3e04acb3,https://static.wixstatic.com/ugd/d8e7ad_c279e6a077444ecdbe1d0d0b3e04acb3.pdf,200,application/pdf,71553,PASS,,G5 t=8 «שברים על ישר והשוואה» lv=c /worksheets?grade=5&topic=8
c2ff9abab9cc4ce9bb939c3011a4c3ed,https://static.wixstatic.com/ugd/d8e7ad_c2ff9abab9cc4ce9bb939c3011a4c3ed.pdf,200,application/pdf,97566,PASS,,G8 t=49 «מערכות — מידול» lv=a /worksheets?grade=8&topic=49
c3aeb7e6bf444fcea376c1ae3b13bb8e,https://static.wixstatic.com/ugd/d8e7ad_c3aeb7e6bf444fcea376c1ae3b13bb8e.pdf,200,application/pdf,63660,PASS,,G5 t=22 «היקף יחידות וקווים מקבילים מאונכים» lv=c /worksheets?grade=5&topic=22
c3ef78e93744461bb897d2013e39bd68,https://static.wixstatic.com/ugd/d8e7ad_c3ef78e93744461bb897d2013e39bd68.pdf,200,application/pdf,63822,PASS,,G5 t=23 «גובה במשולש חד זווית וישר זווית» lv=c /worksheets?grade=5&topic=23
c4014a193c9a4e77ba34755ff95b71d3,https://static.wixstatic.com/ugd/d8e7ad_c4014a193c9a4e77ba34755ff95b71d3.pdf,200,application/pdf,1160376,PASS,,G2 t=17 «חילוק להכלה» lv=a /worksheets?grade=2&topic=17
c40a2009e1174bd991c1f12423ddc1a8,https://static.wixstatic.com/ugd/d8e7ad_c40a2009e1174bd991c1f12423ddc1a8.pdf,200,application/pdf,92253,PASS,,G8 t=50 «הסתברות — מרחב תוצאות» lv=c /worksheets?grade=8&topic=50
c42b75328efd445291200ee1d3863413,https://static.wixstatic.com/ugd/d8e7ad_c42b75328efd445291200ee1d3863413.pdf,200,application/pdf,301337,PASS,,G3 t=21 «חילוק ובדיקה בכפל» lv=b /worksheets?grade=3&topic=21
c4ade11dcb7e42d6987b3eabd71308ad,https://static.wixstatic.com/ugd/d8e7ad_c4ade11dcb7e42d6987b3eabd71308ad.pdf,200,application/pdf,68914,PASS,,G4 t=12 «שברים על ישר והשוואה» lv=a /worksheets?grade=4&topic=12
c4aeefcd86e541f38d3d3d6d88e38b27,https://static.wixstatic.com/ugd/d8e7ad_c4aeefcd86e541f38d3d3d6d88e38b27.pdf,200,application/pdf,70463,PASS,,G5 t=29 «משווים שברים ומספרים עשרוניים» lv=c /worksheets?grade=5&topic=29
c553fd7766a44f71823dd8d522aae95d,https://static.wixstatic.com/ugd/d8e7ad_c553fd7766a44f71823dd8d522aae95d.pdf,200,application/pdf,121038,PASS,,G7 t=31 «נקודות על גרף ברביע הראשון» lv=c /worksheets?grade=7&topic=31
c56f00dc2cea45f9b2d5419e32905a5b,https://static.wixstatic.com/ugd/d8e7ad_c56f00dc2cea45f9b2d5419e32905a5b.pdf,200,application/pdf,540300,PASS,,G3 t=7 «חיסור בטור עם פריטה» lv=c /worksheets?grade=3&topic=7
c57518a2c69e482685be059fec68470a,https://static.wixstatic.com/ugd/d8e7ad_c57518a2c69e482685be059fec68470a.pdf,200,application/pdf,96419,PASS,,G6 t=6 «משמעות חילוק שברים» lv=a /worksheets?grade=6&topic=6
c579c4f978274253ba29af6ba8da4661,https://static.wixstatic.com/ugd/d8e7ad_c579c4f978274253ba29af6ba8da4661.pdf,200,application/pdf,968069,PASS,,G3 t=8 «בעיות מילוליות» lv=a /worksheets?grade=3&topic=8
c5ccf54cbd2144f5a650ac6edbdf4aa9,https://static.wixstatic.com/ugd/d8e7ad_c5ccf54cbd2144f5a650ac6edbdf4aa9.pdf,200,application/pdf,109517,PASS,,G6 t=24 «אוספים ומייצגים נתונים» lv=b /worksheets?grade=6&topic=24
c656760c7d4449b6acb2fb6463bb719d,https://static.wixstatic.com/ugd/d8e7ad_c656760c7d4449b6acb2fb6463bb719d.pdf,200,application/pdf,1100816,PASS,,G1 t=9 «חיסור בתחום 20» lv=c /worksheets?grade=1&topic=9
c6602eecfb3841c38f4dbbfe6d10f538,https://static.wixstatic.com/ugd/d8e7ad_c6602eecfb3841c38f4dbbfe6d10f538.pdf,200,application/pdf,89928,PASS,,G8 t=1 «אבחון קדם־ידע» lv=one /worksheets?grade=8&topic=1
c6b1e18f34644f72abf64a5e7d751323,https://static.wixstatic.com/ugd/d8e7ad_c6b1e18f34644f72abf64a5e7d751323.pdf,200,application/pdf,121037,PASS,,G7 t=30 «שוויון ביטויים חלק 2 — גורם משותף ומינוס לפני סוגריים» lv=c /worksheets?grade=7&topic=30
c6cd9c900b54441fb70d704deddcf240,https://static.wixstatic.com/ugd/d8e7ad_c6cd9c900b54441fb70d704deddcf240.pdf,200,application/pdf,123605,PASS,,G8 t=51 «הסתברות — ניסוי והוגנות» lv=b /worksheets?grade=8&topic=51
c6eb738ace6e4f7d95e6147d32221317,https://static.wixstatic.com/ugd/d8e7ad_c6eb738ace6e4f7d95e6147d32221317.pdf,200,application/pdf,48602,PASS,,G9 t=36 «קריאת גרפים» lv=b /worksheets?grade=9&topic=36
c73305ad3c064839bf4375ee1cb23f29,https://static.wixstatic.com/ugd/d8e7ad_c73305ad3c064839bf4375ee1cb23f29.pdf,200,application/pdf,69268,PASS,,G6 t=7 «אלגוריתם חילוק שברים והופכי» lv=a /worksheets?grade=6&topic=7
c74090e51f8747bdb43cba6c9690ce73,https://static.wixstatic.com/ugd/d8e7ad_c74090e51f8747bdb43cba6c9690ce73.pdf,200,application/pdf,319217,PASS,,G3 t=3 «סדרות ואיתור טעות» lv=a /worksheets?grade=3&topic=3
c761f8d29d3d412b99c7e11044807c9c,https://static.wixstatic.com/ugd/d8e7ad_c761f8d29d3d412b99c7e11044807c9c.pdf,200,application/pdf,1205847,PASS,,G2 t=6 «חיבור דו ספרתי עם המרה» lv=c /worksheets?grade=2&topic=6
c77d200f197e4043a9e8124af27383db,https://static.wixstatic.com/ugd/d8e7ad_c77d200f197e4043a9e8124af27383db.pdf,200,application/pdf,79268,PASS,,G8 t=8 «שינוי באחוזים» lv=b /worksheets?grade=8&topic=8
c78d2c887e5f48a9bed79c237a138328,https://static.wixstatic.com/ugd/d8e7ad_c78d2c887e5f48a9bed79c237a138328.pdf,200,application/pdf,1201960,PASS,,G2 t=30 «סיכום מספרים פעולות וייצוגים» lv=c /worksheets?grade=2&topic=30
c7b404e2a8604ebda53acdb8764c2d9b,https://static.wixstatic.com/ugd/d8e7ad_c7b404e2a8604ebda53acdb8764c2d9b.pdf,200,application/pdf,317762,PASS,,G3 t=24 «אוספים נתונים» lv=c /worksheets?grade=3&topic=24
c7b4c06938c4452ab3dd6c437cc4f02b,https://static.wixstatic.com/ugd/d8e7ad_c7b4c06938c4452ab3dd6c437cc4f02b.pdf,200,application/pdf,84595,PASS,,G4 t=7 «סדר פעולות חשבון» lv=b /worksheets?grade=4&topic=7
c80fb941f8b14acaa9dbc6b4c3727404,https://static.wixstatic.com/ugd/d8e7ad_c80fb941f8b14acaa9dbc6b4c3727404.pdf,200,application/pdf,97517,PASS,,G7 t=39 «הנעלם בשני האגפים» lv=c /worksheets?grade=7&topic=39
c82a4f617f9340adbd493f55c2f30ec0,https://static.wixstatic.com/ugd/d8e7ad_c82a4f617f9340adbd493f55c2f30ec0.pdf,200,application/pdf,70605,PASS,,G5 t=29 «משווים שברים ומספרים עשרוניים» lv=a /worksheets?grade=5&topic=29
c869e3f60ef44488ad751e95f32e8b0b,https://static.wixstatic.com/ugd/d8e7ad_c869e3f60ef44488ad751e95f32e8b0b.pdf,200,application/pdf,84836,PASS,,G5 t=17 «קריאת גרפים והשוואת נתונים» lv=c /worksheets?grade=5&topic=17
c902d595f9ce4449bdf568984b0c0484,https://static.wixstatic.com/ugd/d8e7ad_c902d595f9ce4449bdf568984b0c0484.pdf,200,application/pdf,64661,PASS,,G4 t=22 «שטח והיקף של מלבן וריבוע» lv=a /worksheets?grade=4&topic=22
c922481b9d684fcd95fa9cd3f8a443b6,https://static.wixstatic.com/ugd/d8e7ad_c922481b9d684fcd95fa9cd3f8a443b6.pdf,200,application/pdf,122288,PASS,,G7 t=13 «זוויות — דף חזרה מסכם» lv=a /worksheets?grade=7&topic=13
c959c7a8f4064a0db9dc7b9b3af42a09,https://static.wixstatic.com/ugd/d8e7ad_c959c7a8f4064a0db9dc7b9b3af42a09.pdf,200,application/pdf,68985,PASS,,G5 t=30 «חיבור וחיסור מספרים עשרוניים ואומדן» lv=a /worksheets?grade=5&topic=30
c9ba5991de514567a44f08062a908023,https://static.wixstatic.com/ugd/d8e7ad_c9ba5991de514567a44f08062a908023.pdf,200,application/pdf,106649,PASS,,G4 t=18 «מלבנים ריבועים ויחסי הכלה» lv=a /worksheets?grade=4&topic=18
ca3da8674b8c4315af973bc4f9fe76f6,https://static.wixstatic.com/ugd/d8e7ad_ca3da8674b8c4315af973bc4f9fe76f6.pdf,200,application/pdf,328960,PASS,,G2 t=21 «זוגי אי זוגי וסדרות א» lv=c /worksheets?grade=2&topic=21
ca991255a8d04d62b41325c6945296e4,https://static.wixstatic.com/ugd/d8e7ad_ca991255a8d04d62b41325c6945296e4.pdf,200,application/pdf,97665,PASS,,G7 t=22 «משתנים וביטויים אלגבריים — שפה ומידול» lv=c /worksheets?grade=7&topic=22
cae0734f982c4189b658e774a8fe5d31,https://static.wixstatic.com/ugd/d8e7ad_cae0734f982c4189b658e774a8fe5d31.pdf,200,application/pdf,116264,PASS,,G8 t=38 «הוכחה גאומטרית» lv=a /worksheets?grade=8&topic=38
cb0711433bac40efa0c2fdf8a1d705a6,https://static.wixstatic.com/ugd/d8e7ad_cb0711433bac40efa0c2fdf8a1d705a6.pdf,200,application/pdf,1081211,PASS,,G1 t=2 «קוראים כותבים ומייצגים עד 100» lv=c /worksheets?grade=1&topic=2
cb6081f38fc843d9a0808ef67dda7b5f,https://static.wixstatic.com/ugd/d8e7ad_cb6081f38fc843d9a0808ef67dda7b5f.pdf,200,application/pdf,1074282,PASS,,G1 t=11 «דפוסים וסדרות» lv=c /worksheets?grade=1&topic=11
cb71a00f50dd4b628b07901a3cde1575,https://static.wixstatic.com/ugd/d8e7ad_cb71a00f50dd4b628b07901a3cde1575.pdf,200,application/pdf,157540,PASS,,G9 t=24 «פיתגורס חלק 1 — היכרות וחישוב — לכיתה ט׳» lv=a /worksheets?grade=9&topic=24
cbc951ad64d347099b1eaf5b10b34e7f,https://static.wixstatic.com/ugd/d8e7ad_cbc951ad64d347099b1eaf5b10b34e7f.pdf,200,application/pdf,120649,PASS,,G9 t=40 «דמיון משולשים — משפט ז.ז וחישובים» lv=a /worksheets?grade=9&topic=40
cc0a3f293d084bf7aa068f1e02ea7e74,https://static.wixstatic.com/ugd/d8e7ad_cc0a3f293d084bf7aa068f1e02ea7e74.pdf,200,application/pdf,43096,PASS,,G8 t=61 «אינטרפולציה ואקסטרפולציה» lv=c /worksheets?grade=8&topic=61
cc48ddaf044840aaa1e5416ad61b87da,https://static.wixstatic.com/ugd/d8e7ad_cc48ddaf044840aaa1e5416ad61b87da.pdf,200,application/pdf,69430,PASS,,G4 t=4 «חיסור רב ספרתי בטור» lv=c /worksheets?grade=4&topic=4
cc56262b89a643539facb8d395c8eac5,https://static.wixstatic.com/ugd/d8e7ad_cc56262b89a643539facb8d395c8eac5.pdf,200,application/pdf,111918,PASS,,G8 t=38 «הוכחה גאומטרית» lv=b /worksheets?grade=8&topic=38
cc93fad9d3a343cca1f61ab1bd6b2e53,https://static.wixstatic.com/ugd/d8e7ad_cc93fad9d3a343cca1f61ab1bd6b2e53.pdf,200,application/pdf,87156,PASS,,G9 t=16 «חוקי חזקות» lv=c /worksheets?grade=9&topic=16
cc9ebe9ff429404c9eae996948298b59,https://static.wixstatic.com/ugd/d8e7ad_cc9ebe9ff429404c9eae996948298b59.pdf,200,application/pdf,76389,PASS,,G8 t=22 «טווח הנתונים» lv=c /worksheets?grade=8&topic=22
cd700d350f67411a803741ae1e2dc9ec,https://static.wixstatic.com/ugd/d8e7ad_cd700d350f67411a803741ae1e2dc9ec.pdf,200,application/pdf,73980,PASS,,G5 t=7 «חזרה על משמעות השבר וייצוגיו» lv=a /worksheets?grade=5&topic=7
cd932c0513b24262873c39811d9ba7ee,https://static.wixstatic.com/ugd/d8e7ad_cd932c0513b24262873c39811d9ba7ee.pdf,200,application/pdf,83522,PASS,,G4 t=10 «חילוק ארוך ושארית» lv=a /worksheets?grade=4&topic=10
cde64aee2b8a41b09c97a2e926ed3c6f,https://static.wixstatic.com/ugd/d8e7ad_cde64aee2b8a41b09c97a2e926ed3c6f.pdf,200,application/pdf,85670,PASS,,G4 t=3 «חיבור רב ספרתי בטור» lv=a /worksheets?grade=4&topic=3
ce4e08353f4548ab9f4fe8d678664e99,https://static.wixstatic.com/ugd/d8e7ad_ce4e08353f4548ab9f4fe8d678664e99.pdf,200,application/pdf,74955,PASS,,G5 t=6 «סדר פעולות תכנון ולא רק ביצוע» lv=c /worksheets?grade=5&topic=6
ce932ef443044f35a4c07f938bf954f0,https://static.wixstatic.com/ugd/d8e7ad_ce932ef443044f35a4c07f938bf954f0.pdf,200,application/pdf,846325,PASS,,G3 t=11 «שברי יחידה וחלק משלם» lv=a /worksheets?grade=3&topic=11
cefacac0619a4656ae966ab08b846332,https://static.wixstatic.com/ugd/d8e7ad_cefacac0619a4656ae966ab08b846332.pdf,200,application/pdf,102383,PASS,,G8 t=11 «פיתגורס» lv=c /worksheets?grade=8&topic=11
cf520921a59643039a85435dc9ab0e0f,https://static.wixstatic.com/ugd/d8e7ad_cf520921a59643039a85435dc9ab0e0f.pdf,200,application/pdf,78334,PASS,,G7 t=45 «שטחים ב׳ חלק 1 — מקבילית וטרפז» lv=a /worksheets?grade=7&topic=45
cf88e6fe5db74a37a167d388e32b5bda,https://static.wixstatic.com/ugd/d8e7ad_cf88e6fe5db74a37a167d388e32b5bda.pdf,200,application/pdf,69119,PASS,,G5 t=29 «משווים שברים ומספרים עשרוניים» lv=b /worksheets?grade=5&topic=29
cfc6da608a8d4950a8d479f387d89e04,https://static.wixstatic.com/ugd/d8e7ad_cfc6da608a8d4950a8d479f387d89e04.pdf,200,application/pdf,67807,PASS,,G5 t=9 «הרחבה וצמצום שברים שקולים» lv=b /worksheets?grade=5&topic=9
cffd33bdee5e402bac3150c0e5ff7922,https://static.wixstatic.com/ugd/d8e7ad_cffd33bdee5e402bac3150c0e5ff7922.pdf,200,application/pdf,43637,PASS,,G9 t=35 «משפט פיתגורס» lv=b /worksheets?grade=9&topic=35
d00ead119d7a4edf975eee7b7698bb1a,https://static.wixstatic.com/ugd/d8e7ad_d00ead119d7a4edf975eee7b7698bb1a.pdf,200,application/pdf,118406,PASS,,G6 t=16 «מרובעים ויחסי הכלה חזרה מנומקת» lv=c /worksheets?grade=6&topic=16
d01624a6c4fa4e90a28b931d857d3c9d,https://static.wixstatic.com/ugd/d8e7ad_d01624a6c4fa4e90a28b931d857d3c9d.pdf,200,application/pdf,535880,PASS,,G3 t=6 «חיבור בטור עם המרה» lv=c /worksheets?grade=3&topic=6
d022d39d03d7401b9bad9ed49e47931a,https://static.wixstatic.com/ugd/d8e7ad_d022d39d03d7401b9bad9ed49e47931a.pdf,200,application/pdf,135780,PASS,,G7 t=10 «הרחבת מערכת הצירים חלק 2 — יישום והעמקה» lv=c /worksheets?grade=7&topic=10
d03912693f984e9ba2bc8d7cbba998b5,https://static.wixstatic.com/ugd/d8e7ad_d03912693f984e9ba2bc8d7cbba998b5.pdf,200,application/pdf,1266833,PASS,,G2 t=10 «שוויון ומספר חסר» lv=c /worksheets?grade=2&topic=10
d053182fce2645a692affb549ab255fb,https://static.wixstatic.com/ugd/d8e7ad_d053182fce2645a692affb549ab255fb.pdf,200,application/pdf,84782,PASS,,G8 t=14 «גליל — נפח» lv=b /worksheets?grade=8&topic=14
d0df2d2a47be4256ad324595cd099c59,https://static.wixstatic.com/ugd/d8e7ad_d0df2d2a47be4256ad324595cd099c59.pdf,200,application/pdf,144188,PASS,,G9 t=31 «מנסרה משולשת חלק 2 — שטח פנים — לכיתה ט׳» lv=c /worksheets?grade=9&topic=31
d11ffa4f8e624651b66c99ba4329af41,https://static.wixstatic.com/ugd/d8e7ad_d11ffa4f8e624651b66c99ba4329af41.pdf,200,application/pdf,170859,PASS,,G7 t=17 «מצולעים חופפים וטרנספורמציות» lv=b /worksheets?grade=7&topic=17
d12388139a1240f6b02be4ae7a8dcd6b,https://static.wixstatic.com/ugd/d8e7ad_d12388139a1240f6b02be4ae7a8dcd6b.pdf,200,application/pdf,103548,PASS,,G7 t=30 «שוויון ביטויים חלק 2 — גורם משותף ומינוס לפני סוגריים» lv=a /worksheets?grade=7&topic=30
d129ef514eb9441eb4f2f619dfa417ad,https://static.wixstatic.com/ugd/d8e7ad_d129ef514eb9441eb4f2f619dfa417ad.pdf,200,application/pdf,107268,PASS,,G8 t=37 «משפטי חפיפה» lv=c /worksheets?grade=8&topic=37
d19ab294164347eb9f34c8b635f3461d,https://static.wixstatic.com/ugd/d8e7ad_d19ab294164347eb9f34c8b635f3461d.pdf,200,application/pdf,98252,PASS,,G9 t=39 «הטרפז» lv=a /worksheets?grade=9&topic=39
d19c792b455147539676c69dc877715a,https://static.wixstatic.com/ugd/d8e7ad_d19c792b455147539676c69dc877715a.pdf,200,application/pdf,97140,PASS,,G7 t=30 «שוויון ביטויים חלק 2 — גורם משותף ומינוס לפני סוגריים» lv=b /worksheets?grade=7&topic=30
d2120e63d58d46098bbac02f0876d0c8,https://static.wixstatic.com/ugd/d8e7ad_d2120e63d58d46098bbac02f0876d0c8.pdf,200,application/pdf,104205,PASS,,G8 t=29 «פונקציה קווית» lv=c /worksheets?grade=8&topic=29
d26b17230aaa4eb9b98374c78ac96868,https://static.wixstatic.com/ugd/d8e7ad_d26b17230aaa4eb9b98374c78ac96868.pdf,200,application/pdf,61018,PASS,,G5 t=26 «שטח צורה מורכבת פירוק והרכבה» lv=a /worksheets?grade=5&topic=26
d26febce53e54be6aeb8240f0b4905f1,https://static.wixstatic.com/ugd/d8e7ad_d26febce53e54be6aeb8240f0b4905f1.pdf,200,application/pdf,91630,PASS,,G4 t=2 «סדר שכנים ועיגול בתחום המיליון» lv=a /worksheets?grade=4&topic=2
d2a23ffe965c4a5691c425136a4dd63e,https://static.wixstatic.com/ugd/d8e7ad_d2a23ffe965c4a5691c425136a4dd63e.pdf,200,application/pdf,128733,PASS,,G9 t=20 «מעבר לחטיבה העליונה» lv=c /worksheets?grade=9&topic=20
d30a41993b3b43d7a382a5014f19b9b1,https://static.wixstatic.com/ugd/d8e7ad_d30a41993b3b43d7a382a5014f19b9b1.pdf,200,application/pdf,1204033,PASS,,G2 t=15 «מספרים עד 1000» lv=b /worksheets?grade=2&topic=15
d359aa570dc34715b9d954990c118222,https://static.wixstatic.com/ugd/d8e7ad_d359aa570dc34715b9d954990c118222.pdf,200,application/pdf,78586,PASS,,G8 t=48 «מערכות — פתרון אלגברי» lv=a /worksheets?grade=8&topic=48
d3b1fd9ed32a4c8192201c136c708120,https://static.wixstatic.com/ugd/d8e7ad_d3b1fd9ed32a4c8192201c136c708120.pdf,200,application/pdf,94042,PASS,,G4 t=19 «סוגי זוויות» lv=b /worksheets?grade=4&topic=19
d3eae004cfd54bd2ae7ca665dae27bc2,https://static.wixstatic.com/ugd/d8e7ad_d3eae004cfd54bd2ae7ca665dae27bc2.pdf,200,application/pdf,82073,PASS,,G8 t=25 «בחירת מדד» lv=b /worksheets?grade=8&topic=25
d427fe58f1c6442eaa54ad127c1675d8,https://static.wixstatic.com/ugd/d8e7ad_d427fe58f1c6442eaa54ad127c1675d8.pdf,200,application/pdf,58382,PASS,,G4 t=23 «שטח והיקף של צורות מורכבות» lv=b /worksheets?grade=4&topic=23
d5150d40761143e29f4ca6498dd15c27,https://static.wixstatic.com/ugd/d8e7ad_d5150d40761143e29f4ca6498dd15c27.pdf,200,application/pdf,828186,PASS,,G1 t=14 «בעיות מילוליות בציור ובמספר» lv=c /worksheets?grade=1&topic=14
d52759a778cb447588ae43dc2fdb2e3e,https://static.wixstatic.com/ugd/d8e7ad_d52759a778cb447588ae43dc2fdb2e3e.pdf,200,application/pdf,181523,PASS,,G8 t=32 «ישרים מקבילים לצירים» lv=b /worksheets?grade=8&topic=32
d52fa784e0bb409c8a4608fd9fb0122c,https://static.wixstatic.com/ugd/d8e7ad_d52fa784e0bb409c8a4608fd9fb0122c.pdf,200,application/pdf,76058,PASS,,G5 t=6 «סדר פעולות תכנון ולא רק ביצוע» lv=b /worksheets?grade=5&topic=6
d570670ee04040f5be500b5c2e8d340b,https://static.wixstatic.com/ugd/d8e7ad_d570670ee04040f5be500b5c2e8d340b.pdf,200,application/pdf,38890,PASS,,G8 t=62 «זוויות בין ישרים מקבילים» lv=a /worksheets?grade=8&topic=62
d5ee1fa37f0144aaaa3a3dfb9ba1b16a,https://static.wixstatic.com/ugd/d8e7ad_d5ee1fa37f0144aaaa3a3dfb9ba1b16a.pdf,200,application/pdf,63382,PASS,,G5 t=22 «היקף יחידות וקווים מקבילים מאונכים» lv=b /worksheets?grade=5&topic=22
d69b5574b7de42f4a5d088fdbdd505c3,https://static.wixstatic.com/ugd/d8e7ad_d69b5574b7de42f4a5d088fdbdd505c3.pdf,200,application/pdf,55306,PASS,,G7 t=50 «משימת הערכה 1» lv=a /worksheets?grade=7&topic=50
d6daf1c7a6704c19aae5d63c82bff8db,https://static.wixstatic.com/ugd/d8e7ad_d6daf1c7a6704c19aae5d63c82bff8db.pdf,200,application/pdf,115292,PASS,,G6 t=5 «כפל שברים יישום ובקרה» lv=b /worksheets?grade=6&topic=5
d6ee4238793f49e881c9b2a70915efa6,https://static.wixstatic.com/ugd/d8e7ad_d6ee4238793f49e881c9b2a70915efa6.pdf,200,application/pdf,171030,PASS,,G9 t=4 «משולש שווה שוקיים» lv=c /worksheets?grade=9&topic=4
d7220ff03c1644c196dc820a0438b11f,https://static.wixstatic.com/ugd/d8e7ad_d7220ff03c1644c196dc820a0438b11f.pdf,200,application/pdf,103219,PASS,,G8 t=36 «חפיפת משולשים» lv=a /worksheets?grade=8&topic=36
d7896eb1f13b4184b6a3e96ae9535ccc,https://static.wixstatic.com/ugd/d8e7ad_d7896eb1f13b4184b6a3e96ae9535ccc.pdf,200,application/pdf,1335122,PASS,,G2 t=26 «חצי ורבע» lv=a /worksheets?grade=2&topic=26
d7b408af0724473295b9dab6bd09251b,https://static.wixstatic.com/ugd/d8e7ad_d7b408af0724473295b9dab6bd09251b.pdf,200,application/pdf,111908,PASS,,G9 t=6 «משוואות ריבועיות ונוסחת השורשים» lv=c /worksheets?grade=9&topic=6
d7bf6b38debf497880eb0cbe48b580b4,https://static.wixstatic.com/ugd/d8e7ad_d7bf6b38debf497880eb0cbe48b580b4.pdf,200,application/pdf,60953,PASS,,G5 t=26 «שטח צורה מורכבת פירוק והרכבה» lv=b /worksheets?grade=5&topic=26
d7ccca4dfca9496fa61581c7db5201f7,https://static.wixstatic.com/ugd/d8e7ad_d7ccca4dfca9496fa61581c7db5201f7.pdf,200,application/pdf,1018602,PASS,,G2 t=17 «חילוק להכלה» lv=b /worksheets?grade=2&topic=17
d81a4bd4b7c34662a7a968ddb23831d5,https://static.wixstatic.com/ugd/d8e7ad_d81a4bd4b7c34662a7a968ddb23831d5.pdf,200,application/pdf,68415,PASS,,G5 t=14 «חיבור וחיסור מספרים מעורבים» lv=b /worksheets?grade=5&topic=14
d84668df3c894999b50350634abfab0f,https://static.wixstatic.com/ugd/d8e7ad_d84668df3c894999b50350634abfab0f.pdf,200,application/pdf,215669,PASS,,G9 t=19 «דמיון משולשים» lv=b /worksheets?grade=9&topic=19
d8a231ad5afa45998b0a22498216a4c8,https://static.wixstatic.com/ugd/d8e7ad_d8a231ad5afa45998b0a22498216a4c8.pdf,200,application/pdf,1090850,PASS,,G1 t=7 «בונים 20 דרך 10» lv=a /worksheets?grade=1&topic=7
d8b002095de6412ab85048f3910e60df,https://static.wixstatic.com/ugd/d8e7ad_d8b002095de6412ab85048f3910e60df.pdf,200,application/pdf,117276,PASS,,G6 t=16 «מרובעים ויחסי הכלה חזרה מנומקת» lv=b /worksheets?grade=6&topic=16
d8e572a0802f4380bedcd24b93845936,https://static.wixstatic.com/ugd/d8e7ad_d8e572a0802f4380bedcd24b93845936.pdf,200,application/pdf,89107,PASS,,G7 t=25 «שכיחות» lv=a /worksheets?grade=7&topic=25
d8ef1a0b6b554adcb2c180826f606848,https://static.wixstatic.com/ugd/d8e7ad_d8ef1a0b6b554adcb2c180826f606848.pdf,200,application/pdf,145749,PASS,,G9 t=30 «מנסרה משולשת חלק 1 — מבנה ונפח — לכיתה ט׳» lv=c /worksheets?grade=9&topic=30
d8fe9431a9a4441cbff7804ca36bb39a,https://static.wixstatic.com/ugd/d8e7ad_d8fe9431a9a4441cbff7804ca36bb39a.pdf,200,application/pdf,112191,PASS,,G4 t=21 «יחידות אורך והמרות» lv=a /worksheets?grade=4&topic=21
d9d2a864cd754df8a0d0a4de77d90e8b,https://static.wixstatic.com/ugd/d8e7ad_d9d2a864cd754df8a0d0a4de77d90e8b.pdf,200,application/pdf,126527,PASS,,G3 t=20 «קוראים דיאגרמה» lv=b /worksheets?grade=3&topic=20
d9d3938fc7d94c4e844dee3c1631f42d,https://static.wixstatic.com/ugd/d8e7ad_d9d3938fc7d94c4e844dee3c1631f42d.pdf,200,application/pdf,2237285,PASS,,G1 t=15 «מודדים ומשווים אורך» lv=b /worksheets?grade=1&topic=15
d9f8a83aaa9e4c8eb3a2fcdd3091c471,https://static.wixstatic.com/ugd/d8e7ad_d9f8a83aaa9e4c8eb3a2fcdd3091c471.pdf,200,application/pdf,42938,PASS,,G9 t=10 «הסתברות» lv=a /worksheets?grade=9&topic=10
d9fd0dfdc28b4dbba0c299bb8aaa835a,https://static.wixstatic.com/ugd/d8e7ad_d9fd0dfdc28b4dbba0c299bb8aaa835a.pdf,200,application/pdf,1080746,PASS,,G1 t=13 «שרשראות ופירמידות מספרים» lv=a /worksheets?grade=1&topic=13
da60eb1557e04c9e88b767bfda4a7d12,https://static.wixstatic.com/ugd/d8e7ad_da60eb1557e04c9e88b767bfda4a7d12.pdf,200,application/pdf,59854,PASS,,G3 t=14 «מצולעים צלעות וקודקודים» lv=b /worksheets?grade=3&topic=14
daa26ec41a8e4045848e7210b4490984,https://static.wixstatic.com/ugd/d8e7ad_daa26ec41a8e4045848e7210b4490984.pdf,200,application/pdf,2555607,PASS,,G1 t=23 «הרכבה ופירוק» lv=c /worksheets?grade=1&topic=23
db0ac55bcd744767b34578c1f77f9475,https://static.wixstatic.com/ugd/d8e7ad_db0ac55bcd744767b34578c1f77f9475.pdf,200,application/pdf,185270,PASS,,G8 t=55 «סינתזה גאומטרית» lv=a /worksheets?grade=8&topic=55
db9c04190e124de1818dd41f9beb9258,https://static.wixstatic.com/ugd/d8e7ad_db9c04190e124de1818dd41f9beb9258.pdf,200,application/pdf,64546,PASS,,G8 t=59 «הערכה מסכמת» lv=one /worksheets?grade=8&topic=59
dce1ebf1e14541f58d5ada9918a1e97e,https://static.wixstatic.com/ugd/d8e7ad_dce1ebf1e14541f58d5ada9918a1e97e.pdf,200,application/pdf,59948,PASS,,G3 t=14 «מצולעים צלעות וקודקודים» lv=a /worksheets?grade=3&topic=14
dd8a073962444df9b1c136462c7ba851,https://static.wixstatic.com/ugd/d8e7ad_dd8a073962444df9b1c136462c7ba851.pdf,200,application/pdf,47012,PASS,,G9 t=38 «יחסי צלעות וזוויות» lv=a /worksheets?grade=9&topic=38
dde8aeeba45c4601a2b01c386a200df2,https://static.wixstatic.com/ugd/d8e7ad_dde8aeeba45c4601a2b01c386a200df2.pdf,200,application/pdf,319644,PASS,,G2 t=22 «זוגי אי זוגי וסדרות ב» lv=a /worksheets?grade=2&topic=22
de12590ded914d43befe73a56d895911,https://static.wixstatic.com/ugd/d8e7ad_de12590ded914d43befe73a56d895911.pdf,200,application/pdf,63805,PASS,,G4 t=13 «שברים שקולים ייצוגים השוואה וישר מספרים» lv=a /worksheets?grade=4&topic=13
de61f3fb197e481796aa9ba2e98dc89a,https://static.wixstatic.com/ugd/d8e7ad_de61f3fb197e481796aa9ba2e98dc89a.pdf,200,application/pdf,62287,PASS,,G9 t=9 «סטטיסטיקה» lv=b /worksheets?grade=9&topic=9
de73a9e95e264a10816023e34a518b87,https://static.wixstatic.com/ugd/d8e7ad_de73a9e95e264a10816023e34a518b87.pdf,200,application/pdf,72926,PASS,,G8 t=4 «יחס ופרופורציה» lv=a /worksheets?grade=8&topic=4
deb2cde8e4f84ab480c2b19903ef681c,https://static.wixstatic.com/ugd/d8e7ad_deb2cde8e4f84ab480c2b19903ef681c.pdf,200,application/pdf,87079,PASS,,G9 t=16 «חוקי חזקות» lv=a /worksheets?grade=9&topic=16
df302ac9438245c999579e924c53b894,https://static.wixstatic.com/ugd/d8e7ad_df302ac9438245c999579e924c53b894.pdf,200,application/pdf,93818,PASS,,G8 t=18 «דיאגרמת עוגה» lv=b /worksheets?grade=8&topic=18
df720cd2c2ef44f585c82442de7d976e,https://static.wixstatic.com/ugd/d8e7ad_df720cd2c2ef44f585c82442de7d976e.pdf,200,application/pdf,305948,PASS,,G3 t=7 «חיסור בטור עם פריטה» lv=a /worksheets?grade=3&topic=7
dfb4400a11c9432988225d4ce46ad10b,https://static.wixstatic.com/ugd/d8e7ad_dfb4400a11c9432988225d4ce46ad10b.pdf,200,application/pdf,196504,PASS,,"G7 t=11 «זוויות חלק 1 — היכרות, סימון ומדידה» lv=a /worksheets?grade=7&topic=11"
dfb888deddfa46cd8f7b614b929752fa,https://static.wixstatic.com/ugd/d8e7ad_dfb888deddfa46cd8f7b614b929752fa.pdf,200,application/pdf,209641,PASS,,G8 t=47 «מערכות — חיתוך גרפי» lv=c /worksheets?grade=8&topic=47
e06dc4f3d13d460984f6248581632005,https://static.wixstatic.com/ugd/d8e7ad_e06dc4f3d13d460984f6248581632005.pdf,200,application/pdf,236892,PASS,,G9 t=27 «שטח משולש — העמקה — לכיתה ט׳» lv=b /worksheets?grade=9&topic=27
e091562d859a4059abca94dfddc17bfa,https://static.wixstatic.com/ugd/d8e7ad_e091562d859a4059abca94dfddc17bfa.pdf,200,application/pdf,117755,PASS,,G9 t=13 «המעוין» lv=b /worksheets?grade=9&topic=13
e0c9195f53534f45bc19259cbb85ccb8,https://static.wixstatic.com/ugd/d8e7ad_e0c9195f53534f45bc19259cbb85ccb8.pdf,200,application/pdf,46546,PASS,,G8 t=63 «מעגל ועיגול — היקף ושטח» lv=a /worksheets?grade=8&topic=63
e0e9707b398b44e2bc899bf2b408d49e,https://static.wixstatic.com/ugd/d8e7ad_e0e9707b398b44e2bc899bf2b408d49e.pdf,200,application/pdf,87345,PASS,,G4 t=5 «אומדן ובעיות חיבור וחיסור כולל כסף» lv=a /worksheets?grade=4&topic=5
e13ce58e9f254208af499819247e95a3,https://static.wixstatic.com/ugd/d8e7ad_e13ce58e9f254208af499819247e95a3.pdf,200,application/pdf,120890,PASS,,G7 t=37 «משוואות ופתרונן חלק 2 — סוגריים ושקילות» lv=c /worksheets?grade=7&topic=37
e15adebe83404217949112c18ca80e53,https://static.wixstatic.com/ugd/d8e7ad_e15adebe83404217949112c18ca80e53.pdf,200,application/pdf,124751,PASS,,G9 t=13 «המעוין» lv=a /worksheets?grade=9&topic=13
e164f4a076a648ada3ee4da1440c5c90,https://static.wixstatic.com/ugd/d8e7ad_e164f4a076a648ada3ee4da1440c5c90.pdf,200,application/pdf,2494429,PASS,,G1 t=17 «מצולעים» lv=a /worksheets?grade=1&topic=17
e1a5c17bf98f45d98fdc20681608440a,https://static.wixstatic.com/ugd/d8e7ad_e1a5c17bf98f45d98fdc20681608440a.pdf,200,application/pdf,102270,PASS,,G8 t=11 «פיתגורס» lv=a /worksheets?grade=8&topic=11
e1e687cf7eb844bf8ac3dff676207100,https://static.wixstatic.com/ugd/d8e7ad_e1e687cf7eb844bf8ac3dff676207100.pdf,200,application/pdf,48112,PASS,,G9 t=10 «הסתברות» lv=b /worksheets?grade=9&topic=10
e1fd4ea38ff24d3abba2e16411388444,https://static.wixstatic.com/ugd/d8e7ad_e1fd4ea38ff24d3abba2e16411388444.pdf,200,application/pdf,934295,PASS,,G2 t=6 «חיבור דו ספרתי עם המרה» lv=b /worksheets?grade=2&topic=6
e20c9ddfd2dc4868a87eeb3cf3bd62cf,https://static.wixstatic.com/ugd/d8e7ad_e20c9ddfd2dc4868a87eeb3cf3bd62cf.pdf,200,application/pdf,61902,PASS,,G5 t=20 «בניית צורות ומיון לפי תכונות» lv=c /worksheets?grade=5&topic=20
e224d2095c3640e6b17f36cc113d3663,https://static.wixstatic.com/ugd/d8e7ad_e224d2095c3640e6b17f36cc113d3663.pdf,200,application/pdf,63381,PASS,,G6 t=14 «נפח תיבה ומבנים» lv=c /worksheets?grade=6&topic=14
e24abb3640284e0b982453d36a86217f,https://static.wixstatic.com/ugd/d8e7ad_e24abb3640284e0b982453d36a86217f.pdf,200,application/pdf,43273,PASS,,G9 t=37 «משולש ישר זווית 30-60-90» lv=b /worksheets?grade=9&topic=37
e2534608194f4b2da81513455d8e5276,https://static.wixstatic.com/ugd/d8e7ad_e2534608194f4b2da81513455d8e5276.pdf,200,application/pdf,105616,PASS,,G8 t=36 «חפיפת משולשים» lv=b /worksheets?grade=8&topic=36
e29afc0d9c824f4f9bd94ed04d54436d,https://static.wixstatic.com/ugd/d8e7ad_e29afc0d9c824f4f9bd94ed04d54436d.pdf,200,application/pdf,81261,PASS,,G7 t=42 «פיתגורס חלק 1 — היכרות וחישוב» lv=b /worksheets?grade=7&topic=42
e2a3037f4afe475bb4f5b5e36ba35b83,https://static.wixstatic.com/ugd/d8e7ad_e2a3037f4afe475bb4f5b5e36ba35b83.pdf,200,application/pdf,90343,PASS,,G4 t=4 «חיסור רב ספרתי בטור» lv=b /worksheets?grade=4&topic=4
e3427c3756614e028766768e439e667a,https://static.wixstatic.com/ugd/d8e7ad_e3427c3756614e028766768e439e667a.pdf,200,application/pdf,89971,PASS,,G7 t=29 «שוויון ביטויים חלק 1 — כינוס ופילוג» lv=a /worksheets?grade=7&topic=29
e34e62a0e28d41749baa3c91c228bc24,https://static.wixstatic.com/ugd/d8e7ad_e34e62a0e28d41749baa3c91c228bc24.pdf,200,application/pdf,1081758,PASS,,G1 t=10 «שוויון נעלם והשוואת תרגילים» lv=a /worksheets?grade=1&topic=10
e35abc3cadf24904ba543a7322802d77,https://static.wixstatic.com/ugd/d8e7ad_e35abc3cadf24904ba543a7322802d77.pdf,200,application/pdf,74688,PASS,,G8 t=3 «מכנים מספריים» lv=b /worksheets?grade=8&topic=3
e38b2869141b41fb9f000c5cd3dcad50,https://static.wixstatic.com/ugd/d8e7ad_e38b2869141b41fb9f000c5cd3dcad50.pdf,200,application/pdf,68875,PASS,,G6 t=4 «כפל מספרים מעורבים» lv=a /worksheets?grade=6&topic=4
e3ee1aa0fb95439e8e113026676b5c90,https://static.wixstatic.com/ugd/d8e7ad_e3ee1aa0fb95439e8e113026676b5c90.pdf,200,application/pdf,105130,PASS,,G4 t=24 «זמן ומשקל המרות ויישום» lv=b /worksheets?grade=4&topic=24
e403744f65f64642aa9228e059ed6afb,https://static.wixstatic.com/ugd/d8e7ad_e403744f65f64642aa9228e059ed6afb.pdf,200,application/pdf,72379,PASS,,G5 t=12 «חלק מכמות» lv=c /worksheets?grade=5&topic=12
e411b71b6b02446ea943eef41430f56a,https://static.wixstatic.com/ugd/d8e7ad_e411b71b6b02446ea943eef41430f56a.pdf,200,application/pdf,51519,PASS,,G9 t=45 «הפרש ריבועים» lv=a /worksheets?grade=9&topic=45
e429aa318e6c421395fe1faafa1aa1c2,https://static.wixstatic.com/ugd/d8e7ad_e429aa318e6c421395fe1faafa1aa1c2.pdf,200,application/pdf,89263,PASS,,G7 t=36 «מפשטים ואז פותרים» lv=b /worksheets?grade=7&topic=36
e4dac9f4a5d441e196caa8e5b6f1f800,https://static.wixstatic.com/ugd/d8e7ad_e4dac9f4a5d441e196caa8e5b6f1f800.pdf,200,application/pdf,83948,PASS,,G7 t=47 «מנסרה משולשת חלק 1 — מבנה ונפח» lv=c /worksheets?grade=7&topic=47
e5be02dde9a4485ea3cfd2977e5c4987,https://static.wixstatic.com/ugd/d8e7ad_e5be02dde9a4485ea3cfd2977e5c4987.pdf,200,application/pdf,68991,PASS,,G5 t=14 «חיבור וחיסור מספרים מעורבים» lv=a /worksheets?grade=5&topic=14
e5fb1788eebf4454af724db1134864ee,https://static.wixstatic.com/ugd/d8e7ad_e5fb1788eebf4454af724db1134864ee.pdf,200,application/pdf,1083806,PASS,,G1 t=3 «סדר שכנים והשוואה» lv=b /worksheets?grade=1&topic=3
e6085f0b07e9474a84bf173f1b6a2a79,https://static.wixstatic.com/ugd/d8e7ad_e6085f0b07e9474a84bf173f1b6a2a79.pdf,200,application/pdf,89251,PASS,,G6 t=19 «אחוז כחלק מכמות» lv=b /worksheets?grade=6&topic=19
e6085fabad2847c1a26399376ea79e4e,https://static.wixstatic.com/ugd/d8e7ad_e6085fabad2847c1a26399376ea79e4e.pdf,200,application/pdf,85959,PASS,,G7 t=46 «שטחים ב׳ חלק 2 — מצולעים מורכבים» lv=b /worksheets?grade=7&topic=46
e69b17161f424491ae34aeb24f225d1b,https://static.wixstatic.com/ugd/d8e7ad_e69b17161f424491ae34aeb24f225d1b.pdf,200,application/pdf,74079,PASS,,G5 t=15 «השלמת שברים ופעולות הפוכות» lv=b /worksheets?grade=5&topic=15
e741516014b54bc992d24f2174a45395,https://static.wixstatic.com/ugd/d8e7ad_e741516014b54bc992d24f2174a45395.pdf,200,application/pdf,91419,PASS,,G7 t=46 «שטחים ב׳ חלק 2 — מצולעים מורכבים» lv=c /worksheets?grade=7&topic=46
e7a4d6dd428a4d618c9c132abd0b6689,https://static.wixstatic.com/ugd/d8e7ad_e7a4d6dd428a4d618c9c132abd0b6689.pdf,200,application/pdf,1376562,PASS,,G2 t=2 «עשרות ויחידות בתחום 100» lv=c /worksheets?grade=2&topic=2
e7d34c800da64904913891d951abc08f,https://static.wixstatic.com/ugd/d8e7ad_e7d34c800da64904913891d951abc08f.pdf,200,application/pdf,1148284,PASS,,G2 t=11 «בעיות מילוליות וכסף» lv=b /worksheets?grade=2&topic=11
e85bc87a7bdb49d780d445b6d4a0eca3,https://static.wixstatic.com/ugd/d8e7ad_e85bc87a7bdb49d780d445b6d4a0eca3.pdf,200,application/pdf,81485,PASS,,G6 t=18 «שבר עשרוני ואחוז שלושה ייצוגים לאותו מספר» lv=a /worksheets?grade=6&topic=18
e878759e4a3f47b5a74943b59ef6f801,https://static.wixstatic.com/ugd/d8e7ad_e878759e4a3f47b5a74943b59ef6f801.pdf,200,application/pdf,173226,PASS,,G7 t=9 «הרחבת מערכת הצירים חלק 1» lv=b /worksheets?grade=7&topic=9
e878b597f9a74401987780ff36935b80,https://static.wixstatic.com/ugd/d8e7ad_e878b597f9a74401987780ff36935b80.pdf,200,application/pdf,77292,PASS,,G4 t=19 «סוגי זוויות» lv=a /worksheets?grade=4&topic=19
e8d7e047c4fc4cd9923e139d248eac97,https://static.wixstatic.com/ugd/d8e7ad_e8d7e047c4fc4cd9923e139d248eac97.pdf,200,application/pdf,83109,PASS,,G7 t=19 «שטח משולש — העמקה» lv=b /worksheets?grade=7&topic=19
e955cca812d1457eb75d2c88b3a852e0,https://static.wixstatic.com/ugd/d8e7ad_e955cca812d1457eb75d2c88b3a852e0.pdf,200,application/pdf,1099508,PASS,,G1 t=2 «קוראים כותבים ומייצגים עד 100» lv=b /worksheets?grade=1&topic=2
e98f0207a4f44047be6953d6d36fcbcc,https://static.wixstatic.com/ugd/d8e7ad_e98f0207a4f44047be6953d6d36fcbcc.pdf,200,application/pdf,78245,PASS,,G3 t=16 «מיון משולשים» lv=c /worksheets?grade=3&topic=16
ea61dc93d42c4f6c9b2799b0d240b577,https://static.wixstatic.com/ugd/d8e7ad_ea61dc93d42c4f6c9b2799b0d240b577.pdf,200,application/pdf,87808,PASS,,G7 t=26 «שכיחות יחסית חלק 1 — היכרות» lv=a /worksheets?grade=7&topic=26
ea729112623947438f48fc3e3b982219,https://static.wixstatic.com/ugd/d8e7ad_ea729112623947438f48fc3e3b982219.pdf,200,application/pdf,1526418,PASS,,G2 t=13 «מאות עשרות ויחידות» lv=c /worksheets?grade=2&topic=13
eaacaafa395d4576864bc1c8adf44e85,https://static.wixstatic.com/ugd/d8e7ad_eaacaafa395d4576864bc1c8adf44e85.pdf,200,application/pdf,44749,PASS,,G9 t=38 «יחסי צלעות וזוויות» lv=b /worksheets?grade=9&topic=38
eb9ea1806b9e494ba835dc2f182d54bb,https://static.wixstatic.com/ugd/d8e7ad_eb9ea1806b9e494ba835dc2f182d54bb.pdf,200,application/pdf,2798210,PASS,,G1 t=21 «נתונים» lv=c /worksheets?grade=1&topic=21
ece8e07ec57f48789692dbd38faba16f,https://static.wixstatic.com/ugd/d8e7ad_ece8e07ec57f48789692dbd38faba16f.pdf,200,application/pdf,153609,PASS,,G9 t=11 «המלבן» lv=a /worksheets?grade=9&topic=11
ecfa7dc568e9472ba30ba355de4472df,https://static.wixstatic.com/ugd/d8e7ad_ecfa7dc568e9472ba30ba355de4472df.pdf,200,application/pdf,367198,PASS,,G9 t=23 «מצולעים חופפים וטרנספורמציות — לכיתה ט׳» lv=c /worksheets?grade=9&topic=23
ed260cae5fdb4600a39d200f780df02e,https://static.wixstatic.com/ugd/d8e7ad_ed260cae5fdb4600a39d200f780df02e.pdf,200,application/pdf,68420,PASS,,G4 t=12 «שברים על ישר והשוואה» lv=b /worksheets?grade=4&topic=12
ed57ab38a2f44bd18228d010f57cdfc1,https://static.wixstatic.com/ugd/d8e7ad_ed57ab38a2f44bd18228d010f57cdfc1.pdf,200,application/pdf,311438,PASS,,G3 t=19 «מדידות זמן ומשקל» lv=a /worksheets?grade=3&topic=19
ed6ea5745d3848768ab3eb8431330a93,https://static.wixstatic.com/ugd/d8e7ad_ed6ea5745d3848768ab3eb8431330a93.pdf,200,application/pdf,87590,PASS,,G6 t=21 «יחס משמעות ייצוג ויחסים שקולים» lv=b /worksheets?grade=6&topic=21
ed8fbb45fc7647d7a0d498a57c7ea189,https://static.wixstatic.com/ugd/d8e7ad_ed8fbb45fc7647d7a0d498a57c7ea189.pdf,200,application/pdf,109895,PASS,,G9 t=26 «שטח מלבן וריבוע — העמקה — לכיתה ט׳» lv=c /worksheets?grade=9&topic=26
edf4cee1f5d44bab92eeed9302bd122e,https://static.wixstatic.com/ugd/d8e7ad_edf4cee1f5d44bab92eeed9302bd122e.pdf,200,application/pdf,93584,PASS,,G4 t=16 «מקבילים ומאונכים בצורות» lv=b /worksheets?grade=4&topic=16
ee05c7d0b7fd4b928db13cc1c3d96a0c,https://static.wixstatic.com/ugd/d8e7ad_ee05c7d0b7fd4b928db13cc1c3d96a0c.pdf,200,application/pdf,134594,PASS,,G8 t=54 «פיתגורס במרחב» lv=b /worksheets?grade=8&topic=54
ee0dffce722c4682bff4d4d9cb9ba435,https://static.wixstatic.com/ugd/d8e7ad_ee0dffce722c4682bff4d4d9cb9ba435.pdf,200,application/pdf,448281,PASS,,G9 t=15 «גיאומטריה אנליטית» lv=a /worksheets?grade=9&topic=15
ee6ed7b3cffb42f2b53bd3eb246396e7,https://static.wixstatic.com/ugd/d8e7ad_ee6ed7b3cffb42f2b53bd3eb246396e7.pdf,200,application/pdf,108812,PASS,,G8 t=15 «חרוט» lv=c /worksheets?grade=8&topic=15
ee9199cf8ed147cb88d0af902cc01eda,https://static.wixstatic.com/ugd/d8e7ad_ee9199cf8ed147cb88d0af902cc01eda.pdf,200,application/pdf,87652,PASS,,G4 t=2 «סדר שכנים ועיגול בתחום המיליון» lv=b /worksheets?grade=4&topic=2
eeb6f6ef08274bce9df4e9863ac5a7c4,https://static.wixstatic.com/ugd/d8e7ad_eeb6f6ef08274bce9df4e9863ac5a7c4.pdf,200,application/pdf,936742,PASS,,G2 t=8 «חיסור דו ספרתי עם פריטה» lv=b /worksheets?grade=2&topic=8
eeea738783c04c01a14578a599a968a6,https://static.wixstatic.com/ugd/d8e7ad_eeea738783c04c01a14578a599a968a6.pdf,200,application/pdf,61957,PASS,,G5 t=18 «משפחת המרובעים ויחסי הכלה» lv=b /worksheets?grade=5&topic=18
ef2518919d284820a6f47041cbdebbd8,https://static.wixstatic.com/ugd/d8e7ad_ef2518919d284820a6f47041cbdebbd8.pdf,200,application/pdf,311851,PASS,,G3 t=10 «חילוק והקשר ההפוך לכפל» lv=c /worksheets?grade=3&topic=10
ef35e8bd27eb48cea6c76d479ce01e57,https://static.wixstatic.com/ugd/d8e7ad_ef35e8bd27eb48cea6c76d479ce01e57.pdf,200,application/pdf,323432,PASS,,G2 t=22 «זוגי אי זוגי וסדרות ב» lv=b /worksheets?grade=2&topic=22
ef41934296044efeb6f8e36c80c7a1e3,https://static.wixstatic.com/ugd/d8e7ad_ef41934296044efeb6f8e36c80c7a1e3.pdf,200,application/pdf,105223,PASS,,G6 t=25 «משווים קבוצות ומנסחים מסקנות זהירות» lv=a /worksheets?grade=6&topic=25
ef4ab672a58642ecb2a323e4c08de80c,https://static.wixstatic.com/ugd/d8e7ad_ef4ab672a58642ecb2a323e4c08de80c.pdf,200,application/pdf,1129672,PASS,,G2 t=19 «משפחת כפל וחילוק» lv=b /worksheets?grade=2&topic=19
ef716fba16f84b7f9d31bd4a14f2eff5,https://static.wixstatic.com/ugd/d8e7ad_ef716fba16f84b7f9d31bd4a14f2eff5.pdf,200,application/pdf,95527,PASS,,G4 t=31 «דף סיכום אינטגרטיבי לכיתה ד» lv=a /worksheets?grade=4&topic=31
efc337091f534ebb81808317094acfe4,https://static.wixstatic.com/ugd/d8e7ad_efc337091f534ebb81808317094acfe4.pdf,200,application/pdf,1168347,PASS,,G2 t=8 «חיסור דו ספרתי עם פריטה» lv=c /worksheets?grade=2&topic=8
f03012dbe20d432a927645844a5b0131,https://static.wixstatic.com/ugd/d8e7ad_f03012dbe20d432a927645844a5b0131.pdf,200,application/pdf,237675,PASS,,G9 t=27 «שטח משולש — העמקה — לכיתה ט׳» lv=c /worksheets?grade=9&topic=27
f0322f3b96534e008538a9b9c2287fa8,https://static.wixstatic.com/ugd/d8e7ad_f0322f3b96534e008538a9b9c2287fa8.pdf,200,application/pdf,1412984,PASS,,G2 t=11 «בעיות מילוליות וכסף» lv=c /worksheets?grade=2&topic=11
f03eaeae9bf943cd968c931139c2fcff,https://static.wixstatic.com/ugd/d8e7ad_f03eaeae9bf943cd968c931139c2fcff.pdf,200,application/pdf,1468077,PASS,,G2 t=25 «שעון ומשך זמן» lv=b /worksheets?grade=2&topic=25
f068defc5cfc4d399f757acd636dde49,https://static.wixstatic.com/ugd/d8e7ad_f068defc5cfc4d399f757acd636dde49.pdf,200,application/pdf,145447,PASS,,G9 t=7 «המקבילית» lv=c /worksheets?grade=9&topic=7
f0918f4bf4dc487480242a3262a53872,https://static.wixstatic.com/ugd/d8e7ad_f0918f4bf4dc487480242a3262a53872.pdf,200,application/pdf,91847,PASS,,G7 t=21 «חוקיות» lv=c /worksheets?grade=7&topic=21
f1131c405f964186b3957ce2110c2915,https://static.wixstatic.com/ugd/d8e7ad_f1131c405f964186b3957ce2110c2915.pdf,200,application/pdf,87000,PASS,,G7 t=29 «שוויון ביטויים חלק 1 — כינוס ופילוג» lv=b /worksheets?grade=7&topic=29
f11e6c74021b42fbba74b9eba971af8d,https://static.wixstatic.com/ugd/d8e7ad_f11e6c74021b42fbba74b9eba971af8d.pdf,200,application/pdf,62128,PASS,,G5 t=18 «משפחת המרובעים ויחסי הכלה» lv=a /worksheets?grade=5&topic=18
f163f83d87f849f4b981db6ee2722269,https://static.wixstatic.com/ugd/d8e7ad_f163f83d87f849f4b981db6ee2722269.pdf,200,application/pdf,96432,PASS,,G6 t=8 «כפל וחילוק שברים בחירת פעולה» lv=a /worksheets?grade=6&topic=8
f178d05de2aa4bb48cdb8366de692b22,https://static.wixstatic.com/ugd/d8e7ad_f178d05de2aa4bb48cdb8366de692b22.pdf,200,application/pdf,1109361,PASS,,G1 t=16 «קבוצות שוות וחיבור חוזר» lv=a /worksheets?grade=1&topic=16
f1a9b8f2f9594d2590f7fbb5a7a08422,https://static.wixstatic.com/ugd/d8e7ad_f1a9b8f2f9594d2590f7fbb5a7a08422.pdf,200,application/pdf,89538,PASS,,G8 t=5 «קנה מידה» lv=b /worksheets?grade=8&topic=5
f2439d1ce90d4c2a87485dfc534bb79e,https://static.wixstatic.com/ugd/d8e7ad_f2439d1ce90d4c2a87485dfc534bb79e.pdf,200,application/pdf,1175404,PASS,,G2 t=19 «משפחת כפל וחילוק» lv=a /worksheets?grade=2&topic=19
f260e9f8518c40969d687883f88e31e7,https://static.wixstatic.com/ugd/d8e7ad_f260e9f8518c40969d687883f88e31e7.pdf,200,application/pdf,1252209,PASS,,G2 t=2 «עשרות ויחידות בתחום 100» lv=b /worksheets?grade=2&topic=2
f2843487095d49b49e3ad58813c59ad0,https://static.wixstatic.com/ugd/d8e7ad_f2843487095d49b49e3ad58813c59ad0.pdf,200,application/pdf,96130,PASS,,G8 t=40 «משולש שווה שוקיים» lv=c /worksheets?grade=8&topic=40
f2ab05fea8574817afa0fa8c205c7341,https://static.wixstatic.com/ugd/d8e7ad_f2ab05fea8574817afa0fa8c205c7341.pdf,200,application/pdf,116258,PASS,,G5 t=34 «שכיחות סיכוי וזמן מתוך נתונים» lv=c /worksheets?grade=5&topic=34
f2e2546357d7418e86517688f4aec048,https://static.wixstatic.com/ugd/d8e7ad_f2e2546357d7418e86517688f4aec048.pdf,200,application/pdf,61599,PASS,,G3 t=23 «בונים ומפרקים צורות» lv=c /worksheets?grade=3&topic=23
f41dd83e9f8b4200b7bfced99715646f,https://static.wixstatic.com/ugd/d8e7ad_f41dd83e9f8b4200b7bfced99715646f.pdf,200,application/pdf,101696,PASS,,G9 t=7 «המקבילית» lv=b /worksheets?grade=9&topic=7
f448dc893ff847feaf99370c191efcee,https://static.wixstatic.com/ugd/d8e7ad_f448dc893ff847feaf99370c191efcee.pdf,200,application/pdf,62464,PASS,,G5 t=23 «גובה במשולש חד זווית וישר זווית» lv=b /worksheets?grade=5&topic=23
f46b9f920bde495497cc05b2c76d6e7e,https://static.wixstatic.com/ugd/d8e7ad_f46b9f920bde495497cc05b2c76d6e7e.pdf,200,application/pdf,115851,PASS,,G5 t=34 «שכיחות סיכוי וזמן מתוך נתונים» lv=b /worksheets?grade=5&topic=34
f47d2401257a4618966a8363e5c4d922,https://static.wixstatic.com/ugd/d8e7ad_f47d2401257a4618966a8363e5c4d922.pdf,200,application/pdf,82068,PASS,,G3 t=17 «מרובעים לפי תכונות» lv=b /worksheets?grade=3&topic=17
f488deb2d20440fe94ede20dec685858,https://static.wixstatic.com/ugd/d8e7ad_f488deb2d20440fe94ede20dec685858.pdf,200,application/pdf,1100652,PASS,,G1 t=9 «חיסור בתחום 20» lv=a /worksheets?grade=1&topic=9
f4c4d27439a44b5eb8f980b029992640,https://static.wixstatic.com/ugd/d8e7ad_f4c4d27439a44b5eb8f980b029992640.pdf,200,application/pdf,169643,PASS,,G8 t=55 «סינתזה גאומטרית» lv=c /worksheets?grade=8&topic=55
f4e2bea04e5a4e7382733a7be67c5e46,https://static.wixstatic.com/ugd/d8e7ad_f4e2bea04e5a4e7382733a7be67c5e46.pdf,200,application/pdf,195707,PASS,,G9 t=25 «פיתגורס חלק 2 — שימושים — לכיתה ט׳» lv=b /worksheets?grade=9&topic=25
f54c90c36f054c3681381f178069f265,https://static.wixstatic.com/ugd/d8e7ad_f54c90c36f054c3681381f178069f265.pdf,200,application/pdf,2553621,PASS,,G1 t=18 «ריבוע ומלבן» lv=c /worksheets?grade=1&topic=18
f5b5667b73704755b1a658c7fa5b52fa,https://static.wixstatic.com/ugd/d8e7ad_f5b5667b73704755b1a658c7fa5b52fa.pdf,200,application/pdf,78212,PASS,,G4 t=26 «סימטריה שיקופית וסיבובית» lv=a /worksheets?grade=4&topic=26
f5d3a7e9b364436897f87f030dc92259,https://static.wixstatic.com/ugd/d8e7ad_f5d3a7e9b364436897f87f030dc92259.pdf,200,application/pdf,1146843,PASS,,G2 t=20 «פי בקבוצות שוות» lv=a /worksheets?grade=2&topic=20
f5e0edfba19344c890f203a33c6a0c27,https://static.wixstatic.com/ugd/d8e7ad_f5e0edfba19344c890f203a33c6a0c27.pdf,200,application/pdf,96816,PASS,,G8 t=10 «שורש ריבועי» lv=b /worksheets?grade=8&topic=10
f5fc815d55594464b6993c8711b4dba9,https://static.wixstatic.com/ugd/d8e7ad_f5fc815d55594464b6993c8711b4dba9.pdf,200,application/pdf,121756,PASS,,G8 t=39 «זווית חיצונית» lv=b /worksheets?grade=8&topic=39
f60bd48e0b284c718193734d2a4b3e93,https://static.wixstatic.com/ugd/d8e7ad_f60bd48e0b284c718193734d2a4b3e93.pdf,200,application/pdf,96823,PASS,,G7 t=42 «פיתגורס חלק 1 — היכרות וחישוב» lv=c /worksheets?grade=7&topic=42
f6358b93ac6b4b06a507ed6981be5660,https://static.wixstatic.com/ugd/d8e7ad_f6358b93ac6b4b06a507ed6981be5660.pdf,200,application/pdf,52063,PASS,,G9 t=36 «קריאת גרפים» lv=a /worksheets?grade=9&topic=36
f7215421b05142288d9480138282d7e1,https://static.wixstatic.com/ugd/d8e7ad_f7215421b05142288d9480138282d7e1.pdf,200,application/pdf,91448,PASS,,G3 t=3 «סדרות ואיתור טעות» lv=c /worksheets?grade=3&topic=3
f7e52398769742119ef519ca780a2910,https://static.wixstatic.com/ugd/d8e7ad_f7e52398769742119ef519ca780a2910.pdf,200,application/pdf,59831,PASS,,G6 t=9 «כפל מספרים עשרוניים» lv=b /worksheets?grade=6&topic=9
f7e8186f8f934bf6afd41a28b8e762de,https://static.wixstatic.com/ugd/d8e7ad_f7e8186f8f934bf6afd41a28b8e762de.pdf,200,application/pdf,1029900,PASS,,G2 t=1 «חוזרים להרכבות 10 ו 20» lv=b /worksheets?grade=2&topic=1
f802c020989d4603b395a3a68af7d7ba,https://static.wixstatic.com/ugd/d8e7ad_f802c020989d4603b395a3a68af7d7ba.pdf,200,application/pdf,88019,PASS,,G7 t=35 «משוואות דו־שלביות» lv=b /worksheets?grade=7&topic=35
f8cd27a059954becb846145802e92be4,https://static.wixstatic.com/ugd/d8e7ad_f8cd27a059954becb846145802e92be4.pdf,200,application/pdf,54417,PASS,,G9 t=35 «משפט פיתגורס» lv=a /worksheets?grade=9&topic=35
f9601108b5c041018a64abfcfadd3c70,https://static.wixstatic.com/ugd/d8e7ad_f9601108b5c041018a64abfcfadd3c70.pdf,200,application/pdf,92574,PASS,,G6 t=3 «כפל שבר בשבר» lv=b /worksheets?grade=6&topic=3
f97c62649ba442b788d9e4b6783f4be4,https://static.wixstatic.com/ugd/d8e7ad_f97c62649ba442b788d9e4b6783f4be4.pdf,200,application/pdf,213932,PASS,,G9 t=19 «דמיון משולשים» lv=a /worksheets?grade=9&topic=19
f9cbd69fe5244a218cd78555d690ad16,https://static.wixstatic.com/ugd/d8e7ad_f9cbd69fe5244a218cd78555d690ad16.pdf,200,application/pdf,80827,PASS,,G8 t=48 «מערכות — פתרון אלגברי» lv=b /worksheets?grade=8&topic=48
fa4391c3bd5d4dc2a8bbe59b4df98a6e,https://static.wixstatic.com/ugd/d8e7ad_fa4391c3bd5d4dc2a8bbe59b4df98a6e.pdf,200,application/pdf,74415,PASS,,G5 t=15 «השלמת שברים ופעולות הפוכות» lv=c /worksheets?grade=5&topic=15
fa4a852d28a2413194e3df3b911ae62e,https://static.wixstatic.com/ugd/d8e7ad_fa4a852d28a2413194e3df3b911ae62e.pdf,200,application/pdf,1082990,PASS,,G1 t=11 «דפוסים וסדרות» lv=a /worksheets?grade=1&topic=11
fa55e7cc520342109df6766b39fe126a,https://static.wixstatic.com/ugd/d8e7ad_fa55e7cc520342109df6766b39fe126a.pdf,200,application/pdf,63464,PASS,,G5 t=22 «היקף יחידות וקווים מקבילים מאונכים» lv=a /worksheets?grade=5&topic=22
fa8592180c5a42f9bf77b69bf9e4993d,https://static.wixstatic.com/ugd/d8e7ad_fa8592180c5a42f9bf77b69bf9e4993d.pdf,200,application/pdf,111431,PASS,,G5 t=32 «נעלמים ומשוואות בשברים» lv=a /worksheets?grade=5&topic=32
fab820d281f0404dbfcbbb1285e3832a,https://static.wixstatic.com/ugd/d8e7ad_fab820d281f0404dbfcbbb1285e3832a.pdf,200,application/pdf,177833,PASS,,"G7 t=11 «זוויות חלק 1 — היכרות, סימון ומדידה» lv=b /worksheets?grade=7&topic=11"
fb1ecc23a81946cf81e83dddf224da03,https://static.wixstatic.com/ugd/d8e7ad_fb1ecc23a81946cf81e83dddf224da03.pdf,200,application/pdf,84759,PASS,,G6 t=26 «שינוי ממדים מה קורה להיקף לשטח ולנפח» lv=b /worksheets?grade=6&topic=26
fb7b23a6ba0148a1b3214b2bded38404,https://static.wixstatic.com/ugd/d8e7ad_fb7b23a6ba0148a1b3214b2bded38404.pdf,200,application/pdf,62105,PASS,,G6 t=2 «כפל כחלק מכמות ושטח» lv=a /worksheets?grade=6&topic=2
fc05cf6b5c224f87ada0720dd677a3d5,https://static.wixstatic.com/ugd/d8e7ad_fc05cf6b5c224f87ada0720dd677a3d5.pdf,200,application/pdf,73679,PASS,,G7 t=5 «סדר פעולות החשבון במספרים מכוונים» lv=b /worksheets?grade=7&topic=5
fc252874db8c4b6a9e6339b6cea3f3ea,https://static.wixstatic.com/ugd/d8e7ad_fc252874db8c4b6a9e6339b6cea3f3ea.pdf,200,application/pdf,1358796,PASS,,G2 t=9 «אסטרטגיות חישוב אומדן ופיצוי» lv=a /worksheets?grade=2&topic=9
fc62c3516b5c4f4c8e3f433792c84c40,https://static.wixstatic.com/ugd/d8e7ad_fc62c3516b5c4f4c8e3f433792c84c40.pdf,200,application/pdf,105737,PASS,,G8 t=65 «הוכחות בחפיפת משולשים» lv=a /worksheets?grade=8&topic=65
fc7dc71e88f24a25bd9947a7ce052577,https://static.wixstatic.com/ugd/d8e7ad_fc7dc71e88f24a25bd9947a7ce052577.pdf,200,application/pdf,61293,PASS,,G5 t=20 «בניית צורות ומיון לפי תכונות» lv=b /worksheets?grade=5&topic=20
fc80e342c58e4cb2b154216fd3095612,https://static.wixstatic.com/ugd/d8e7ad_fc80e342c58e4cb2b154216fd3095612.pdf,200,application/pdf,532465,PASS,,G3 t=9 «כפל עובדות ומבנים» lv=c /worksheets?grade=3&topic=9
fc9ac60445034ae3b14df378e6f88c31,https://static.wixstatic.com/ugd/d8e7ad_fc9ac60445034ae3b14df378e6f88c31.pdf,200,application/pdf,518510,PASS,,G3 t=12 «זווית וסוגי זוויות» lv=a /worksheets?grade=3&topic=12
fd417c53e4934fdeb656a56ba50f3098,https://static.wixstatic.com/ugd/d8e7ad_fd417c53e4934fdeb656a56ba50f3098.pdf,200,application/pdf,88978,PASS,,G7 t=34 «משוואות חד־שלביות» lv=c /worksheets?grade=7&topic=34
fd50cac43f14444eabc6f685999ac05b,https://static.wixstatic.com/ugd/d8e7ad_fd50cac43f14444eabc6f685999ac05b.pdf,200,application/pdf,335795,PASS,,G9 t=12 «קדם אנליזה — מפונקציות לגרפים ובחזרה» lv=b /worksheets?grade=9&topic=12
fd79ec99777644aaaa82aca99741e72d,https://static.wixstatic.com/ugd/d8e7ad_fd79ec99777644aaaa82aca99741e72d.pdf,200,application/pdf,83294,PASS,,G4 t=1 «מספרים עד מיליון קריאה ופירוק» lv=b /worksheets?grade=4&topic=1
fdd86091d2d34c81ae2e008fd5b4b09b,https://static.wixstatic.com/ugd/d8e7ad_fdd86091d2d34c81ae2e008fd5b4b09b.pdf,200,application/pdf,103092,PASS,,G6 t=25 «משווים קבוצות ומנסחים מסקנות זהירות» lv=b /worksheets?grade=6&topic=25
fe41cb40e2684998a75d6b81dd59f2e1,https://static.wixstatic.com/ugd/d8e7ad_fe41cb40e2684998a75d6b81dd59f2e1.pdf,200,application/pdf,91687,PASS,,G7 t=4 «חילוק מספרים מכוונים» lv=a /worksheets?grade=7&topic=4
fe59996ff67f4f56970e4dad5d87d4bc,https://static.wixstatic.com/ugd/d8e7ad_fe59996ff67f4f56970e4dad5d87d4bc.pdf,200,application/pdf,90544,PASS,,G7 t=32 «מהו פתרון של משוואה» lv=a /worksheets?grade=7&topic=32
fe8c1a1691db42189124f2752c9f3f3b,https://static.wixstatic.com/ugd/d8e7ad_fe8c1a1691db42189124f2752c9f3f3b.pdf,200,application/pdf,65257,PASS,,G4 t=15 «מספרים ראשוניים ופריקים» lv=a /worksheets?grade=4&topic=15
fef1b3b9b2da48cabcf9ea8c595aaf3a,https://static.wixstatic.com/ugd/d8e7ad_fef1b3b9b2da48cabcf9ea8c595aaf3a.pdf,200,application/pdf,121580,PASS,,G9 t=7 «המקבילית» lv=a /worksheets?grade=9&topic=7
ff4c197865614c76b543d1546f4b4c7a,https://static.wixstatic.com/ugd/d8e7ad_ff4c197865614c76b543d1546f4b4c7a.pdf,200,application/pdf,116201,PASS,,G5 t=33 «ממוצע וחקר נתונים» lv=c /worksheets?grade=5&topic=33
ff7e1b534d2741bcb33afc310ba1b7ab,https://static.wixstatic.com/ugd/d8e7ad_ff7e1b534d2741bcb33afc310ba1b7ab.pdf,200,application/pdf,2898452,PASS,,G1 t=20 «שעה שלמה» lv=c /worksheets?grade=1&topic=20
ffc05ae95ee94af2b09e47a211197c73,https://static.wixstatic.com/ugd/d8e7ad_ffc05ae95ee94af2b09e47a211197c73.pdf,200,application/pdf,100951,PASS,,G8 t=46 «מילוליות — בחירת נעלמים» lv=a /worksheets?grade=8&topic=46
