נתיב,סוג,כותרת נוכחית,כותרת מוצעת,תיאור נוכחי,תיאור מוצע,מאושר,מקור,החלטה נדרשת
/worksheets?grade=1&topic=1,catalog-topic,,ספירה ומנייה – מונים בלי לפספס לכיתה א׳ | נועם דורון,,דפי עבודה במתמטיקה בנושא ספירה ומנייה לכיתה א׳. בחינם וללא הרשמה.,false,title:catalog-title|description:review-fix,
/worksheets?grade=1&topic=2,catalog-topic,,"קוראים, כותבים ומייצגים מספרים עד 100 לכיתה א׳ | נועם דורון",,"דפי עבודה במתמטיקה בנושא קוראים, כותבים ומייצגים מספרים עד 100 לכיתה א׳. בחינם וללא הרשמה.",false,title:catalog-title|description:catalog-title,
/worksheets?grade=1&topic=3,catalog-topic,,"סדר, שכנים והשוואת מספרים לכיתה א׳ | נועם דורון",,"דפי עבודה במתמטיקה בנושא סדר, שכנים והשוואת מספרים לכיתה א׳. בחינם וללא הרשמה.",false,title:catalog-title|description:catalog-title,
/worksheets?grade=1&topic=4,catalog-topic,,מרכיבים ומפרקים עד 10 לכיתה א׳ | נועם דורון,,דפי עבודה במתמטיקה בנושא מרכיבים ומפרקים עד 10 לכיתה א׳. בחינם וללא הרשמה.,false,title:catalog-title|description:catalog-title,"שלושה נושאים כמעט זהים בכיתה א׳ (4 ""מרכיבים ומפרקים עד 10"", 19 ""מרכיבים ומפרקים"", 23 ""הרכבה ופירוק"") באותה קבוצה ועם אותו אייקון. אין בקטלוג מידע שמבדיל ביניהם – נדרשת החלטת נועם (להבדיל בשם או לאחד)."
/worksheets?grade=1&topic=5,catalog-topic,,חיבור בתחום 10 לכיתה א׳ | נועם דורון,,דפי עבודה במתמטיקה בנושא חיבור בתחום 10 לכיתה א׳. בחינם וללא הרשמה.,false,title:catalog-title|description:catalog-title,
/worksheets?grade=1&topic=6,catalog-topic,,חיסור בתחום 10 לכיתה א׳ | נועם דורון,,דפי עבודה במתמטיקה בנושא חיסור בתחום 10 לכיתה א׳. בחינם וללא הרשמה.,false,title:catalog-title|description:catalog-title,
/worksheets?grade=1&topic=7,catalog-topic,,בונים 20 דרך 10 לכיתה א׳ | נועם דורון,,דפי עבודה במתמטיקה בנושא בונים 20 דרך 10 לכיתה א׳. בחינם וללא הרשמה.,false,title:catalog-title|description:catalog-title,
/worksheets?grade=1&topic=8,catalog-topic,,חיבור בתחום 20 לכיתה א׳ | נועם דורון,,דפי עבודה במתמטיקה בנושא חיבור בתחום 20 לכיתה א׳. בחינם וללא הרשמה.,false,title:catalog-title|description:catalog-title,
/worksheets?grade=1&topic=9,catalog-topic,,חיסור בתחום 20 לכיתה א׳ | נועם דורון,,דפי עבודה במתמטיקה בנושא חיסור בתחום 20 לכיתה א׳. בחינם וללא הרשמה.,false,title:catalog-title|description:catalog-title,
/worksheets?grade=1&topic=10,catalog-topic,,"שוויון, נעלם והשוואת תרגילים לכיתה א׳ | נועם דורון",,"דפי עבודה במתמטיקה בנושא שוויון, נעלם והשוואת תרגילים לכיתה א׳. בחינם וללא הרשמה.",false,title:catalog-title|description:catalog-title,
/worksheets?grade=1&topic=11,catalog-topic,,דפוסים וסדרות לכיתה א׳ | נועם דורון,,דפי עבודה במתמטיקה בנושא דפוסים וסדרות לכיתה א׳. בחינם וללא הרשמה.,false,title:catalog-title|description:catalog-title,
/worksheets?grade=1&topic=12,catalog-topic,,חוקרים את לוח המאה לכיתה א׳ | נועם דורון,,דפי עבודה במתמטיקה בנושא חוקרים את לוח המאה לכיתה א׳. בחינם וללא הרשמה.,false,title:catalog-title|description:catalog-title,
/worksheets?grade=1&topic=13,catalog-topic,,שרשראות ופירמידות מספרים לכיתה א׳ | נועם דורון,,דפי עבודה במתמטיקה בנושא שרשראות ופירמידות מספרים לכיתה א׳. בחינם וללא הרשמה.,false,title:catalog-title|description:catalog-title,
/worksheets?grade=1&topic=14,catalog-topic,,בעיות מילוליות בציור ובמספר לכיתה א׳ | נועם דורון,,דפי עבודה במתמטיקה בנושא בעיות מילוליות בציור ובמספר לכיתה א׳. בחינם וללא הרשמה.,false,title:catalog-title|description:catalog-title,
/worksheets?grade=1&topic=15,catalog-topic,,מודדים ומשווים אורך לכיתה א׳ | נועם דורון,,דפי עבודה במתמטיקה בנושא מודדים ומשווים אורך לכיתה א׳. בחינם וללא הרשמה.,false,title:catalog-title|description:catalog-title,
/worksheets?grade=1&topic=16,catalog-topic,,קבוצות שוות וחיבור חוזר לכיתה א׳ | נועם דורון,,דפי עבודה במתמטיקה בנושא קבוצות שוות וחיבור חוזר לכיתה א׳. בחינם וללא הרשמה.,false,title:catalog-title|description:catalog-title,
/worksheets?grade=1&topic=17,catalog-topic,,מצולעים לכיתה א׳ | נועם דורון,,דפי עבודה במתמטיקה בנושא מצולעים לכיתה א׳. בחינם וללא הרשמה.,false,title:catalog-title|description:catalog-title,
/worksheets?grade=1&topic=18,catalog-topic,,ריבוע ומלבן לכיתה א׳ | נועם דורון,,דפי עבודה במתמטיקה בנושא ריבוע ומלבן לכיתה א׳. בחינם וללא הרשמה.,false,title:catalog-title|description:catalog-title,
/worksheets?grade=1&topic=19,catalog-topic,,מרכיבים ומפרקים לכיתה א׳ | נועם דורון,,דפי עבודה במתמטיקה בנושא מרכיבים ומפרקים לכיתה א׳. בחינם וללא הרשמה.,false,title:catalog-title|description:catalog-title,"שלושה נושאים כמעט זהים בכיתה א׳ (4 ""מרכיבים ומפרקים עד 10"", 19 ""מרכיבים ומפרקים"", 23 ""הרכבה ופירוק"") באותה קבוצה ועם אותו אייקון. אין בקטלוג מידע שמבדיל ביניהם – נדרשת החלטת נועם (להבדיל בשם או לאחד)."
/worksheets?grade=1&topic=20,catalog-topic,,שעה שלמה לכיתה א׳ | נועם דורון,,דפי עבודה במתמטיקה בנושא שעה שלמה לכיתה א׳. בחינם וללא הרשמה.,false,title:catalog-title|description:catalog-title,
/worksheets?grade=1&topic=21,catalog-topic,,נתונים לכיתה א׳ | נועם דורון,,דפי עבודה במתמטיקה בנושא נתונים לכיתה א׳. בחינם וללא הרשמה.,false,title:catalog-title|description:catalog-title,
/worksheets?grade=1&topic=22,catalog-topic,,בעיות מילוליות פשוטות לכיתה א׳ | נועם דורון,,דפי עבודה במתמטיקה בנושא בעיות מילוליות פשוטות לכיתה א׳. בחינם וללא הרשמה.,false,title:catalog-title|description:catalog-title,
/worksheets?grade=1&topic=23,catalog-topic,,הרכבה ופירוק לכיתה א׳ | נועם דורון,,דפי עבודה במתמטיקה בנושא הרכבה ופירוק לכיתה א׳. בחינם וללא הרשמה.,false,title:catalog-title|description:catalog-title,"שלושה נושאים כמעט זהים בכיתה א׳ (4 ""מרכיבים ומפרקים עד 10"", 19 ""מרכיבים ומפרקים"", 23 ""הרכבה ופירוק"") באותה קבוצה ועם אותו אייקון. אין בקטלוג מידע שמבדיל ביניהם – נדרשת החלטת נועם (להבדיל בשם או לאחד)."
/worksheets?grade=2&topic=1,catalog-topic,,חוזרים להרכבות 10 ו־20 לכיתה ב׳ | נועם דורון,,דפי עבודה במתמטיקה בנושא חוזרים להרכבות 10 ו־20 לכיתה ב׳. בחינם וללא הרשמה.,false,title:catalog-title|description:catalog-title,
/worksheets?grade=2&topic=2,catalog-topic,,עשרות ויחידות בתחום 100 לכיתה ב׳ | נועם דורון,,דפי עבודה במתמטיקה בנושא עשרות ויחידות בתחום 100 לכיתה ב׳. בחינם וללא הרשמה.,false,title:catalog-title|description:catalog-title,
/worksheets?grade=2&topic=3,catalog-topic,,"סדר, השוואה וישר מספרים לכיתה ב׳ | נועם דורון",,"דפי עבודה במתמטיקה בנושא סדר, השוואה וישר מספרים לכיתה ב׳. בחינם וללא הרשמה.",false,title:catalog-title|description:catalog-title,
/worksheets?grade=2&topic=4,catalog-topic,,מוסיפים עשרות ומפרקים מספרים לכיתה ב׳ | נועם דורון,,דפי עבודה במתמטיקה בנושא מוסיפים עשרות ומפרקים מספרים לכיתה ב׳. בחינם וללא הרשמה.,false,title:catalog-title|description:catalog-title,
/worksheets?grade=2&topic=5,catalog-topic,,חיבור דו־ספרתי ללא המרה לכיתה ב׳ | נועם דורון,,דפי עבודה במתמטיקה בנושא חיבור דו־ספרתי ללא המרה לכיתה ב׳. בחינם וללא הרשמה.,false,title:catalog-title|description:catalog-title,
/worksheets?grade=2&topic=6,catalog-topic,,חיבור דו־ספרתי עם המרה לכיתה ב׳ | נועם דורון,,דפי עבודה במתמטיקה בנושא חיבור דו־ספרתי עם המרה לכיתה ב׳. בחינם וללא הרשמה.,false,title:catalog-title|description:catalog-title,
/worksheets?grade=2&topic=7,catalog-topic,,חיסור דו־ספרתי ללא פריטה לכיתה ב׳ | נועם דורון,,דפי עבודה במתמטיקה בנושא חיסור דו־ספרתי ללא פריטה לכיתה ב׳. בחינם וללא הרשמה.,false,title:catalog-title|description:catalog-title,
/worksheets?grade=2&topic=8,catalog-topic,,חיסור דו־ספרתי עם פריטה לכיתה ב׳ | נועם דורון,,דפי עבודה במתמטיקה בנושא חיסור דו־ספרתי עם פריטה לכיתה ב׳. בחינם וללא הרשמה.,false,title:catalog-title|description:catalog-title,
/worksheets?grade=2&topic=9,catalog-topic,,אסטרטגיות חישוב: אומדן ופיצוי לכיתה ב׳ | נועם דורון,,דפי עבודה במתמטיקה בנושא אסטרטגיות חישוב: אומדן ופיצוי לכיתה ב׳. בחינם וללא הרשמה.,false,title:catalog-title|description:catalog-title,
/worksheets?grade=2&topic=10,catalog-topic,,שוויון ומספר חסר לכיתה ב׳ | נועם דורון,,דפי עבודה במתמטיקה בנושא שוויון ומספר חסר לכיתה ב׳. בחינם וללא הרשמה.,false,title:catalog-title|description:catalog-title,
/worksheets?grade=2&topic=11,catalog-topic,,בעיות מילוליות וכסף לכיתה ב׳ | נועם דורון,,דפי עבודה במתמטיקה בנושא בעיות מילוליות וכסף לכיתה ב׳. בחינם וללא הרשמה.,false,title:catalog-title|description:catalog-title,
/worksheets?grade=2&topic=12,catalog-topic,,קוראים טבלה ודיאגרמת עמודות לכיתה ב׳ | נועם דורון,,דפי עבודה במתמטיקה בנושא קוראים טבלה ודיאגרמת עמודות לכיתה ב׳. בחינם וללא הרשמה.,false,title:catalog-title|description:catalog-title,
/worksheets?grade=2&topic=13,catalog-topic,,"מאות, עשרות ויחידות לכיתה ב׳ | נועם דורון",,"דפי עבודה במתמטיקה בנושא מאות, עשרות ויחידות לכיתה ב׳. בחינם וללא הרשמה.",false,title:catalog-title|description:catalog-title,
/worksheets?grade=2&topic=14,catalog-topic,,ממיינים ומשווים מספרים עד 1000 לכיתה ב׳ | נועם דורון,,דפי עבודה במתמטיקה בנושא ממיינים ומשווים מספרים עד 1000 לכיתה ב׳. בחינם וללא הרשמה.,false,title:catalog-title|description:catalog-title,
/worksheets?grade=2&topic=15,catalog-topic,,מספרים עד 1000 לכיתה ב׳ | נועם דורון,,דפי עבודה במתמטיקה בנושא מספרים עד 1000 לכיתה ב׳. בחינם וללא הרשמה.,false,title:catalog-title|description:catalog-title,
/worksheets?grade=2&topic=16,catalog-topic,,כפל: קבוצות שוות ומערכים לכיתה ב׳ | נועם דורון,,דפי עבודה במתמטיקה בנושא כפל: קבוצות שוות ומערכים לכיתה ב׳. בחינם וללא הרשמה.,false,title:catalog-title|description:catalog-title,
/worksheets?grade=2&topic=17,catalog-topic,,חילוק להכלה לכיתה ב׳ | נועם דורון,,דפי עבודה במתמטיקה בנושא חילוק להכלה לכיתה ב׳. בחינם וללא הרשמה.,false,title:catalog-title|description:catalog-title,
/worksheets?grade=2&topic=18,catalog-topic,,חילוק לחלקים שווים לכיתה ב׳ | נועם דורון,,דפי עבודה במתמטיקה בנושא חילוק לחלקים שווים לכיתה ב׳. בחינם וללא הרשמה.,false,title:catalog-title|description:catalog-title,
/worksheets?grade=2&topic=19,catalog-topic,,משפחת כפל וחילוק לכיתה ב׳ | נועם דורון,,דפי עבודה במתמטיקה בנושא משפחת כפל וחילוק לכיתה ב׳. בחינם וללא הרשמה.,false,title:catalog-title|description:catalog-title,
/worksheets?grade=2&topic=20,catalog-topic,,המושג ״פי״ – כפל בקבוצות שוות לכיתה ב׳ | נועם דורון,,דפי עבודה במתמטיקה בנושא המושג ״פי״ – כפל בקבוצות שוות לכיתה ב׳. בחינם וללא הרשמה.,false,title:catalog-title|description:catalog-title,
/worksheets?grade=2&topic=21,catalog-topic,,"זוגי, אי־זוגי וסדרות – חלק א׳ לכיתה ב׳ | נועם דורון",,"דפי עבודה במתמטיקה בנושא זוגי, אי־זוגי וסדרות – חלק א׳ לכיתה ב׳. בחינם וללא הרשמה.",false,title:catalog-title|description:catalog-title,
/worksheets?grade=2&topic=22,catalog-topic,,"זוגי, אי־זוגי וסדרות – חלק ב׳ לכיתה ב׳ | נועם דורון",,"דפי עבודה במתמטיקה בנושא זוגי, אי־זוגי וסדרות – חלק ב׳ לכיתה ב׳. בחינם וללא הרשמה.",false,title:catalog-title|description:catalog-title,
/worksheets?grade=2&topic=23,catalog-topic,,מדידת אורך לכיתה ב׳ | נועם דורון,,דפי עבודה במתמטיקה בנושא מדידת אורך לכיתה ב׳. בחינם וללא הרשמה.,false,title:catalog-title|description:catalog-title,
/worksheets?grade=2&topic=24,catalog-topic,,בעיות מילוליות וכסף פשוט לכיתה ב׳ | נועם דורון,,דפי עבודה במתמטיקה בנושא בעיות מילוליות וכסף פשוט לכיתה ב׳. בחינם וללא הרשמה.,false,title:catalog-title|description:catalog-title,
/worksheets?grade=2&topic=25,catalog-topic,,שעון ומשך זמן לכיתה ב׳ | נועם דורון,,דפי עבודה במתמטיקה בנושא שעון ומשך זמן לכיתה ב׳. בחינם וללא הרשמה.,false,title:catalog-title|description:catalog-title,
/worksheets?grade=2&topic=26,catalog-topic,,חצי ורבע לכיתה ב׳ | נועם דורון,,דפי עבודה במתמטיקה בנושא חצי ורבע לכיתה ב׳. בחינם וללא הרשמה.,false,title:catalog-title|description:catalog-title,
/worksheets?grade=2&topic=28,catalog-topic,,צורות וגופים – לא אותו דבר לכיתה ב׳ | נועם דורון,,דפי עבודה במתמטיקה בנושא צורות וגופים – לא אותו דבר לכיתה ב׳. בחינם וללא הרשמה.,false,title:catalog-title|description:catalog-title,
/worksheets?grade=2&topic=29,catalog-topic,,סימטרייה שיקופית אינטואיטיבית לכיתה ב׳ | נועם דורון,,דפי עבודה במתמטיקה בנושא סימטרייה שיקופית אינטואיטיבית לכיתה ב׳. בחינם וללא הרשמה.,false,title:catalog-title|description:catalog-title,
/worksheets?grade=2&topic=30,catalog-topic,,"סיכום: מספרים, פעולות וייצוגים לכיתה ב׳ | נועם דורון",,"דפי עבודה במתמטיקה בנושא סיכום: מספרים, פעולות וייצוגים לכיתה ב׳. בחינם וללא הרשמה.",false,title:catalog-title|description:catalog-title,
/worksheets?grade=3&topic=1,catalog-topic,,ערך מקום לכיתה ג׳ | נועם דורון,,דפי עבודה במתמטיקה בנושא ערך מקום לכיתה ג׳. בחינם וללא הרשמה.,false,title:catalog-title|description:catalog-title,
/worksheets?grade=3&topic=2,catalog-topic,,שכנים וישר מספרים לכיתה ג׳ | נועם דורון,,דפי עבודה במתמטיקה בנושא שכנים וישר מספרים לכיתה ג׳. בחינם וללא הרשמה.,false,title:catalog-title|description:catalog-title,
/worksheets?grade=3&topic=3,catalog-topic,,סדרות ואיתור טעות לכיתה ג׳ | נועם דורון,,דפי עבודה במתמטיקה בנושא סדרות ואיתור טעות לכיתה ג׳. בחינם וללא הרשמה.,false,title:catalog-title|description:catalog-title,
/worksheets?grade=3&topic=4,catalog-topic,,"מספרים עד 10,000 – אל הרבבה לכיתה ג׳ | נועם דורון",,"דפי עבודה במתמטיקה בנושא מספרים עד 10,000 – אל הרבבה לכיתה ג׳. בחינם וללא הרשמה.",false,title:catalog-title|description:catalog-title,
/worksheets?grade=3&topic=5,catalog-topic,,אומדן באמצעות מספרים קרובים לכיתה ג׳ | נועם דורון,,דפי עבודה במתמטיקה בנושא אומדן באמצעות מספרים קרובים לכיתה ג׳. בחינם וללא הרשמה.,false,title:catalog-title|description:catalog-title,
/worksheets?grade=3&topic=6,catalog-topic,,חיבור בטור עם המרה לכיתה ג׳ | נועם דורון,,דפי עבודה במתמטיקה בנושא חיבור בטור עם המרה לכיתה ג׳. בחינם וללא הרשמה.,false,title:catalog-title|description:catalog-title,
/worksheets?grade=3&topic=7,catalog-topic,,חיסור בטור עם פריטה לכיתה ג׳ | נועם דורון,,דפי עבודה במתמטיקה בנושא חיסור בטור עם פריטה לכיתה ג׳. בחינם וללא הרשמה.,false,title:catalog-title|description:catalog-title,
/worksheets?grade=3&topic=8,catalog-topic,,בעיות מילוליות לכיתה ג׳ | נועם דורון,,דפי עבודה במתמטיקה בנושא בעיות מילוליות לכיתה ג׳. בחינם וללא הרשמה.,false,title:catalog-title|description:catalog-title,
/worksheets?grade=3&topic=9,catalog-topic,,כפל – עובדות ומבנים לכיתה ג׳ | נועם דורון,,דפי עבודה במתמטיקה בנושא כפל – עובדות ומבנים לכיתה ג׳. בחינם וללא הרשמה.,false,title:catalog-title|description:catalog-title,
/worksheets?grade=3&topic=10,catalog-topic,,חילוק והקשר ההפוך לכפל לכיתה ג׳ | נועם דורון,,דפי עבודה במתמטיקה בנושא חילוק והקשר ההפוך לכפל לכיתה ג׳. בחינם וללא הרשמה.,false,title:catalog-title|description:catalog-title,
/worksheets?grade=3&topic=11,catalog-topic,,שברי יחידה וחלק משלם לכיתה ג׳ | נועם דורון,,דפי עבודה במתמטיקה בנושא שברי יחידה וחלק משלם לכיתה ג׳. בחינם וללא הרשמה.,false,title:catalog-title|description:catalog-title,
/worksheets?grade=3&topic=12,catalog-topic,,זווית וסוגי זוויות לכיתה ג׳ | נועם דורון,,דפי עבודה במתמטיקה בנושא זווית וסוגי זוויות לכיתה ג׳. בחינם וללא הרשמה.,false,title:catalog-title|description:catalog-title,
/worksheets?grade=3&topic=13,catalog-topic,,קווים וזוויות בצורות מוכרות לכיתה ג׳ | נועם דורון,,דפי עבודה במתמטיקה בנושא קווים וזוויות בצורות מוכרות לכיתה ג׳. בחינם וללא הרשמה.,false,title:catalog-title|description:catalog-title,
/worksheets?grade=3&topic=14,catalog-topic,,מצולעים: צלעות וקודקודים לכיתה ג׳ | נועם דורון,,דפי עבודה במתמטיקה בנושא מצולעים: צלעות וקודקודים לכיתה ג׳. בחינם וללא הרשמה.,false,title:catalog-title|description:catalog-title,
/worksheets?grade=3&topic=15,catalog-topic,,היקף מצולעים לכיתה ג׳ | נועם דורון,,דפי עבודה במתמטיקה בנושא היקף מצולעים לכיתה ג׳. בחינם וללא הרשמה.,false,title:catalog-title|description:catalog-title,
/worksheets?grade=3&topic=16,catalog-topic,,מיון משולשים לכיתה ג׳ | נועם דורון,,דפי עבודה במתמטיקה בנושא מיון משולשים לכיתה ג׳. בחינם וללא הרשמה.,false,title:catalog-title|description:catalog-title,
/worksheets?grade=3&topic=17,catalog-topic,,מרובעים לפי תכונות לכיתה ג׳ | נועם דורון,,דפי עבודה במתמטיקה בנושא מרובעים לפי תכונות לכיתה ג׳. בחינם וללא הרשמה.,false,title:catalog-title|description:catalog-title,
/worksheets?grade=3&topic=18,catalog-topic,,צורות על רשת: בנייה ופירוק לכיתה ג׳ | נועם דורון,,דפי עבודה במתמטיקה בנושא צורות על רשת: בנייה ופירוק לכיתה ג׳. בחינם וללא הרשמה.,false,title:catalog-title|description:catalog-title,
/worksheets?grade=3&topic=19,catalog-topic,,מדידות זמן ומשקל לכיתה ג׳ | נועם דורון,,דפי עבודה במתמטיקה בנושא מדידות זמן ומשקל לכיתה ג׳. בחינם וללא הרשמה.,false,title:catalog-title|description:catalog-title,
/worksheets?grade=3&topic=20,catalog-topic,,קוראים דיאגרמה לכיתה ג׳ | נועם דורון,,דפי עבודה במתמטיקה בנושא קוראים דיאגרמה לכיתה ג׳. בחינם וללא הרשמה.,false,title:catalog-title|description:catalog-title,
/worksheets?grade=3&topic=21,catalog-topic,,חילוק ובדיקה בכפל לכיתה ג׳ | נועם דורון,,דפי עבודה במתמטיקה בנושא חילוק ובדיקה בכפל לכיתה ג׳. בחינם וללא הרשמה.,false,title:catalog-title|description:catalog-title,
/worksheets?grade=3&topic=22,catalog-topic,,מדידות אורך: ס״מ ומטר לכיתה ג׳ | נועם דורון,,דפי עבודה במתמטיקה בנושא מדידות אורך: ס״מ ומטר לכיתה ג׳. בחינם וללא הרשמה.,false,title:catalog-title|description:catalog-title,
/worksheets?grade=3&topic=23,catalog-topic,,בונים ומפרקים צורות לכיתה ג׳ | נועם דורון,,דפי עבודה במתמטיקה בנושא בונים ומפרקים צורות לכיתה ג׳. בחינם וללא הרשמה.,false,title:catalog-title|description:catalog-title,
/worksheets?grade=3&topic=24,catalog-topic,,אוספים נתונים לכיתה ג׳ | נועם דורון,,דפי עבודה במתמטיקה בנושא אוספים נתונים לכיתה ג׳. בחינם וללא הרשמה.,false,title:catalog-title|description:catalog-title,
/worksheets?grade=3&topic=25,catalog-topic,,כסף לכיתה ג׳ | נועם דורון,,דפי עבודה במתמטיקה בנושא כסף לכיתה ג׳. בחינם וללא הרשמה.,false,title:catalog-title|description:catalog-title,
/worksheets?grade=4&topic=1,catalog-topic,,מספרים עד מיליון: קריאה ופירוק לכיתה ד׳ | נועם דורון,,דפי עבודה במתמטיקה בנושא מספרים עד מיליון: קריאה ופירוק לכיתה ד׳. בחינם וללא הרשמה.,false,title:catalog-title|description:catalog-title,
/worksheets?grade=4&topic=2,catalog-topic,,"סדר, שכנים ועיגול בתחום המיליון לכיתה ד׳ | נועם דורון",,"דפי עבודה במתמטיקה בנושא סדר, שכנים ועיגול בתחום המיליון לכיתה ד׳. בחינם וללא הרשמה.",false,title:catalog-title|description:catalog-title,
/worksheets?grade=4&topic=3,catalog-topic,,חיבור רב־ספרתי בטור לכיתה ד׳ | נועם דורון,,דפי עבודה במתמטיקה בנושא חיבור רב־ספרתי בטור לכיתה ד׳. בחינם וללא הרשמה.,false,title:catalog-title|description:catalog-title,
/worksheets?grade=4&topic=4,catalog-topic,,חיסור רב־ספרתי בטור לכיתה ד׳ | נועם דורון,,דפי עבודה במתמטיקה בנושא חיסור רב־ספרתי בטור לכיתה ד׳. בחינם וללא הרשמה.,false,title:catalog-title|description:catalog-title,
/worksheets?grade=4&topic=5,catalog-topic,,"אומדן ובעיות חיבור וחיסור, כולל כסף לכיתה ד׳ | נועם דורון",,"דפי עבודה במתמטיקה בנושא אומדן ובעיות חיבור וחיסור, כולל כסף לכיתה ד׳. בחינם וללא הרשמה.",false,title:catalog-title|description:catalog-title,
/worksheets?grade=4&topic=6,catalog-topic,,חוקי פעולות וכפל בעשרות שלמות לכיתה ד׳ | נועם דורון,,דפי עבודה במתמטיקה בנושא חוקי פעולות וכפל בעשרות שלמות לכיתה ד׳. בחינם וללא הרשמה.,false,title:catalog-title|description:catalog-title,
/worksheets?grade=4&topic=7,catalog-topic,,סדר פעולות חשבון לכיתה ד׳ | נועם דורון,,דפי עבודה במתמטיקה בנושא סדר פעולות חשבון לכיתה ד׳. בחינם וללא הרשמה.,false,title:catalog-title|description:catalog-title,
/worksheets?grade=4&topic=8,catalog-topic,,חוק הפילוג ומכפלות חלקיות לכיתה ד׳ | נועם דורון,,דפי עבודה במתמטיקה בנושא חוק הפילוג ומכפלות חלקיות לכיתה ד׳. בחינם וללא הרשמה.,false,title:catalog-title|description:catalog-title,
/worksheets?grade=4&topic=9,catalog-topic,,כפל רב־ספרתי לכיתה ד׳ | נועם דורון,,דפי עבודה במתמטיקה בנושא כפל רב־ספרתי לכיתה ד׳. בחינם וללא הרשמה.,false,title:catalog-title|description:catalog-title,
/worksheets?grade=4&topic=10,catalog-topic,,חילוק ארוך ושארית לכיתה ד׳ | נועם דורון,,דפי עבודה במתמטיקה בנושא חילוק ארוך ושארית לכיתה ד׳. בחינם וללא הרשמה.,false,title:catalog-title|description:catalog-title,
/worksheets?grade=4&topic=11,catalog-topic,,שבר: ייצוגים ושמות שקולים לכיתה ד׳ | נועם דורון,,דפי עבודה במתמטיקה בנושא שבר: ייצוגים ושמות שקולים לכיתה ד׳. בחינם וללא הרשמה.,false,title:catalog-title|description:catalog-title,
/worksheets?grade=4&topic=12,catalog-topic,,שברים על ישר והשוואה לכיתה ד׳ | נועם דורון,,דפי עבודה במתמטיקה בנושא שברים על ישר והשוואה לכיתה ד׳. בחינם וללא הרשמה.,false,title:catalog-title|description:catalog-title,
/worksheets?grade=4&topic=13,catalog-topic,,"שברים שקולים: ייצוגים, השוואה וישר מספרים לכיתה ד׳",,"דפי עבודה במתמטיקה בנושא שברים שקולים: ייצוגים, השוואה וישר מספרים לכיתה ד׳. בחינם וללא הרשמה.",false,title:catalog-title|description:catalog-title,
/worksheets?grade=4&topic=14,catalog-topic,,התחלקות וגורמים לכיתה ד׳ | נועם דורון,,דפי עבודה במתמטיקה בנושא התחלקות וגורמים לכיתה ד׳. בחינם וללא הרשמה.,false,title:catalog-title|description:catalog-title,
/worksheets?grade=4&topic=15,catalog-topic,,מספרים ראשוניים ופריקים לכיתה ד׳ | נועם דורון,,דפי עבודה במתמטיקה בנושא מספרים ראשוניים ופריקים לכיתה ד׳. בחינם וללא הרשמה.,false,title:catalog-title|description:catalog-title,
/worksheets?grade=4&topic=16,catalog-topic,,מקבילים ומאונכים בצורות לכיתה ד׳ | נועם דורון,,דפי עבודה במתמטיקה בנושא מקבילים ומאונכים בצורות לכיתה ד׳. בחינם וללא הרשמה.,false,title:catalog-title|description:catalog-title,
/worksheets?grade=4&topic=17,catalog-topic,,מצולעים ואלכסונים לכיתה ד׳ | נועם דורון,,דפי עבודה במתמטיקה בנושא מצולעים ואלכסונים לכיתה ד׳. בחינם וללא הרשמה.,false,title:catalog-title|description:catalog-title,
/worksheets?grade=4&topic=18,catalog-topic,,"מלבנים, ריבועים ויחסי הכלה לכיתה ד׳ | נועם דורון",,"דפי עבודה במתמטיקה בנושא מלבנים, ריבועים ויחסי הכלה לכיתה ד׳. בחינם וללא הרשמה.",false,title:catalog-title|description:catalog-title,
/worksheets?grade=4&topic=19,catalog-topic,,סוגי זוויות לכיתה ד׳ | נועם דורון,,דפי עבודה במתמטיקה בנושא סוגי זוויות לכיתה ד׳. בחינם וללא הרשמה.,false,title:catalog-title|description:catalog-title,
/worksheets?grade=4&topic=20,catalog-topic,,מיון משולשים לכיתה ד׳ | נועם דורון,,דפי עבודה במתמטיקה בנושא מיון משולשים לכיתה ד׳. בחינם וללא הרשמה.,false,title:catalog-title|description:catalog-title,
/worksheets?grade=4&topic=21,catalog-topic,,יחידות אורך והמרות לכיתה ד׳ | נועם דורון,,דפי עבודה במתמטיקה בנושא יחידות אורך והמרות לכיתה ד׳. בחינם וללא הרשמה.,false,title:catalog-title|description:catalog-title,
/worksheets?grade=4&topic=22,catalog-topic,,שטח והיקף של מלבן וריבוע לכיתה ד׳ | נועם דורון,,דפי עבודה במתמטיקה בנושא שטח והיקף של מלבן וריבוע לכיתה ד׳. בחינם וללא הרשמה.,false,title:catalog-title|description:catalog-title,
/worksheets?grade=4&topic=23,catalog-topic,,שטח והיקף של צורות מורכבות לכיתה ד׳ | נועם דורון,,דפי עבודה במתמטיקה בנושא שטח והיקף של צורות מורכבות לכיתה ד׳. בחינם וללא הרשמה.,false,title:catalog-title|description:catalog-title,
/worksheets?grade=4&topic=24,catalog-topic,,זמן ומשקל: המרות ויישום לכיתה ד׳ | נועם דורון,,דפי עבודה במתמטיקה בנושא זמן ומשקל: המרות ויישום לכיתה ד׳. בחינם וללא הרשמה.,false,title:catalog-title|description:catalog-title,
/worksheets?grade=4&topic=25,catalog-topic,,דיאגרמות ומסקנות לכיתה ד׳ | נועם דורון,,דפי עבודה במתמטיקה בנושא דיאגרמות ומסקנות לכיתה ד׳. בחינם וללא הרשמה.,false,title:catalog-title|description:catalog-title,
/worksheets?grade=4&topic=26,catalog-topic,,סימטריה שיקופית וסיבובית לכיתה ד׳ | נועם דורון,,דפי עבודה במתמטיקה בנושא סימטריה שיקופית וסיבובית לכיתה ד׳. בחינם וללא הרשמה.,false,title:catalog-title|description:catalog-title,
/worksheets?grade=4&topic=27,catalog-topic,,זוויות וקווים במישור לכיתה ד׳ | נועם דורון,,דפי עבודה במתמטיקה בנושא זוויות וקווים במישור לכיתה ד׳. בחינם וללא הרשמה.,false,title:catalog-title|description:catalog-title,
/worksheets?grade=4&topic=28,catalog-topic,,משולשים: מיון ובנייה לכיתה ד׳ | נועם דורון,,דפי עבודה במתמטיקה בנושא משולשים: מיון ובנייה לכיתה ד׳. בחינם וללא הרשמה.,false,title:catalog-title|description:catalog-title,
/worksheets?grade=4&topic=29,catalog-topic,,"מרובעים: תכונות, מיון והכלה לכיתה ד׳ | נועם דורון",,"דפי עבודה במתמטיקה בנושא מרובעים: תכונות, מיון והכלה לכיתה ד׳. בחינם וללא הרשמה.",false,title:catalog-title|description:catalog-title,
/worksheets?grade=4&topic=31,catalog-topic,,דף סיכום אינטגרטיבי לכיתה ד׳ | נועם דורון,,דף סיכום אינטגרטיבי במתמטיקה לכיתה ד׳ – חזרה משולבת על נושאי השנה. בחינם וללא הרשמה.,false,title:catalog-title|description:review-fix,
/worksheets?grade=5&topic=1,catalog-topic,,תובנה מספרית: כפל וחילוק בעשרות ובמאות לכיתה ה׳ | נועם דורון,,דפי עבודה במתמטיקה בנושא תובנה מספרית: כפל וחילוק בעשרות ובמאות לכיתה ה׳. בחינם וללא הרשמה.,false,title:catalog-title|description:catalog-title,
/worksheets?grade=5&topic=2,catalog-topic,,"מספרים גדולים: ערך מקום, עיגול ואומדן לכיתה ה׳ | נועם דורון",,"דפי עבודה במתמטיקה בנושא מספרים גדולים: ערך מקום, עיגול ואומדן לכיתה ה׳. בחינם וללא הרשמה.",false,title:catalog-title|description:catalog-title,
/worksheets?grade=5&topic=3,catalog-topic,,כפל רב־ספרתי ובדיקת סבירות לכיתה ה׳ | נועם דורון,,דפי עבודה במתמטיקה בנושא כפל רב־ספרתי ובדיקת סבירות לכיתה ה׳. בחינם וללא הרשמה.,false,title:catalog-title|description:catalog-title,
/worksheets?grade=5&topic=4,catalog-topic,,חילוק מאונך ושארית לכיתה ה׳ | נועם דורון,,דפי עבודה במתמטיקה בנושא חילוק מאונך ושארית לכיתה ה׳. בחינם וללא הרשמה.,false,title:catalog-title|description:catalog-title,
/worksheets?grade=5&topic=5,catalog-topic,,גורמים ראשוניים ופריקים לכיתה ה׳ | נועם דורון,,דפי עבודה במתמטיקה בנושא גורמים ראשוניים ופריקים לכיתה ה׳. בחינם וללא הרשמה.,false,title:catalog-title|description:catalog-title,
/worksheets?grade=5&topic=6,catalog-topic,,סדר פעולות: תכנון ולא רק ביצוע לכיתה ה׳ | נועם דורון,,דפי עבודה במתמטיקה בנושא סדר פעולות: תכנון ולא רק ביצוע לכיתה ה׳. בחינם וללא הרשמה.,false,title:catalog-title|description:catalog-title,
/worksheets?grade=5&topic=7,catalog-topic,,חזרה על משמעות השבר וייצוגיו לכיתה ה׳ | נועם דורון,,דפי עבודה במתמטיקה בנושא חזרה על משמעות השבר וייצוגיו לכיתה ה׳. בחינם וללא הרשמה.,false,title:catalog-title|description:catalog-title,
/worksheets?grade=5&topic=8,catalog-topic,,שברים על ישר והשוואה לכיתה ה׳ | נועם דורון,,דפי עבודה במתמטיקה בנושא שברים על ישר והשוואה לכיתה ה׳. בחינם וללא הרשמה.,false,title:catalog-title|description:catalog-title,
/worksheets?grade=5&topic=9,catalog-topic,,הרחבה וצמצום שברים שקולים לכיתה ה׳ | נועם דורון,,דפי עבודה במתמטיקה בנושא הרחבה וצמצום שברים שקולים לכיתה ה׳. בחינם וללא הרשמה.,false,title:catalog-title|description:catalog-title,
/worksheets?grade=5&topic=10,catalog-topic,,מכנה משותף: בחירה יעילה לכיתה ה׳ | נועם דורון,,דפי עבודה במתמטיקה בנושא מכנה משותף: בחירה יעילה לכיתה ה׳. בחינם וללא הרשמה.,false,title:catalog-title|description:catalog-title,
/worksheets?grade=5&topic=11,catalog-topic,,חיבור וחיסור שברים במכנים שונים לכיתה ה׳ | נועם דורון,,דפי עבודה במתמטיקה בנושא חיבור וחיסור שברים במכנים שונים לכיתה ה׳. בחינם וללא הרשמה.,false,title:catalog-title|description:catalog-title,
/worksheets?grade=5&topic=12,catalog-topic,,חלק מכמות לכיתה ה׳ | נועם דורון,,דפי עבודה במתמטיקה בנושא חלק מכמות לכיתה ה׳. בחינם וללא הרשמה.,false,title:catalog-title|description:catalog-title,
/worksheets?grade=5&topic=13,catalog-topic,,שברים גדולים מ־1 ומספרים מעורבים לכיתה ה׳ | נועם דורון,,דפי עבודה במתמטיקה בנושא שברים גדולים מ־1 ומספרים מעורבים לכיתה ה׳. בחינם וללא הרשמה.,false,title:catalog-title|description:catalog-title,
/worksheets?grade=5&topic=14,catalog-topic,,חיבור וחיסור מספרים מעורבים לכיתה ה׳ | נועם דורון,,דפי עבודה במתמטיקה בנושא חיבור וחיסור מספרים מעורבים לכיתה ה׳. בחינם וללא הרשמה.,false,title:catalog-title|description:catalog-title,
/worksheets?grade=5&topic=15,catalog-topic,,השלמת שברים ופעולות הפוכות לכיתה ה׳ | נועם דורון,,דפי עבודה במתמטיקה בנושא השלמת שברים ופעולות הפוכות לכיתה ה׳. בחינם וללא הרשמה.,false,title:catalog-title|description:catalog-title,
/worksheets?grade=5&topic=16,catalog-topic,,קריאת טבלאות וחישוב נתונים לכיתה ה׳ | נועם דורון,,דפי עבודה במתמטיקה בנושא קריאת טבלאות וחישוב נתונים לכיתה ה׳. בחינם וללא הרשמה.,false,title:catalog-title|description:catalog-title,
/worksheets?grade=5&topic=17,catalog-topic,,קריאת גרפים והשוואת נתונים לכיתה ה׳ | נועם דורון,,דפי עבודה במתמטיקה בנושא קריאת גרפים והשוואת נתונים לכיתה ה׳. בחינם וללא הרשמה.,false,title:catalog-title|description:catalog-title,
/worksheets?grade=5&topic=18,catalog-topic,,משפחת המרובעים ויחסי הכלה לכיתה ה׳ | נועם דורון,,דפי עבודה במתמטיקה בנושא משפחת המרובעים ויחסי הכלה לכיתה ה׳. בחינם וללא הרשמה.,false,title:catalog-title|description:catalog-title,
/worksheets?grade=5&topic=19,catalog-topic,,תכונות ואלכסונים במרובעים לכיתה ה׳ | נועם דורון,,דפי עבודה במתמטיקה בנושא תכונות ואלכסונים במרובעים לכיתה ה׳. בחינם וללא הרשמה.,false,title:catalog-title|description:catalog-title,
/worksheets?grade=5&topic=20,catalog-topic,,בניית צורות ומיון לפי תכונות לכיתה ה׳ | נועם דורון,,דפי עבודה במתמטיקה בנושא בניית צורות ומיון לפי תכונות לכיתה ה׳. בחינם וללא הרשמה.,false,title:catalog-title|description:catalog-title,
/worksheets?grade=5&topic=21,catalog-topic,,המרות יחידות ומדידת משקל לכיתה ה׳ | נועם דורון,,דפי עבודה במתמטיקה בנושא המרות יחידות ומדידת משקל לכיתה ה׳. בחינם וללא הרשמה.,false,title:catalog-title|description:catalog-title,
/worksheets?grade=5&topic=22,catalog-topic,,"היקף, יחידות וקווים מקבילים ומאונכים לכיתה ה׳ | נועם דורון",,"דפי עבודה במתמטיקה בנושא היקף, יחידות וקווים מקבילים ומאונכים לכיתה ה׳. בחינם וללא הרשמה.",false,title:catalog-title|description:catalog-title,
/worksheets?grade=5&topic=23,catalog-topic,,גובה במשולש חד־זווית וישר־זווית לכיתה ה׳ | נועם דורון,,דפי עבודה במתמטיקה בנושא גובה במשולש חד־זווית וישר־זווית לכיתה ה׳. בחינם וללא הרשמה.,false,title:catalog-title|description:catalog-title,
/worksheets?grade=5&topic=24,catalog-topic,,גובה במשולש קהה ובמקבילית לכיתה ה׳ | נועם דורון,,דפי עבודה במתמטיקה בנושא גובה במשולש קהה ובמקבילית לכיתה ה׳. בחינם וללא הרשמה.,false,title:catalog-title|description:catalog-title,
/worksheets?grade=5&topic=25,catalog-topic,,שטח והיקף של מלבנים וריבועים לכיתה ה׳ | נועם דורון,,דפי עבודה במתמטיקה בנושא שטח והיקף של מלבנים וריבועים לכיתה ה׳. בחינם וללא הרשמה.,false,title:catalog-title|description:catalog-title,
/worksheets?grade=5&topic=26,catalog-topic,,שטח צורה מורכבת: פירוק והרכבה לכיתה ה׳ | נועם דורון,,דפי עבודה במתמטיקה בנושא שטח צורה מורכבת: פירוק והרכבה לכיתה ה׳. בחינם וללא הרשמה.,false,title:catalog-title|description:catalog-title,
/worksheets?grade=5&topic=27,catalog-topic,,שטח מקבילית והקשר למלבן לכיתה ה׳ | נועם דורון,,דפי עבודה במתמטיקה בנושא שטח מקבילית והקשר למלבן לכיתה ה׳. בחינם וללא הרשמה.,false,title:catalog-title|description:catalog-title,
/worksheets?grade=5&topic=28,catalog-topic,,מספרים עשרוניים: ערך מקום וייצוגים לכיתה ה׳ | נועם דורון,,דפי עבודה במתמטיקה בנושא מספרים עשרוניים: ערך מקום וייצוגים לכיתה ה׳. בחינם וללא הרשמה.,false,title:catalog-title|description:catalog-title,
/worksheets?grade=5&topic=29,catalog-topic,,משווים שברים ומספרים עשרוניים לכיתה ה׳ | נועם דורון,,דפי עבודה במתמטיקה בנושא משווים שברים ומספרים עשרוניים לכיתה ה׳. בחינם וללא הרשמה.,false,title:catalog-title|description:catalog-title,
/worksheets?grade=5&topic=30,catalog-topic,,חיבור וחיסור מספרים עשרוניים ואומדן לכיתה ה׳ | נועם דורון,,דפי עבודה במתמטיקה בנושא חיבור וחיסור מספרים עשרוניים ואומדן לכיתה ה׳. בחינם וללא הרשמה.,false,title:catalog-title|description:catalog-title,
/worksheets?grade=5&topic=31,catalog-topic,,שטח משולש: בסיס וגובה לכיתה ה׳ | נועם דורון,,דפי עבודה במתמטיקה בנושא שטח משולש: בסיס וגובה לכיתה ה׳. בחינם וללא הרשמה.,false,title:catalog-title|description:catalog-title,
/worksheets?grade=5&topic=32,catalog-topic,,נעלמים ומשוואות בשברים לכיתה ה׳ | נועם דורון,,דפי עבודה במתמטיקה בנושא נעלמים ומשוואות בשברים לכיתה ה׳. בחינם וללא הרשמה.,false,title:catalog-title|description:catalog-title,
/worksheets?grade=5&topic=33,catalog-topic,,ממוצע וחקר נתונים לכיתה ה׳ | נועם דורון,,דפי עבודה במתמטיקה בנושא ממוצע וחקר נתונים לכיתה ה׳. בחינם וללא הרשמה.,false,title:catalog-title|description:catalog-title,
/worksheets?grade=5&topic=34,catalog-topic,,"שכיחות, סיכוי וזמן מתוך נתונים לכיתה ה׳ | נועם דורון",,"דפי עבודה במתמטיקה בנושא שכיחות, סיכוי וזמן מתוך נתונים לכיתה ה׳. בחינם וללא הרשמה.",false,title:catalog-title|description:catalog-title,
/worksheets?grade=5&topic=35,catalog-topic,,"שיקוף, סיבוב והזזה לכיתה ה׳ | נועם דורון",,"דפי עבודה במתמטיקה בנושא שיקוף, סיבוב והזזה לכיתה ה׳. בחינם וללא הרשמה.",false,title:catalog-title|description:catalog-title,
/worksheets?grade=6&topic=1,catalog-topic,,כפל שבר במספר שלם לכיתה ו׳ | נועם דורון,,דפי עבודה במתמטיקה בנושא כפל שבר במספר שלם לכיתה ו׳. בחינם וללא הרשמה.,false,title:catalog-title|description:catalog-title,
/worksheets?grade=6&topic=2,catalog-topic,,כפל שברים כחלק מכמות וכשטח לכיתה ו׳ | נועם דורון,,דפי עבודה במתמטיקה בנושא כפל שברים כחלק מכמות וכשטח לכיתה ו׳. בחינם וללא הרשמה.,false,title:catalog-title|description:catalog-title,
/worksheets?grade=6&topic=3,catalog-topic,,כפל שבר בשבר לכיתה ו׳ | נועם דורון,,דפי עבודה במתמטיקה בנושא כפל שבר בשבר לכיתה ו׳. בחינם וללא הרשמה.,false,title:catalog-title|description:catalog-title,
/worksheets?grade=6&topic=4,catalog-topic,,כפל מספרים מעורבים לכיתה ו׳ | נועם דורון,,דפי עבודה במתמטיקה בנושא כפל מספרים מעורבים לכיתה ו׳. בחינם וללא הרשמה.,false,title:catalog-title|description:catalog-title,
/worksheets?grade=6&topic=5,catalog-topic,,כפל שברים: יישום ובקרה לכיתה ו׳ | נועם דורון,,דפי עבודה במתמטיקה בנושא כפל שברים: יישום ובקרה לכיתה ו׳. בחינם וללא הרשמה.,false,title:catalog-title|description:catalog-title,
/worksheets?grade=6&topic=6,catalog-topic,,משמעות חילוק שברים לכיתה ו׳ | נועם דורון,,דפי עבודה במתמטיקה בנושא משמעות חילוק שברים לכיתה ו׳. בחינם וללא הרשמה.,false,title:catalog-title|description:catalog-title,
/worksheets?grade=6&topic=7,catalog-topic,,חילוק שברים: אלגוריתם ומספר הופכי לכיתה ו׳ | נועם דורון,,דפי עבודה במתמטיקה בנושא חילוק שברים: אלגוריתם ומספר הופכי לכיתה ו׳. בחינם וללא הרשמה.,false,title:catalog-title|description:catalog-title,
/worksheets?grade=6&topic=8,catalog-topic,,כפל וחילוק שברים: בחירת פעולה לכיתה ו׳ | נועם דורון,,דפי עבודה במתמטיקה בנושא כפל וחילוק שברים: בחירת פעולה לכיתה ו׳. בחינם וללא הרשמה.,false,title:catalog-title|description:catalog-title,
/worksheets?grade=6&topic=9,catalog-topic,,כפל מספרים עשרוניים לכיתה ו׳ | נועם דורון,,דפי עבודה במתמטיקה בנושא כפל מספרים עשרוניים לכיתה ו׳. בחינם וללא הרשמה.,false,title:catalog-title|description:catalog-title,
/worksheets?grade=6&topic=10,catalog-topic,,חילוק מספרים עשרוניים לכיתה ו׳ | נועם דורון,,דפי עבודה במתמטיקה בנושא חילוק מספרים עשרוניים לכיתה ו׳. בחינם וללא הרשמה.,false,title:catalog-title|description:catalog-title,
/worksheets?grade=6&topic=11,catalog-topic,,חקר גופים ותכונותיהם לכיתה ו׳ | נועם דורון,,דפי עבודה במתמטיקה בנושא חקר גופים ותכונותיהם לכיתה ו׳. בחינם וללא הרשמה.,false,title:catalog-title|description:catalog-title,
/worksheets?grade=6&topic=12,catalog-topic,,תיבות ופריסות: מדו־ממד לתלת־ממד לכיתה ו׳ | נועם דורון,,דפי עבודה במתמטיקה בנושא תיבות ופריסות: מדו־ממד לתלת־ממד לכיתה ו׳. בחינם וללא הרשמה.,false,title:catalog-title|description:catalog-title,
/worksheets?grade=6&topic=13,catalog-topic,,שטח פנים של תיבה לכיתה ו׳ | נועם דורון,,דפי עבודה במתמטיקה בנושא שטח פנים של תיבה לכיתה ו׳. בחינם וללא הרשמה.,false,title:catalog-title|description:catalog-title,
/worksheets?grade=6&topic=14,catalog-topic,,נפח תיבה ומבנים לכיתה ו׳ | נועם דורון,,דפי עבודה במתמטיקה בנושא נפח תיבה ומבנים לכיתה ו׳. בחינם וללא הרשמה.,false,title:catalog-title|description:catalog-title,
/worksheets?grade=6&topic=15,catalog-topic,,"קיבול: סמ״ק, ליטר ומ״ק לכיתה ו׳ | נועם דורון",,"דפי עבודה במתמטיקה בנושא קיבול: סמ״ק, ליטר ומ״ק לכיתה ו׳. בחינם וללא הרשמה.",false,title:catalog-title|description:catalog-title,
/worksheets?grade=6&topic=16,catalog-topic,,מרובעים ויחסי הכלה – חזרה מנומקת לכיתה ו׳ | נועם דורון,,דפי עבודה במתמטיקה בנושא מרובעים ויחסי הכלה – חזרה מנומקת לכיתה ו׳. בחינם וללא הרשמה.,false,title:catalog-title|description:catalog-title,
/worksheets?grade=6&topic=17,catalog-topic,,"דף סינתזה: מדידות, גאומטריה ופתרון רב־שלבי לכיתה ו׳",,"דפי עבודה במתמטיקה בנושא דף סינתזה: מדידות, גאומטריה ופתרון רב־שלבי לכיתה ו׳. בחינם וללא הרשמה.",false,title:catalog-title|description:catalog-title,
/worksheets?grade=6&topic=18,catalog-topic,,"שבר, שבר עשרוני ואחוז – שלושה ייצוגים לכיתה ו׳ | נועם דורון",,"דפי עבודה במתמטיקה בנושא שבר, שבר עשרוני ואחוז – שלושה ייצוגים לכיתה ו׳. בחינם וללא הרשמה.",false,title:catalog-title|description:catalog-title,
/worksheets?grade=6&topic=19,catalog-topic,,אחוז כחלק מכמות לכיתה ו׳ | נועם דורון,,דפי עבודה במתמטיקה בנושא אחוז כחלק מכמות לכיתה ו׳. בחינם וללא הרשמה.,false,title:catalog-title|description:catalog-title,
/worksheets?grade=6&topic=20,catalog-topic,,מציאת השלם ויישומי אחוזים לכיתה ו׳ | נועם דורון,,דפי עבודה במתמטיקה בנושא מציאת השלם ויישומי אחוזים לכיתה ו׳. בחינם וללא הרשמה.,false,title:catalog-title|description:catalog-title,
/worksheets?grade=6&topic=21,catalog-topic,,"יחס: משמעות, ייצוג ויחסים שקולים לכיתה ו׳ | נועם דורון",,"דפי עבודה במתמטיקה בנושא יחס: משמעות, ייצוג ויחסים שקולים לכיתה ו׳. בחינם וללא הרשמה.",false,title:catalog-title|description:catalog-title,
/worksheets?grade=6&topic=22,catalog-topic,,קנה מידה במפות ובשרטוטים לכיתה ו׳ | נועם דורון,,דפי עבודה במתמטיקה בנושא קנה מידה במפות ובשרטוטים לכיתה ו׳. בחינם וללא הרשמה.,false,title:catalog-title|description:catalog-title,
/worksheets?grade=6&topic=23,catalog-topic,,"מספרים ופעולות: סדר, אומדן ובדיקת סבירות לכיתה ו׳",,"דפי עבודה במתמטיקה בנושא מספרים ופעולות: סדר, אומדן ובדיקת סבירות לכיתה ו׳. בחינם וללא הרשמה.",false,title:catalog-title|description:catalog-title,
/worksheets?grade=6&topic=24,catalog-topic,,אוספים ומייצגים נתונים לכיתה ו׳ | נועם דורון,,דפי עבודה במתמטיקה בנושא אוספים ומייצגים נתונים לכיתה ו׳. בחינם וללא הרשמה.,false,title:catalog-title|description:catalog-title,
/worksheets?grade=6&topic=25,catalog-topic,,משווים קבוצות ומנסחים מסקנות זהירות לכיתה ו׳ | נועם דורון,,דפי עבודה במתמטיקה בנושא משווים קבוצות ומנסחים מסקנות זהירות לכיתה ו׳. בחינם וללא הרשמה.,false,title:catalog-title|description:catalog-title,
/worksheets?grade=6&topic=26,catalog-topic,,"שינוי ממדים: השפעה על היקף, שטח ונפח לכיתה ו׳ | נועם דורון",,"דפי עבודה במתמטיקה בנושא שינוי ממדים: השפעה על היקף, שטח ונפח לכיתה ו׳. בחינם וללא הרשמה.",false,title:catalog-title|description:catalog-title,
/worksheets?grade=6&topic=27,catalog-topic,,חוקיות ופתרון בעיות רב־שלביות לכיתה ו׳ | נועם דורון,,דפי עבודה במתמטיקה בנושא חוקיות ופתרון בעיות רב־שלביות לכיתה ו׳. בחינם וללא הרשמה.,false,title:catalog-title|description:catalog-title,
/coordinate-plane-scale-grade-7,topic-page,מערכת צירים וקנה מידה לכיתה ז׳ | נועם דורון,מערכת צירים וקנה מידה לכיתה ז׳ | נועם דורון,"מערכת צירים לכיתה ז׳: קריאת נקודות, סימון זוגות סדורים ובחירת קנה מידה. דפי עבודה ברמות א׳, ב׳ ומצוינות, בחינם וללא הרשמה.","מערכת צירים לכיתה ז׳: קריאת נקודות, סימון זוגות סדורים ובחירת קנה מידה. דפי עבודה ברמות א׳, ב׳ ומצוינות, בחינם וללא הרשמה.",false,title:current|description:current,
/number-line-absolute-value-grade-7,topic-page,ישר המספרים וערך מוחלט לכיתה ז׳ | דפי עבודה חינם,ישר המספרים וערך מוחלט לכיתה ז׳ | דפי עבודה חינם,"דפי עבודה בישר המספרים וערך מוחלט לכיתה ז׳ בשלוש רמות, בחינם וללא הרשמה. ממקמים מספרים חיוביים ושליליים על ישר המספרים, מוצאים מספר נגדי וערך מוחלט.","דפי עבודה בישר המספרים וערך מוחלט לכיתה ז׳ בשלוש רמות, בחינם וללא הרשמה. ממקמים מספרים חיוביים ושליליים על ישר המספרים, מוצאים מספר נגדי וערך מוחלט.",false,title:current|description:current,
/angles-introduction-measurement-grade-7,topic-page,"זוויות לכיתה ז׳ — היכרות, סימון ומדידה | נועם דורון","זוויות לכיתה ז׳ — היכרות, סימון ומדידה | נועם דורון","זוויות לכיתה ז׳: סימון וקריאת זוויות, סוגי זוויות ומדידה במד־זווית. דפי עבודה ברמות א׳, ב׳ ומצוינות, בחינם וללא הרשמה.","זוויות לכיתה ז׳: סימון וקריאת זוויות, סוגי זוויות ומדידה במד־זווית. דפי עבודה ברמות א׳, ב׳ ומצוינות, בחינם וללא הרשמה.",false,title:current|description:current,
/signed-numbers-grade-7,topic-page,חיבור וחיסור מספרים מכוונים לכיתה ז׳ | נועם דורון מתמטיקה,חיבור וחיסור מספרים מכוונים לכיתה ז׳ | נועם דורון מתמטיקה,"לומדים חיבור וחיסור מספרים מכוונים לכיתה ז׳ עם ציר המספרים, דוגמה פתורה וטעויות נפוצות. בוחרים דפי עבודה קיימים ברמות א׳, ב׳ ומצוינות — בחינם וללא הרשמה.","לומדים חיבור וחיסור מספרים מכוונים לכיתה ז׳ עם ציר המספרים, דוגמה פתורה וטעויות נפוצות. בוחרים דפי עבודה קיימים ברמות א׳, ב׳ ומצוינות — בחינם וללא הרשמה.",false,title:current|description:current,
/coordinate-plane-quadrants-grade-7,topic-page,ארבעת הרביעים במערכת הצירים לכיתה ז׳ | נועם דורון,ארבעת הרביעים במערכת הצירים לכיתה ז׳ | נועם דורון,"ארבעת הרביעים במערכת הצירים לכיתה ז׳: נקודות עם שיעורים שליליים, נקודות על הצירים ושיקוף ביחס לצירים. דפי עבודה ברמות א׳, ב׳ ומצוינות, בחינם.","ארבעת הרביעים במערכת הצירים לכיתה ז׳: נקודות עם שיעורים שליליים, נקודות על הצירים ושיקוף ביחס לצירים. דפי עבודה ברמות א׳, ב׳ ומצוינות, בחינם.",false,title:current|description:current,
/angles-grade-7,topic-page,זוויות צמודות וקודקודיות לכיתה ז׳ | דפי עבודה חינם – נועם דורון,יחסים בין זוויות לכיתה ז׳ – דפי עבודה | נועם דורון,"דפי עבודה על זוויות צמודות וקודקודיות, זוויות משלימות ונשלמות וחוצה זווית לכיתה ז׳. תרגול בשלוש רמות — א׳, ב׳ ומצוינות — בחינם וללא הרשמה.","יחסים בין זוויות לכיתה ז׳: צמודות על קו ישר, קודקודיות, משלימות ונשלמות וחוצה זווית. דפי עבודה בשלוש רמות, בחינם וללא הרשמה.",false,title:review-fix|description:review-fix,
/angles-review-grade-7,topic-page,זוויות לכיתה ז׳ — דף חזרה מסכם | נועם דורון,זוויות לכיתה ז׳ — דף חזרה מסכם | נועם דורון,"דף חזרה בזוויות לכיתה ז׳: סימון ומדידה, חוצה זווית, זוויות צמודות וקודקודיות וסכום זוויות. דפי עבודה בשלוש רמות, בחינם וללא הרשמה.","דף חזרה בזוויות לכיתה ז׳: סימון ומדידה, חוצה זווית, זוויות צמודות וקודקודיות וסכום זוויות. דפי עבודה בשלוש רמות, בחינם וללא הרשמה.",false,title:current|description:current,
/coordinate-plane-applications-grade-7,topic-page,"מערכת צירים — מרחקים, היקף ושטח לכיתה ז׳ | דפי עבודה חינם","מערכת צירים — מרחקים, היקף ושטח לכיתה ז׳ | דפי עבודה חינם","דפי עבודה במערכת צירים — מרחקים, היקף ושטח לכיתה ז׳ בשלוש רמות, בחינם וללא הרשמה. מחשבים מרחקים בין נקודות על קווים אופקיים ואנכיים.","דפי עבודה במערכת צירים — מרחקים, היקף ושטח לכיתה ז׳ בשלוש רמות, בחינם וללא הרשמה. מחשבים מרחקים בין נקודות על קווים אופקיים ואנכיים.",false,title:current|description:current,
/multiplying-signed-numbers-grade-7,topic-page,כפל מספרים מכוונים לכיתה ז׳ | דפי עבודה חינם,כפל מספרים מכוונים לכיתה ז׳ | דפי עבודה חינם,"דפי עבודה בכפל מספרים מכוונים לכיתה ז׳ בשלוש רמות, בחינם וללא הרשמה. מפעילים את חוקי הסימנים בכפל, מחשבים מכפלה של כמה גורמים ומפשטים ביטויים עם מספרים שליליים.","דפי עבודה בכפל מספרים מכוונים לכיתה ז׳ בשלוש רמות, בחינם וללא הרשמה: חוקי הסימנים בכפל ומכפלה של כמה גורמים.",false,title:current|description:review-fix,
/dividing-signed-numbers-grade-7,topic-page,חילוק מספרים מכוונים לכיתה ז׳ | דפי עבודה חינם,חילוק מספרים מכוונים לכיתה ז׳ | דפי עבודה חינם,"דפי עבודה בחילוק מספרים מכוונים לכיתה ז׳ בשלוש רמות, בחינם וללא הרשמה. מפעילים את חוקי הסימנים בחילוק ועובדים עם שברים שיש בהם סימן שלילי.","דפי עבודה בחילוק מספרים מכוונים לכיתה ז׳ בשלוש רמות, בחינם וללא הרשמה. מפעילים את חוקי הסימנים בחילוק ועובדים עם שברים שיש בהם סימן שלילי.",false,title:current|description:current,
/order-of-operations-signed-numbers-grade-7,topic-page,סדר פעולות החשבון במספרים מכוונים לכיתה ז׳ | דפי עבודה חינם,סדר פעולות החשבון במספרים מכוונים לכיתה ז׳ | דפי עבודה חינם,"דפי עבודה בסדר פעולות החשבון במספרים מכוונים לכיתה ז׳ בשלוש רמות, בחינם וללא הרשמה. מחשבים ביטויים עם מספרים מכוונים לפי סדר הפעולות: סוגריים, חזקות, כפל וחילוק.","דפי עבודה בסדר פעולות החשבון במספרים מכוונים לכיתה ז׳: סוגריים, חזקות, כפל וחילוק, ואז חיבור וחיסור. שלוש רמות, בחינם.",false,title:current|description:review-fix,
/special-triangles-grade-7-new,topic-page,משולשים מיוחדים לכיתה ז׳ | דפי עבודה חינם,משולשים מיוחדים לכיתה ז׳ | דפי עבודה חינם,"דפי עבודה במשולשים מיוחדים לכיתה ז׳: משולש שווה־שוקיים, שווה־צלעות וישר־זווית. מתרגלים זוויות וצלעות בשלוש רמות, בחינם וללא הרשמה, עם הסברים ודוגמאות.","דפי עבודה במשולשים מיוחדים לכיתה ז׳: משולש שווה־שוקיים, שווה־צלעות וישר־זווית. מתרגלים זוויות וצלעות בשלוש רמות, בחינם וללא הרשמה, עם הסברים ודוגמאות.",false,title:current|description:current,
/triangle-quadrilateral-angle-sum-grade-7,topic-page,סכום הזוויות במשולש ובמרובע לכיתה ז׳ | דפי עבודה חינם,סכום הזוויות במשולש ובמרובע לכיתה ז׳ | דפי עבודה חינם,"דפי עבודה בסכום הזוויות במשולש ובמרובע לכיתה ז׳ בשלוש רמות, בחינם וללא הרשמה. משתמשים בסכום הזוויות במשולש ובמרובע.","משתמשים בסכום הזוויות במשולש ובמרובע, מכירים את הזווית החיצונית ומחשבים זוויות חסרות. דפי העבודה זמינים ברמות א׳, ב׳ ומצוינות, בחינם וללא הרשמה.",false,title:current|description:review-fix,
/worksheets?grade=7&topic=17,catalog-topic,,מצולעים חופפים וטרנספורמציות לכיתה ז׳ – בחירת רמה,,"דפי עבודה במתמטיקה בנושא מצולעים חופפים וטרנספורמציות לכיתה ז׳, ברמה א׳, רמה ב׳ ומצוינות. בחינם וללא הרשמה.",false,title:catalog-title-vs-blog|description:catalog-title-vs-blog,
/powers-grade-7,topic-page,חזקות לכיתה ז׳ | דפי עבודה במתמטיקה – נועם דורון,חזקות לכיתה ז׳ | דפי עבודה במתמטיקה – נועם דורון,"חזקות לכיתה ז׳: חוקי חזקות, כפל וחילוק חזקות וחזקה של חזקה. דפי עבודה ברמות א׳, ב׳ ומצוינות, בחינם וללא הרשמה.","חזקות לכיתה ז׳: כפל חוזר, בסיס ומעריך וחישוב ביטויים פשוטים. דפי עבודה ברמות א׳, ב׳ ומצוינות, בחינם וללא הרשמה.",false,title:current|description:review-fix,
/square-root-grade-7,topic-page,שורש ריבועי לכיתה ז׳ | דפי עבודה חינם,שורש ריבועי לכיתה ז׳ | דפי עבודה חינם,"דפי עבודה בשורש ריבועי לכיתה ז׳ בשלוש רמות, בחינם וללא הרשמה. מבינים את משמעות השורש הריבועי, מוצאים שורשים של ריבועים שלמים ואומדים שורשים.","דפי עבודה בשורש ריבועי לכיתה ז׳ בשלוש רמות, בחינם וללא הרשמה. מבינים את משמעות השורש הריבועי, מוצאים שורשים של ריבועים שלמים ואומדים שורשים.",false,title:current|description:current,
/worksheets?grade=7&topic=18,catalog-topic,,העמקה בשטח מלבן וריבוע לכיתה ז׳ – בחירת רמה | נועם דורון,,"דפי עבודה במתמטיקה בנושא העמקה בשטח מלבן וריבוע לכיתה ז׳, ברמה א׳, רמה ב׳ ומצוינות. בחינם וללא הרשמה.",false,title:catalog-title-vs-blog|description:catalog-title-vs-blog,
/triangle-area-grade-7,topic-page,מפשטים ואז פותרים לכיתה ז – שטח משולש | נועם דורון,שטח משולש לכיתה ז׳ | נועם דורון,מפשטים ואז פותרים לכיתה ז עם הסבר ברור על שטח משולש ודפי עבודה חינמיים להדפסה. היכנסו והתחילו לתרגל עכשיו.,"לומדים לחשב שטח משולש לפי בסיס וגובה, ולזהות את הגובה המאונך גם בשרטוטים שונים. דפי התרגול זמינים ברמות א׳, ב׳ ומצוינות, בחינם וללא הרשמה.",false,title:page-h1|description:page-intro,
/worksheets?grade=7&topic=22,catalog-topic,,משתנים וביטויים אלגבריים לכיתה ז׳ – בחירת רמה | נועם דורון,,"דפי עבודה במתמטיקה בנושא משתנים וביטויים אלגבריים לכיתה ז׳, ברמה א׳, רמה ב׳ ומצוינות. בחינם וללא הרשמה.",false,title:catalog-title-vs-blog|description:catalog-title-vs-blog,
/equations-basics-grade-7,topic-page,מהו פתרון ומשוואות חד־ ודו־שלביות לכיתה ז׳ | דפי עבודה חינם,מהו פתרון ומשוואות חד־ ודו־שלביות לכיתה ז׳ | דפי עבודה חינם,לומדים מהו פתרון של משוואה ופותרים משוואות חד־שלביות ודו־שלביות לכיתה ז׳. דפי עבודה חינם — נועם דורון.,לומדים מהו פתרון של משוואה ופותרים משוואות חד־שלביות ודו־שלביות לכיתה ז׳. דפי עבודה חינם — נועם דורון.,false,title:current|description:current,
/worksheets?grade=7&topic=21,catalog-topic,,חוקיות לכיתה ז׳ – בחירת רמה | נועם דורון,,"דפי עבודה במתמטיקה בנושא חוקיות לכיתה ז׳, ברמה א׳, רמה ב׳ ומצוינות. בחינם וללא הרשמה.",false,title:catalog-title-vs-blog|description:catalog-title-vs-blog,
/combining-like-terms-grade-7,topic-page,כינוס איברים וחוק הפילוג לכיתה ז׳ | דפי עבודה במתמטיקה – נועם דורון,כינוס איברים וחוק הפילוג לכיתה ז׳ | נועם דורון,"כינוס איברים וחוק הפילוג לכיתה ז׳: הסבר קצר, דוגמה פתורה, טעויות נפוצות ושאלת בדיקה. קישורים לדפי עבודה בשלוש רמות, בחינם וללא הרשמה, לתרגול בכיתה ובבית עם נועם AI.","לומדים לזהות איברים דומים, לכנס אותם ולהשתמש נכון בחוק הפילוג. דפי התרגול זמינים ברמות א׳, ב׳ ומצוינות, בחינם וללא הרשמה.",false,title:page-h1|description:page-intro,
/worksheets?grade=7&topic=20,catalog-topic,,תיבה וקובייה לכיתה ז׳ – בחירת רמה | נועם דורון,,"דפי עבודה במתמטיקה בנושא תיבה וקובייה לכיתה ז׳, ברמה א׳, רמה ב׳ ומצוינות. בחינם וללא הרשמה.",false,title:catalog-title-vs-blog|description:catalog-title-vs-blog,
/worksheets?grade=7&topic=24,catalog-topic,,איסוף וקריאת מידע לכיתה ז׳ – בחירת רמה | נועם דורון,,"דפי עבודה במתמטיקה בנושא איסוף וקריאת מידע לכיתה ז׳, ברמה א׳, רמה ב׳ ומצוינות. בחינם וללא הרשמה.",false,title:catalog-title-vs-blog|description:catalog-title-vs-blog,
/worksheets?grade=7&topic=25,catalog-topic,,שכיחות לכיתה ז׳ – בחירת רמה | נועם דורון,,"דפי עבודה במתמטיקה בנושא שכיחות לכיתה ז׳, ברמה א׳, רמה ב׳ ומצוינות. בחינם וללא הרשמה.",false,title:catalog-title-vs-blog|description:catalog-title-vs-blog,
/worksheets?grade=7&topic=26,catalog-topic,,היכרות עם שכיחות יחסית לכיתה ז׳ – בחירת רמה | נועם דורון,,"דפי עבודה במתמטיקה בנושא היכרות עם שכיחות יחסית לכיתה ז׳, ברמה א׳, רמה ב׳ ומצוינות. בחינם וללא הרשמה.",false,title:catalog-title-vs-blog|description:catalog-title-vs-blog,
/worksheets?grade=7&topic=27,catalog-topic,,שכיחות יחסית בניסויים לכיתה ז׳ – בחירת רמה | נועם דורון,,"דפי עבודה במתמטיקה בנושא שכיחות יחסית בניסויים לכיתה ז׳, ברמה א׳, רמה ב׳ ומצוינות. בחינם וללא הרשמה.",false,title:catalog-title-vs-blog|description:catalog-title-vs-blog,
/worksheets?grade=7&topic=28,catalog-topic,,היכרות עם הסתברות לכיתה ז׳ – בחירת רמה | נועם דורון,,"דפי עבודה במתמטיקה בנושא היכרות עם הסתברות לכיתה ז׳, ברמה א׳, רמה ב׳ ומצוינות. בחינם וללא הרשמה.",false,title:catalog-title-vs-blog|description:catalog-title-vs-blog,
/algebraic-expressions-grade-7,topic-page,"ביטויים אלגבריים, הצבה וגורם משותף לכיתה ז׳ | דפי עבודה חינם","ביטויים אלגבריים, הצבה וגורם משותף לכיתה ז׳ | דפי עבודה חינם","מתרגלים ביטויים אלגבריים, הצבת ערכים חיוביים ושליליים, ולהמשיך לפישוט עם גורם משותף ומינוס לפני סוגריים. דפי התרגול ברמות א׳, ב׳ ומצוינות — בחינם וללא הרשמה.","לומדים לתרגם ממילים לביטוי אלגברי, להציב ערכים חיוביים ושליליים ולפשט עם גורם משותף ומינוס לפני סוגריים. שלוש רמות, בחינם.",false,title:current|description:review-fix,
/worksheets?grade=7&topic=33,catalog-topic,,משוואות ופתרונן חלק 1 — מבוא לכיתה ז׳ | נועם דורון,,דפי עבודה במתמטיקה בנושא משוואות ופתרונן חלק 1 — מבוא לכיתה ז׳. בחינם וללא הרשמה.,false,title:catalog-title|description:catalog-title,
/worksheets?grade=7&topic=32,catalog-topic,,מהו פתרון של משוואה לכיתה ז׳ – בחירת רמה | נועם דורון,,"דפי עבודה במתמטיקה בנושא מהו פתרון של משוואה לכיתה ז׳, ברמה א׳, רמה ב׳ ומצוינות. בחינם וללא הרשמה.",false,title:catalog-title-vs-blog|description:catalog-title-vs-blog,
/worksheets?grade=7&topic=34,catalog-topic,,משוואות חד־שלביות לכיתה ז׳ – בחירת רמה | נועם דורון,,"דפי עבודה במתמטיקה בנושא משוואות חד־שלביות לכיתה ז׳, ברמה א׳, רמה ב׳ ומצוינות. בחינם וללא הרשמה.",false,title:catalog-title-vs-blog|description:catalog-title-vs-blog,
/worksheets?grade=7&topic=35,catalog-topic,,משוואות דו־שלביות לכיתה ז׳ – בחירת רמה | נועם דורון,,"דפי עבודה במתמטיקה בנושא משוואות דו־שלביות לכיתה ז׳, ברמה א׳, רמה ב׳ ומצוינות. בחינם וללא הרשמה.",false,title:catalog-title-vs-blog|description:catalog-title-vs-blog,
/worksheets?grade=7&topic=36,catalog-topic,,מפשטים ואז פותרים משוואות לכיתה ז׳ – בחירת רמה | נועם דורון,,"דפי עבודה במתמטיקה בנושא מפשטים ואז פותרים משוואות לכיתה ז׳, ברמה א׳, רמה ב׳ ומצוינות. בחינם וללא הרשמה.",false,title:catalog-title-vs-blog|description:catalog-title-vs-blog,
/worksheets?grade=7&topic=37,catalog-topic,,משוואות עם סוגריים ושקילות לכיתה ז׳ – בחירת רמה | נועם דורון,,"דפי עבודה במתמטיקה בנושא משוואות עם סוגריים ושקילות לכיתה ז׳, ברמה א׳, רמה ב׳ ומצוינות. בחינם וללא הרשמה.",false,title:catalog-title-vs-blog|description:catalog-title-vs-blog,
/equations-advanced-grade-7,topic-page,"פישוט, סוגריים וחוק הפילוג במשוואות לכיתה ז׳ | דפי עבודה חינם","פישוט, סוגריים וחוק הפילוג במשוואות לכיתה ז׳ | נועם דורון","מפשטים ואז פותרים, עובדים עם סוגריים וחוק הפילוג במשוואות לכיתה ז׳. דפי עבודה חינם — נועם דורון.","מפשטים ואז פותרים, עובדים עם סוגריים וחוק הפילוג במשוואות לכיתה ז׳. דפי עבודה חינם — נועם דורון.",false,title:page-h1|description:current,
/worksheets?grade=7&topic=39,catalog-topic,,הנעלם בשני האגפים לכיתה ז׳ – בחירת רמה | נועם דורון,,"דפי עבודה במתמטיקה בנושא הנעלם בשני האגפים לכיתה ז׳, ברמה א׳, רמה ב׳ ומצוינות. בחינם וללא הרשמה.",false,title:catalog-title-vs-blog|description:catalog-title-vs-blog,
/worksheets?grade=7&topic=40,catalog-topic,,שלושה ייצוגים לפתרון משוואה לכיתה ז׳ – בחירת רמה,,"דפי עבודה במתמטיקה בנושא שלושה ייצוגים לפתרון משוואה לכיתה ז׳, ברמה א׳, רמה ב׳ ומצוינות. בחינם וללא הרשמה.",false,title:catalog-title-vs-blog|description:catalog-title-vs-blog,
/pythagorean-theorem-grade-7,topic-page,משפט פיתגורס לכיתה ז׳ | דפי עבודה במתמטיקה – נועם דורון,משפט פיתגורס לכיתה ז׳ | דפי עבודה במתמטיקה – נועם דורון,"משפט פיתגורס לכיתה ז׳: הסבר קצר, דוגמה פתורה, טעויות נפוצות ושאלת בדיקה. קישורים לדפי עבודה בשלוש רמות, בחינם וללא הרשמה, לתרגול בכיתה ובבית עם נועם AI.","משפט פיתגורס לכיתה ז׳: הסבר קצר, דוגמה פתורה, טעויות נפוצות ושאלת בדיקה. קישורים לדפי עבודה בשלוש רמות, בחינם וללא הרשמה, לתרגול בכיתה ובבית עם נועם AI.",false,title:current|description:current,
/pythagoras-applications-grade-7,topic-page,פיתגורס — שימושים לכיתה ז׳ | דפי עבודה חינם,פיתגורס — שימושים לכיתה ז׳ | דפי עבודה חינם,"שימושי משפט פיתגורס במלבן, טרפז, גובה משולש ובעיות מהחיים לכיתה ז׳. דפי עבודה חינם — נועם דורון.","שימושי משפט פיתגורס במלבן, טרפז, גובה משולש ובעיות מהחיים לכיתה ז׳. דפי עבודה חינם — נועם דורון.",false,title:current|description:current,
/equations-both-sides-word-problems-grade-7,topic-page,"נעלם בשני האגפים, ייצוגים ושאלות מילוליות לכיתה ז׳ | דפי עבודה חינם","נעלם בשני האגפים, ייצוגים ושאלות מילוליות לכיתה ז׳","נעלם בשני האגפים, שלושה ייצוגים לפתרון ושאלות מילוליות עם משוואות לכיתה ז׳. דפי עבודה חינם — נועם דורון.","נעלם בשני האגפים, שלושה ייצוגים לפתרון ושאלות מילוליות עם משוואות לכיתה ז׳. דפי עבודה חינם — נועם דורון.",false,title:page-h1|description:current,
/worksheets?grade=7&topic=45,catalog-topic,,שטח מקבילית וטרפז לכיתה ז׳ – בחירת רמה | נועם דורון,,"דפי עבודה במתמטיקה בנושא שטח מקבילית וטרפז לכיתה ז׳, ברמה א׳, רמה ב׳ ומצוינות. בחינם וללא הרשמה.",false,title:catalog-title-vs-blog|description:catalog-title-vs-blog,
/area-parallelogram-trapezoid-composite-grade-7,topic-page,"שטח מקבילית, טרפז ומצולעים מורכבים לכיתה ז׳ | דפי עבודה חינם","שטח מקבילית, טרפז ומצולעים מורכבים לכיתה ז׳ | דפי עבודה חינם","שטח מקבילית וטרפז, פירוק מצולעים וחיסור שטחים לכיתה ז׳. דפי עבודה חינם — נועם דורון.","שטח מקבילית וטרפז, פירוק מצולעים וחיסור שטחים לכיתה ז׳. דפי עבודה חינם — נועם דורון.",false,title:current|description:current,
/patterns-and-graphs-grade-7,topic-page,חוקיות ונקודות על גרף לכיתה ז׳ | דפי עבודה חינם,חוקיות ונקודות על גרף לכיתה ז׳ | דפי עבודה חינם,"חוקיות וסדרות, וסימון נקודות על גרף ברביע הראשון לכיתה ז׳. דפי עבודה חינם — נועם דורון.","חוקיות וסדרות, וסימון נקודות על גרף ברביע הראשון לכיתה ז׳. דפי עבודה חינם — נועם דורון.",false,title:current|description:current,
/area-rectangle-perimeter-grade-7,topic-page,שטח מלבן וריבוע והיקף צורות לכיתה ז׳ | דפי עבודה חינם,שטח מלבן וריבוע והיקף צורות לכיתה ז׳ | דפי עבודה חינם,"שטח מלבן וריבוע, צלע חסרה והיקף צורות מורכבות באלגברה לכיתה ז׳. דפי עבודה חינם — נועם דורון.","שטח מלבן וריבוע, צלע חסרה והיקף צורות מורכבות באלגברה לכיתה ז׳. דפי עבודה חינם — נועם דורון.",false,title:current|description:current,
/worksheets?grade=7&topic=47,catalog-topic,,מבנה ונפח של מנסרה משולשת לכיתה ז׳ – בחירת רמה | נועם דורון,,"דפי עבודה במתמטיקה בנושא מבנה ונפח של מנסרה משולשת לכיתה ז׳, ברמה א׳, רמה ב׳ ומצוינות. בחינם וללא הרשמה.",false,title:catalog-title-vs-blog|description:catalog-title-vs-blog,
/solids-box-cube-prism-grade-7,topic-page,"תיבה, קובייה ומנסרה משולשת לכיתה ז׳ | דפי עבודה חינם","תיבה, קובייה ומנסרה משולשת לכיתה ז׳ | דפי עבודה חינם","נפח ושטח פנים של תיבה, קובייה ומנסרה משולשת לכיתה ז׳. דפי עבודה חינם — נועם דורון.","נפח ושטח פנים של תיבה, קובייה ומנסרה משולשת לכיתה ז׳. דפי עבודה חינם — נועם דורון.",false,title:current|description:current,
/worksheets?grade=7&topic=16,catalog-topic,,משולש שווה־צלעות לכיתה ז׳ – דף העמקה ורשות | נועם דורון,,דף העמקה ורשות במתמטיקה בנושא משולש שווה־צלעות לכיתה ז׳ – דף אחד לכל הרמות. בחינם וללא הרשמה.,false,title:catalog-title-vs-blog|description:catalog-title-vs-blog,
/worksheets?grade=7&topic=49,catalog-topic,,חזרה שנתית לכיתה ז׳ – בחירת רמה | נועם דורון,,"דפי עבודה במתמטיקה בנושא חזרה שנתית לכיתה ז׳, ברמה א׳, רמה ב׳ ומצוינות. בחינם וללא הרשמה.",false,title:catalog-title-vs-blog|description:catalog-title-vs-blog,
/worksheets?grade=7&topic=50,catalog-topic,,משימת הערכה 1 לכיתה ז׳ – בחירת רמה | נועם דורון,,"דפי עבודה במתמטיקה בנושא משימת הערכה 1 לכיתה ז׳, ברמה א׳, רמה ב׳ ומצוינות. בחינם וללא הרשמה.",false,title:catalog-title-vs-blog|description:catalog-title-vs-blog,
/worksheets?grade=8&topic=1,catalog-topic,,אבחון קדם־ידע לכיתה ח׳ | נועם דורון,,דפי עבודה במתמטיקה בנושא אבחון קדם־ידע לכיתה ח׳. בחינם וללא הרשמה.,false,title:catalog-title|description:catalog-title,
/linear-equations-grade-8,topic-page,משוואות ליניאריות לכיתה ח׳ | דפי עבודה במתמטיקה – נועם דורון,משוואות ליניאריות לכיתה ח׳ | דפי עבודה במתמטיקה – נועם דורון,"משוואות ליניאריות לכיתה ח׳: הסבר קצר, דוגמה פתורה, טעויות נפוצות ושאלת בדיקה. קישורים לדפי עבודה בשלוש רמות, בחינם וללא הרשמה, לתרגול בכיתה ובבית עם נועם AI.","משוואות ליניאריות לכיתה ח׳: פתיחת סוגריים, כינוס איברים ובידוד הנעלם. דפי עבודה ברמות א׳, ב׳ ומצוינות, בחינם וללא הרשמה.",false,title:current|description:review-fix,
/worksheets?grade=8&topic=3,catalog-topic,,משוואות עם מכנים מספריים לכיתה ח׳ | נועם דורון,,דפי עבודה במתמטיקה בנושא משוואות עם מכנים מספריים לכיתה ח׳. בחינם וללא הרשמה.,false,title:catalog-title|description:catalog-title,
/worksheets?grade=8&topic=4,catalog-topic,,יחס ופרופורציה לכיתה ח׳ | נועם דורון,,דפי עבודה במתמטיקה בנושא יחס ופרופורציה לכיתה ח׳. בחינם וללא הרשמה.,false,title:catalog-title|description:catalog-title,
/worksheets?grade=8&topic=5,catalog-topic,,קנה מידה לכיתה ח׳ | נועם דורון,,דפי עבודה במתמטיקה בנושא קנה מידה לכיתה ח׳. בחינם וללא הרשמה.,false,title:catalog-title|description:catalog-title,
/worksheets?grade=8&topic=6,catalog-topic,,אחוזים — ייצוגים לכיתה ח׳ | נועם דורון,,דפי עבודה במתמטיקה בנושא אחוזים — ייצוגים לכיתה ח׳. בחינם וללא הרשמה.,false,title:catalog-title|description:catalog-title,
/percentage-problems-grade-8,topic-page,בעיות אחוזים לכיתה ח׳ | דפי עבודה במתמטיקה – נועם דורון,בעיות אחוזים לכיתה ח׳ | דפי עבודה במתמטיקה – נועם דורון,"בעיות אחוזים לכיתה ח׳: הסבר קצר, דוגמה פתורה, טעויות נפוצות ושאלת בדיקה. קישורים לדפי עבודה בשלוש רמות, בחינם וללא הרשמה, לתרגול בכיתה ובבית עם נועם AI.","בעיות אחוזים לכיתה ח׳: הסבר קצר, דוגמה פתורה, טעויות נפוצות ושאלת בדיקה. קישורים לדפי עבודה בשלוש רמות, בחינם וללא הרשמה, לתרגול בכיתה ובבית עם נועם AI.",false,title:current|description:current,
/worksheets?grade=8&topic=8,catalog-topic,,שינוי באחוזים לכיתה ח׳ | נועם דורון,,דפי עבודה במתמטיקה בנושא שינוי באחוזים לכיתה ח׳. בחינם וללא הרשמה.,false,title:catalog-title|description:catalog-title,
/worksheets?grade=8&topic=9,catalog-topic,,שינויים עוקבים לכיתה ח׳ | נועם דורון,,דפי עבודה במתמטיקה בנושא שינויים עוקבים לכיתה ח׳. בחינם וללא הרשמה.,false,title:catalog-title|description:catalog-title,
/worksheets?grade=8&topic=10,catalog-topic,,שורש ריבועי לכיתה ח׳ | נועם דורון,,דפי עבודה במתמטיקה בנושא שורש ריבועי לכיתה ח׳. בחינם וללא הרשמה.,false,title:catalog-title|description:catalog-title,
/pythagorean-theorem-grade-8,topic-page,משפט פיתגורס לכיתה ח׳ | דפי עבודה במתמטיקה – נועם דורון,משפט פיתגורס לכיתה ח׳ | דפי עבודה במתמטיקה – נועם דורון,"משפט פיתגורס לכיתה ח׳: הסבר קצר, דוגמה פתורה, טעויות נפוצות ושאלת בדיקה. קישורים לדפי עבודה בשלוש רמות, בחינם וללא הרשמה, לתרגול בכיתה ובבית עם נועם AI.","משפט פיתגורס לכיתה ח׳: הסבר קצר, דוגמה פתורה, טעויות נפוצות ושאלת בדיקה. קישורים לדפי עבודה בשלוש רמות, בחינם וללא הרשמה, לתרגול בכיתה ובבית עם נועם AI.",false,title:current|description:current,
/advanced-pythagoras-grade-8,topic-page,פיתגורס מורכב כיתה ח׳ | נועם דורון - מתמטיקה דפי מתמטיקה בחינם,פיתגורס מורכב לכיתה ח׳ | נועם דורון,"תרגול פיתגורס מורכב לכיתה ח׳: פירוק שרטוט למשולשים ישרי זווית וחישוב אורכים בשלבים. דפי עבודה חינמיים בשלוש רמות, ללא הרשמה, עם רמזים של נועם AI.","תרגול פיתגורס מורכב לכיתה ח׳: פירוק שרטוט למשולשים ישרי זווית וחישוב אורכים בשלבים. דפי עבודה חינמיים בשלוש רמות, ללא הרשמה, עם רמזים של נועם AI.",false,title:page-h1|description:current,
/cylinder-surface-area-grade-8,topic-page,שטח פנים של גליל לכיתה ח׳ | דפי עבודה חינם,שטח פנים של גליל לכיתה ח׳ | דפי עבודה חינם,"דפי עבודה חינמיים בשטח פנים של גליל לכיתה ח׳, בשלוש רמות: א׳, ב׳ ומצוינות. למדו לחשב מעטפת ושני בסיסים, פתרו תרגילים וקבלו רמז מנועם AI ללא הרשמה בכל עת בבית.","מבחינים בין מעטפת הגליל, שני הבסיסים ושטח הפנים הכולל. דפי עבודה ברמות א׳, ב׳ ומצוינות, בחינם וללא הרשמה.",false,title:current|description:page-intro,
/cylinder-volume-grade-8,topic-page,נפח גליל לכיתה ח׳ | דפי עבודה חינם,נפח גליל לכיתה ח׳ | דפי עבודה חינם,"דפי עבודה חינמיים בנפח גליל לכיתה ח׳, בשלוש רמות: א׳, ב׳ ומצוינות. תרגלו הצבה בנוסחה πr²h, פתרו בעיות נפח וקבלו רמז מנועם AI ללא הרשמה, בכל עת, לכל תלמיד ותלמידה.","מחשבים נפח גליל באמצעות שטח הבסיס והגובה ומקפידים על יחידות נפח. דפי עבודה ברמות א׳, ב׳ ומצוינות, בחינם וללא הרשמה.",false,title:current|description:page-intro,
/cone-grade-8,topic-page,נפח חרוט לכיתה ח׳ | דפי עבודה חינם,נפח חרוט לכיתה ח׳ | דפי עבודה חינם,"דפי עבודה חינמיים בנפח חרוט לכיתה ח׳, בשלוש רמות: א׳, ב׳ ומצוינות. תרגלו את נוסחת שליש שטח הבסיס כפול הגובה, פתרו תרגילים וקבלו רמז מנועם AI ללא הרשמה היום.","מזהים בסיס וגובה בחרוט ומתרגלים חישובי נפח לפי הנתונים. דפי עבודה ברמות א׳, ב׳ ומצוינות, בחינם וללא הרשמה.",false,title:current|description:page-intro,
/statistics-grade-8,topic-page,סטטיסטיקה לכיתה ח׳ | דפי עבודה במתמטיקה – נועם דורון,סטטיסטיקה לכיתה ח׳ | דפי עבודה במתמטיקה – נועם דורון,"סטטיסטיקה לכיתה ח׳: ממוצע, חציון, שכיח, טבלאות וגרפים. דפי עבודה ברמות א׳, ב׳ ומצוינות, בחינם וללא הרשמה.","סטטיסטיקה לכיתה ח׳: ממוצע, חציון, שכיח, טבלאות וגרפים. דפי עבודה ברמות א׳, ב׳ ומצוינות, בחינם וללא הרשמה.",false,title:current|description:current,
/worksheets?grade=8&topic=17,catalog-topic,,דיאגרמת עמודות ופיקטוגרמות לכיתה ח׳ | נועם דורון,,דפי עבודה במתמטיקה בנושא דיאגרמת עמודות ופיקטוגרמות לכיתה ח׳. בחינם וללא הרשמה.,false,title:catalog-title|description:catalog-title,
/worksheets?grade=8&topic=18,catalog-topic,,דיאגרמת עוגה לכיתה ח׳ | נועם דורון,,דפי עבודה במתמטיקה בנושא דיאגרמת עוגה לכיתה ח׳. בחינם וללא הרשמה.,false,title:catalog-title|description:catalog-title,
/worksheets?grade=8&topic=19,catalog-topic,,מושג הפונקציה לכיתה ח׳ | נועם דורון,,דפי עבודה במתמטיקה בנושא מושג הפונקציה לכיתה ח׳. בחינם וללא הרשמה.,false,title:catalog-title|description:catalog-title,
/worksheets?grade=8&topic=20,catalog-topic,,סימון פונקציה לכיתה ח׳ | נועם דורון,,דפי עבודה במתמטיקה בנושא סימון פונקציה לכיתה ח׳. בחינם וללא הרשמה.,false,title:catalog-title|description:catalog-title,
/worksheets?grade=8&topic=21,catalog-topic,,מעבר בין ייצוגים לכיתה ח׳ | נועם דורון,,דפי עבודה במתמטיקה בנושא מעבר בין ייצוגים לכיתה ח׳. בחינם וללא הרשמה.,false,title:catalog-title|description:catalog-title,
/worksheets?grade=8&topic=22,catalog-topic,,טווח הנתונים לכיתה ח׳ | נועם דורון,,דפי עבודה במתמטיקה בנושא טווח הנתונים לכיתה ח׳. בחינם וללא הרשמה.,false,title:catalog-title|description:catalog-title,
/worksheets?grade=8&topic=23,catalog-topic,,הממוצע לכיתה ח׳ | נועם דורון,,דפי עבודה במתמטיקה בנושא הממוצע לכיתה ח׳. בחינם וללא הרשמה.,false,title:catalog-title|description:catalog-title,
/worksheets?grade=8&topic=24,catalog-topic,,החציון לכיתה ח׳ | נועם דורון,,דפי עבודה במתמטיקה בנושא החציון לכיתה ח׳. בחינם וללא הרשמה.,false,title:catalog-title|description:catalog-title,
/worksheets?grade=8&topic=25,catalog-topic,,"בחירת מדד: ממוצע, חציון או שכיח לכיתה ח׳ | נועם דורון",,"דפי עבודה במתמטיקה בנושא בחירת מדד: ממוצע, חציון או שכיח לכיתה ח׳. בחינם וללא הרשמה.",false,title:catalog-title|description:catalog-title,
/worksheets?grade=8&topic=26,catalog-topic,,אוריינות וביקורת ייצוג לכיתה ח׳ | נועם דורון,,דפי עבודה במתמטיקה בנושא אוריינות וביקורת ייצוג לכיתה ח׳. בחינם וללא הרשמה.,false,title:catalog-title|description:catalog-title,
/worksheets?grade=8&topic=27,catalog-topic,,קצב השתנות לכיתה ח׳ | נועם דורון,,דפי עבודה במתמטיקה בנושא קצב השתנות לכיתה ח׳. בחינם וללא הרשמה.,false,title:catalog-title|description:catalog-title,
/worksheets?grade=8&topic=28,catalog-topic,,שיפוע וישר y=mx לכיתה ח׳ | נועם דורון,,דפי עבודה במתמטיקה בנושא שיפוע וישר y=mx לכיתה ח׳. בחינם וללא הרשמה.,false,title:catalog-title|description:catalog-title,
/linear-function-grade-8,topic-page,פונקציה קווית כיתה ח׳ | נועם דורון - מתמטיקה דפי מתמטיקה בחינם,פונקציה קווית לכיתה ח׳ | נועם דורון,"פונקציה קווית לכיתה ח׳: מבינים את השיפוע ואת החיתוך עם ציר y, מקשרים בין נוסחה, טבלה וגרף, ובודקים דוגמה פתורה. קישורים לדפי העבודה הקיימים בחינם וללא הרשמה.","מקשרים בין נוסחה, טבלה וגרף ומבינים שיפוע וחיתוך עם הצירים. דפי העבודה זמינים בשלוש רמות — א׳, ב׳ ומצוינות — בחינם וללא הרשמה.",false,title:page-h1|description:page-intro,
/worksheets?grade=8&topic=30,catalog-topic,,נקודות חיתוך עם הצירים לכיתה ח׳ | נועם דורון,,דפי עבודה במתמטיקה בנושא נקודות חיתוך עם הצירים לכיתה ח׳. בחינם וללא הרשמה.,false,title:catalog-title|description:catalog-title,
/worksheets?grade=8&topic=31,catalog-topic,,משוואת ישר לכיתה ח׳ | נועם דורון,,דפי עבודה במתמטיקה בנושא משוואת ישר לכיתה ח׳. בחינם וללא הרשמה.,false,title:catalog-title|description:catalog-title,
/worksheets?grade=8&topic=32,catalog-topic,,ישרים מקבילים לצירים לכיתה ח׳ | נועם דורון,,דפי עבודה במתמטיקה בנושא ישרים מקבילים לצירים לכיתה ח׳. בחינם וללא הרשמה.,false,title:catalog-title|description:catalog-title,
/worksheets?grade=8&topic=33,catalog-topic,,בעיות תנועה לכיתה ח׳ | נועם דורון,,דפי עבודה במתמטיקה בנושא בעיות תנועה לכיתה ח׳. בחינם וללא הרשמה.,false,title:catalog-title|description:catalog-title,
/worksheets?grade=8&topic=34,catalog-topic,,אבחון אמצע שנה לכיתה ח׳ | נועם דורון,,דפי עבודה במתמטיקה בנושא אבחון אמצע שנה לכיתה ח׳. בחינם וללא הרשמה.,false,title:catalog-title|description:catalog-title,
/worksheets?grade=8&topic=35,catalog-topic,,גישור ותיקון פערים לכיתה ח׳ | נועם דורון,,דפי עבודה במתמטיקה בנושא גישור ותיקון פערים לכיתה ח׳. בחינם וללא הרשמה.,false,title:catalog-title|description:catalog-title,
/triangle-congruence-grade-8,topic-page,חפיפת משולשים לכיתה ח׳ | דפי עבודה במתמטיקה – נועם דורון,חפיפת משולשים לכיתה ח׳ | דפי עבודה במתמטיקה – נועם דורון,"חפיפת משולשים לכיתה ח׳: הסבר קצר, דוגמה פתורה, טעויות נפוצות ושאלת בדיקה. קישורים לדפי עבודה בשלוש רמות, בחינם וללא הרשמה, לתרגול בכיתה ובבית עם נועם AI.","חפיפת משולשים לכיתה ח׳: הסבר קצר, דוגמה פתורה, טעויות נפוצות ושאלת בדיקה. קישורים לדפי עבודה בשלוש רמות, בחינם וללא הרשמה, לתרגול בכיתה ובבית עם נועם AI.",false,title:current|description:current,
/congruence-theorems-grade-8,topic-page,משפטי חפיפה לכיתה ח׳ | דפי עבודה חינם – נועם דורון,משפטי חפיפה לכיתה ח׳ | דפי עבודה חינם – נועם דורון,"דפי עבודה במשפטי חפיפה לכיתה ח׳: זיהוי נתונים, התאמת קודקודים ובחירת משפט חפיפה. תרגול ברמות א׳, ב׳ ומצוינות, בחינם וללא הרשמה, עם אפשרות לבקש רמז מנועם AI.","מתרגלים זיהוי של נתונים מתאימים ובחירת משפט חפיפה: צלע־צלע־צלע, צלע־זווית־צלע וזווית־צלע־זווית. שלוש רמות תרגול, בחינם וללא הרשמה.",false,title:current|description:page-intro,
/geometric-proof-grade-8,topic-page,הוכחה גאומטרית לכיתה ח׳ | דפי עבודה חינם – נועם דורון,הוכחה גאומטרית לכיתה ח׳ | דפי עבודה חינם – נועם דורון,"לומדים לכתוב הוכחה גאומטרית לכיתה ח׳ באמצעות טענות ונימוקים. הסבר, דוגמה ודפי עבודה ברמות א׳, ב׳ ומצוינות. בחינם וללא הרשמה, עם אפשרות לבקש רמז מנועם AI.","לומדים לכתוב הוכחה גאומטרית לכיתה ח׳ באמצעות טענות ונימוקים. הסבר, דוגמה ודפי עבודה ברמות א׳, ב׳ ומצוינות. בחינם וללא הרשמה, עם אפשרות לבקש רמז מנועם AI.",false,title:current|description:current,
/triangle-congruence-proofs-grade-8,topic-page,הוכחות בחפיפת משולשים לכיתה ח׳ | דפי עבודה חינם,הוכחות בחפיפת משולשים לכיתה ח׳ | דפי עבודה חינם,"דפי עבודה בהוכחות בחפיפת משולשים לכיתה ח׳: התאמת קודקודים, בחירת משפט חפיפה והסקת מסקנות. שלוש רמות תרגול, בחינם וללא הרשמה, עם אפשרות לבקש רמז מנועם AI.","דפי עבודה בהוכחות בחפיפת משולשים לכיתה ח׳: התאמת קודקודים, בחירת משפט חפיפה והסקת מסקנות. שלוש רמות תרגול, בחינם וללא הרשמה, עם אפשרות לבקש רמז מנועם AI.",false,title:current|description:current,
/exterior-angle-triangle-grade-8,topic-page,זווית חיצונית במשולש לכיתה ח׳ | דפי עבודה חינם,זווית חיצונית במשולש לכיתה ח׳ | דפי עבודה חינם,"דפי עבודה חינמיים בזווית חיצונית במשולש לכיתה ח׳, בשלוש רמות: א׳, ב׳ ומצוינות. למדו את משפט הזווית החיצונית, פתרו תרגילים וקבלו רמז מנועם AI ללא הרשמה היום.","משתמשים במשפט הזווית החיצונית במשולש ומבחינים בינה לבין הזווית הפנימית הצמודה לה. דפי עבודה ברמות א׳, ב׳ ומצוינות, בחינם וללא הרשמה.",false,title:current|description:page-intro,
/isosceles-triangle-properties-grade-8,topic-page,משולש שווה שוקיים לכיתה ח׳ | תכונות ודפי עבודה חינם,תכונות משולש שווה־שוקיים לכיתה ח׳ – דפי עבודה | נועם דורון,"דפי עבודה חינמיים במשולש שווה שוקיים לכיתה ח׳, בשלוש רמות: א׳, ב׳ ומצוינות. תרגלו זוויות בסיס, זווית ראש ותכונות המשולש וקבלו רמז מנועם AI ללא הרשמה בבית היום.","מזהים שוקיים ובסיס ומשתמשים בשוויון זוויות הבסיס במשולש שווה־שוקיים. דפי עבודה לכיתה ח׳ ברמות א׳, ב׳ ומצוינות, בחינם.",false,title:review-fix|description:review-fix,
/isosceles-triangle-grade-8,topic-page,משולש שווה־שוקיים לכיתה ח׳ | דפי עבודה במתמטיקה – נועם דורון,משולש שווה־שוקיים לכיתה ח׳ | דפי עבודה במתמטיקה – נועם דורון,"משולש שווה־שוקיים לכיתה ח׳: זוויות בסיס, זווית ראש והוכחות מסודרות. דפי עבודה ברמות א׳, ב׳ ומצוינות, בחינם וללא הרשמה, לתרגול בכיתה ובבית עם נועם AI.","משולש שווה־שוקיים לכיתה ח׳: זוויות בסיס, זווית ראש והוכחות מסודרות. דפי עבודה ברמות א׳, ב׳ ומצוינות, בחינם וללא הרשמה, לתרגול בכיתה ובבית עם נועם AI.",false,title:current|description:current,
/triangle-median-grade-8,topic-page,תיכון במשולש לכיתה ח׳ | דפי עבודה חינם,תיכון במשולש לכיתה ח׳ | דפי עבודה חינם,"דפי עבודה חינמיים בתיכון במשולש לכיתה ח׳, בשלוש רמות: א׳, ב׳ ומצוינות. למדו לזהות אמצע צלע, לחשב קטעים ולנמק בעזרת הגדרת התיכון, עם רמז מנועם AI לתרגול בבית.","מזהים תיכון במשולש ומשתמשים בהגדרתו כדי לחשב אורכים ולנמק שוויון קטעים. דפי עבודה ברמות א׳, ב׳ ומצוינות, בחינם וללא הרשמה.",false,title:current|description:page-intro,
/similar-triangles-grade-8,topic-page,דמיון משולשים לכיתה ח׳ | דפי עבודה במתמטיקה – נועם דורון,דמיון משולשים לכיתה ח׳ | דפי עבודה במתמטיקה – נועם דורון,"דמיון משולשים לכיתה ח׳: יחסי צלעות, זוויות מתאימות ופתרון בעיות בדמיון. דפי עבודה ברמות א׳, ב׳ ומצוינות, בחינם וללא הרשמה.","דמיון משולשים לכיתה ח׳: יחסי צלעות, זוויות מתאימות ופתרון בעיות בדמיון. דפי עבודה ברמות א׳, ב׳ ומצוינות, בחינם וללא הרשמה.",false,title:current|description:current,
/triangle-similarity-proof-grade-8,topic-page,הוכחת דמיון לכיתה ח׳ | נועם דורון - מתמטיקה דפי מתמטיקה בחינם,הוכחת דמיון משולשים לכיתה ח׳ | נועם דורון,"הוכחת דמיון משולשים לכיתה ח׳: זיהוי זוויות מתאימות וניסוח הוכחה מסודרת. דפי עבודה בשלוש רמות, בחינם וללא הרשמה, עם אפשרות לקבל רמזים מנועם AI.","הוכחת דמיון משולשים לכיתה ח׳: זיהוי זוויות מתאימות וניסוח הוכחה מסודרת. דפי עבודה בשלוש רמות, בחינם וללא הרשמה, עם אפשרות לקבל רמזים מנועם AI.",false,title:page-h1|description:current,
/similar-triangles-area-ratio-grade-8,topic-page,יחסי שטחים במשולשים דומים לכיתה ח׳ | נועם דורון - מתמטיקה דפי מתמטיקה בחינם,יחסי שטחים במשולשים דומים לכיתה ח׳ | נועם דורון,"יחסי שטחים במשולשים דומים לכיתה ח׳: הקשר בין יחס הדמיון ליחס השטחים. תרגול חינמי בשלוש רמות, להורדה ולהדפסה ללא הרשמה, עם רמזים של נועם AI.","יחסי שטחים במשולשים דומים לכיתה ח׳: הקשר בין יחס הדמיון ליחס השטחים. תרגול חינמי בשלוש רמות, להורדה ולהדפסה ללא הרשמה, עם רמזים של נועם AI.",false,title:page-h1|description:current,
/worksheets?grade=8&topic=46,catalog-topic,,בעיות מילוליות — בחירת נעלמים לכיתה ח׳ | נועם דורון,,דפי עבודה במתמטיקה בנושא בעיות מילוליות — בחירת נעלמים לכיתה ח׳. בחינם וללא הרשמה.,false,title:catalog-title|description:catalog-title,
/systems-of-equations-grade-8,topic-page,מערכות משוואות לכיתה ח׳ | דפי עבודה במתמטיקה – נועם דורון,מערכות משוואות לכיתה ח׳ | דפי עבודה במתמטיקה – נועם דורון,"מערכות משוואות לכיתה ח׳: פתרון בשיטת ההצבה ובשיטת החיבור, ובדיקת הפתרון. דפי עבודה ברמות א׳, ב׳ ומצוינות, בחינם וללא הרשמה.","מערכות משוואות לכיתה ח׳: פתרון בשיטת ההצבה ובשיטת החיבור, ובדיקת הפתרון. דפי עבודה ברמות א׳, ב׳ ומצוינות, בחינם וללא הרשמה.",false,title:current|description:current,
/worksheets?grade=8&topic=48,catalog-topic,,מערכות משוואות — פתרון אלגברי לכיתה ח׳ | נועם דורון,,דפי עבודה במתמטיקה בנושא מערכות משוואות — פתרון אלגברי לכיתה ח׳. בחינם וללא הרשמה.,false,title:catalog-title|description:catalog-title,
/worksheets?grade=8&topic=49,catalog-topic,,מערכות משוואות — מידול לכיתה ח׳ | נועם דורון,,דפי עבודה במתמטיקה בנושא מערכות משוואות — מידול לכיתה ח׳. בחינם וללא הרשמה.,false,title:catalog-title|description:catalog-title,
/worksheets?grade=8&topic=50,catalog-topic,,הסתברות — מרחב תוצאות לכיתה ח׳ | נועם דורון,,דפי עבודה במתמטיקה בנושא הסתברות — מרחב תוצאות לכיתה ח׳. בחינם וללא הרשמה.,false,title:catalog-title|description:catalog-title,
/worksheets?grade=8&topic=51,catalog-topic,,הסתברות — ניסוי והוגנות לכיתה ח׳ | נועם דורון,,דפי עבודה במתמטיקה בנושא הסתברות — ניסוי והוגנות לכיתה ח׳. בחינם וללא הרשמה.,false,title:catalog-title|description:catalog-title,
/inequalities-grade-8,topic-page,אי־שוויונות לכיתה ח׳ | דפי עבודה במתמטיקה – נועם דורון,אי־שוויונות לכיתה ח׳ | דפי עבודה במתמטיקה – נועם דורון,"אי־שוויונות לכיתה ח׳: פתרון אי־שוויונות, הצגה על ישר המספרים ובדיקת פתרון. דפי עבודה ברמות א׳, ב׳ ומצוינות, בחינם וללא הרשמה.","אי־שוויונות לכיתה ח׳: פתרון אי־שוויונות, הצגה על ישר המספרים ובדיקת פתרון. דפי עבודה ברמות א׳, ב׳ ומצוינות, בחינם וללא הרשמה.",false,title:current|description:current,
/worksheets?grade=8&topic=53,catalog-topic,,אי־שוויון גרפי לכיתה ח׳ | נועם דורון,,דפי עבודה במתמטיקה בנושא אי־שוויון גרפי לכיתה ח׳. בחינם וללא הרשמה.,false,title:catalog-title|description:catalog-title,
/pythagoras-in-space-grade-8,topic-page,פיתגורס במרחב לכיתה ח׳ | נועם דורון - מתמטיקה דפי מתמטיקה בחינם,פיתגורס במרחב לכיתה ח׳ | נועם דורון,"פיתגורס במרחב לכיתה ח׳: זיהוי משולשים ישרי זווית וחישוב אלכסונים בגופים. דפי עבודה בחינם בשלוש רמות, ללא הרשמה, עם הסבר, דוגמה ורמזים של נועם AI.","פיתגורס במרחב לכיתה ח׳: זיהוי משולשים ישרי זווית וחישוב אלכסונים בגופים. דפי עבודה בחינם בשלוש רמות, ללא הרשמה, עם הסבר, דוגמה ורמזים של נועם AI.",false,title:page-h1|description:current,
/coordinate-plane-grade-8,topic-page,מערכת צירים לכיתה ח׳ | דפי עבודה במתמטיקה בחינם – נועם דורון,מערכת צירים לכיתה ח׳ | דפי עבודה במתמטיקה בחינם – נועם דורון,"מערכת צירים לכיתה ח׳: קריאת וסימון נקודות, שיעורי x ו־y וחקירת צורות על רשת. דפי עבודה ברמות א׳, ב׳ ומצוינות, בחינם וללא הרשמה, לתרגול בכיתה ובבית עם נועם AI.","מערכת צירים לכיתה ח׳: קריאת וסימון נקודות, שיעורי x ו־y וחקירת צורות על רשת. דפי עבודה ברמות א׳, ב׳ ומצוינות, בחינם.",false,title:current|description:review-fix,
/worksheets?grade=8&topic=56,catalog-topic,,העמקה — בעיות לא שגרתיות לכיתה ח׳ | נועם דורון,,דפי עבודה במתמטיקה בנושא העמקה — בעיות לא שגרתיות לכיתה ח׳. בחינם וללא הרשמה.,false,title:catalog-title|description:catalog-title,
/worksheets?grade=8&topic=57,catalog-topic,,העמקה — חקר והכללה לכיתה ח׳ | נועם דורון,,דפי עבודה במתמטיקה בנושא העמקה — חקר והכללה לכיתה ח׳. בחינם וללא הרשמה.,false,title:catalog-title|description:catalog-title,
/worksheets?grade=8&topic=58,catalog-topic,,חזרה מסכמת לכיתה ח׳ | נועם דורון,,דפי עבודה במתמטיקה בנושא חזרה מסכמת לכיתה ח׳. בחינם וללא הרשמה.,false,title:catalog-title|description:catalog-title,
/worksheets?grade=8&topic=59,catalog-topic,,הערכה מסכמת לכיתה ח׳ | נועם דורון,,דפי עבודה במתמטיקה בנושא הערכה מסכמת לכיתה ח׳. בחינם וללא הרשמה.,false,title:catalog-title|description:catalog-title,
/worksheets?grade=8&topic=60,catalog-topic,,אבחון סוף שנה לכיתה ח׳ | נועם דורון,,דפי עבודה במתמטיקה בנושא אבחון סוף שנה לכיתה ח׳. בחינם וללא הרשמה.,false,title:catalog-title|description:catalog-title,
/worksheets?grade=8&topic=61,catalog-topic,,אינטרפולציה ואקסטרפולציה לכיתה ח׳ | נועם דורון,,דפי עבודה במתמטיקה בנושא אינטרפולציה ואקסטרפולציה לכיתה ח׳. בחינם וללא הרשמה.,false,title:catalog-title|description:catalog-title,
/parallel-lines-angles-grade-8,topic-page,זוויות בין ישרים מקבילים לכיתה ח׳ | נועם דורון - מתמטיקה דפי מתמטיקה בחינם,זוויות בין ישרים מקבילים לכיתה ח׳ | נועם דורון,"זוויות בין ישרים מקבילים לכיתה ח׳: תרגול זוויות מתאימות, מתחלפות וקודקודיות באמצעות דפי עבודה בשלוש רמות — א׳, ב׳ ומצוינות. להורדה בחינם וללא הרשמה לתלמידים ולמורים.","בישרים מקבילים הנחתכים בישר שלישי מזהים זוויות מתאימות, מתחלפות וקודקודיות. דפי עבודה בשלוש רמות: א׳, ב׳ ומצוינות, בחינם וללא הרשמה.",false,title:page-h1|description:page-intro,
/circle-area-circumference-grade-8,topic-page,מעגל ועיגול — היקף ושטח לכיתה ח׳ | נועם דורון - מתמטיקה דפי מתמטיקה בחינם,מעגל ועיגול — היקף ושטח לכיתה ח׳ | נועם דורון,"מעגל ועיגול לכיתה ח׳: תרגול היקף מעגל ושטח עיגול, רדיוס וקוטר באמצעות דפי עבודה בשלוש רמות — א׳, ב׳ ומצוינות. להורדה בחינם וללא הרשמה לתלמידים ולמורים בקלות.","לומדים להבחין בין מעגל לעיגול, לחשב היקף ושטח ולהציב נכון רדיוס או קוטר. דפי עבודה לכיתה ח׳ בשלוש רמות, בחינם וללא הרשמה.",false,title:page-h1|description:review-fix,
/worksheets?grade=8&topic=64,catalog-topic,,משימת הערכה 1 לכיתה ח׳ | נועם דורון,,דפי עבודה במתמטיקה בנושא משימת הערכה 1 לכיתה ח׳. בחינם וללא הרשמה.,false,title:catalog-title|description:catalog-title,
/distributive-law-grade-9,topic-page,חוק הפילוג המורחב לכיתה ט׳ | נועם דורון מתמטיקה,חוק הפילוג המורחב לכיתה ט׳ | נועם דורון מתמטיקה,"חוק הפילוג המורחב לכיתה ט׳: לומדים לפתוח מכפלת סוגריים, לכנס איברים ולבדוק טעויות נפוצות. דוגמה פתורה וקישורים לדפי העבודה הקיימים — בחינם וללא הרשמה.","חוק הפילוג המורחב לכיתה ט׳: לומדים לפתוח מכפלת סוגריים, לכנס איברים ולבדוק טעויות נפוצות. דוגמה פתורה וקישורים לדפי העבודה הקיימים — בחינם וללא הרשמה.",false,title:current|description:current,
/binomial-square-grade-9,topic-page,דו־איבר בריבוע לכיתה ט׳ | נועם דורון - מתמטיקה דפי מתמטיקה בחינם,דו־איבר בריבוע לכיתה ט׳ | נועם דורון,"דו־איבר בריבוע לכיתה ט׳: תרגול ריבוע סכום וריבוע הפרש, פיתוח ביטויים ואיבר אמצעי עם דפי עבודה בשלוש רמות — א׳, ב׳ ומצוינות. בחינם וללא הרשמה למורים ולתלמידים.","דו־איבר בריבוע לכיתה ט׳: פיתוח ריבוע סכום וריבוע הפרש, זיהוי האיבר האמצעי ובדיקה בכפל סוגריים. שלוש רמות, בחינם וללא הרשמה.",false,title:page-h1|description:review-fix,
/difference-of-squares-grade-9,topic-page,הפרש ריבועים לכיתה ט׳ | נועם דורון - מתמטיקה דפי מתמטיקה בחינם,הפרש ריבועים לכיתה ט׳ | נועם דורון,"הפרש ריבועים לכיתה ט׳: זיהוי התבנית ופירוק לגורמים, עם דוגמה ותרגול. דפי עבודה חינמיים בשלוש רמות להורדה ולהדפסה, ללא הרשמה, עם רמזים של נועם AI.","הפרש ריבועים לכיתה ט׳: זיהוי התבנית ופירוק לגורמים, עם דוגמה ותרגול. דפי עבודה חינמיים בשלוש רמות להורדה ולהדפסה, ללא הרשמה, עם רמזים של נועם AI.",false,title:page-h1|description:current,
/factoring-grade-9,topic-page,פירוק לגורמים לכיתה ט׳ | דפי עבודה במתמטיקה – נועם דורון,פירוק לגורמים לכיתה ט׳ | דפי עבודה במתמטיקה – נועם דורון,"פירוק לגורמים לכיתה ט׳: הסבר קצר, דוגמה פתורה, טעויות נפוצות ושאלת בדיקה. קישורים לדפי עבודה בשלוש רמות, בחינם וללא הרשמה, לתרגול בכיתה ובבית עם נועם AI.","פירוק לגורמים לכיתה ט׳: הסבר קצר, דוגמה פתורה, טעויות נפוצות ושאלת בדיקה. קישורים לדפי עבודה בשלוש רמות, בחינם וללא הרשמה, לתרגול בכיתה ובבית עם נועם AI.",false,title:current|description:current,
/worksheets?grade=9&topic=41,catalog-topic,,פירוק לגורמים 1 — הוצאת גורם משותף לכיתה ט׳ | נועם דורון,,דפי עבודה במתמטיקה בנושא פירוק לגורמים 1 — הוצאת גורם משותף לכיתה ט׳. בחינם וללא הרשמה.,false,title:catalog-title|description:catalog-title,
/worksheets?grade=9&topic=42,catalog-topic,,פירוק לגורמים 2 — נוסחאות הכפל המקוצר וטרינום לכיתה ט׳,,דפי עבודה במתמטיקה בנושא פירוק לגורמים 2 — נוסחאות הכפל המקוצר וטרינום לכיתה ט׳. בחינם וללא הרשמה.,false,title:catalog-title|description:catalog-title,
/worksheets?grade=9&topic=43,catalog-topic,,"פירוק מלא, משוואות ושברים אלגבריים לכיתה ט׳ | נועם דורון",,"דפי עבודה במתמטיקה בנושא פירוק לגורמים 3 — פירוק מלא, משוואות ושברים אלגבריים לכיתה ט׳. בחינם וללא הרשמה.",false,title:catalog-title|description:review-fix,
/algebraic-fractions-grade-9,topic-page,צמצום שברים אלגבריים לכיתה ט׳ | נועם דורון,צמצום שברים אלגבריים לכיתה ט׳ | נועם דורון,"תרגול צמצום שברים אלגבריים ותחום הצבה לכיתה ט׳. דפי עבודה חינמיים בשלוש רמות, דוגמה מוסברת ורמזי נועם AI, ללא הרשמה.","תרגול צמצום שברים אלגבריים ותחום הצבה לכיתה ט׳. דפי עבודה חינמיים בשלוש רמות, דוגמה מוסברת ורמזי נועם AI, ללא הרשמה.",false,title:current|description:current,
/isosceles-triangle-grade-9,topic-page,משולש שווה־שוקיים לכיתה ט׳ | נועם דורון,משולש שווה־שוקיים לכיתה ט׳ | נועם דורון,"תרגול משולש שווה־שוקיים לכיתה ט׳: זוויות בסיס, גובה ותיכון, חישובים והוכחות. דפי עבודה חינמיים בשלוש רמות ורמזי נועם AI.","תרגול משולש שווה־שוקיים לכיתה ט׳: זוויות בסיס, גובה ותיכון, חישובים והוכחות. דפי עבודה חינמיים בשלוש רמות ורמזי נועם AI.",false,title:current|description:current,
/quadratic-function-grade-9,topic-page,הפונקציה הריבועית לכיתה ט׳ | דפי עבודה במתמטיקה – נועם דורון,הפונקציה הריבועית לכיתה ט׳ | דפי עבודה במתמטיקה – נועם דורון,"הפונקציה הריבועית לכיתה ט׳: הסבר קצר, דוגמה פתורה, טעויות נפוצות ושאלת בדיקה. קישורים לדפי עבודה בשלוש רמות, בחינם וללא הרשמה, לתרגול בכיתה ובבית עם נועם AI.","הפונקציה הריבועית לכיתה ט׳: פרבולה, קודקוד, ציר סימטריה ונקודות אפס. דפי עבודה ברמות א׳, ב׳ ומצוינות, בחינם וללא הרשמה.",false,title:current|description:review-fix,
/quadratic-equations-grade-9,topic-page,משוואות ריבועיות לכיתה ט׳ | דפי עבודה במתמטיקה – נועם דורון,משוואות ריבועיות לכיתה ט׳ | דפי עבודה במתמטיקה – נועם דורון,"משוואות ריבועיות לכיתה ט׳: הסבר קצר, דוגמה פתורה, טעויות נפוצות ושאלת בדיקה. קישורים לדפי עבודה בשלוש רמות, בחינם וללא הרשמה, לתרגול בכיתה ובבית עם נועם AI.","משוואות ריבועיות לכיתה ט׳: פתרון בפירוק לגורמים ובנוסחת השורשים. דפי עבודה ברמות א׳, ב׳ ומצוינות, בחינם וללא הרשמה.",false,title:current|description:review-fix,
/parallelogram-grade-9,topic-page,מקבילית לכיתה ט׳ | דפי עבודה במתמטיקה – נועם דורון,מקבילית לכיתה ט׳ | דפי עבודה במתמטיקה – נועם דורון,"מקבילית לכיתה ט׳: תכונות הצלעות והזוויות, אלכסונים והוכחות. דפי עבודה ברמות א׳, ב׳ ומצוינות, בחינם וללא הרשמה.","מקבילית לכיתה ט׳: תכונות הצלעות והזוויות, אלכסונים והוכחות. דפי עבודה ברמות א׳, ב׳ ומצוינות, בחינם וללא הרשמה.",false,title:current|description:current,
/quadratic-inequalities-systems-grade-9,topic-page,אי־שוויונות ריבועיים ומערכות משוואות לכיתה ט׳ | נועם דורון,אי־שוויונות ריבועיים ומערכות משוואות לכיתה ט׳ | נועם דורון,"אי־שוויונות ריבועיים ומערכות משוואות לכיתה ט׳: הסבר ותרגול בשלוש רמות. פתחו דפי עבודה בחינם וללא הרשמה, היעזרו ברמזים של נועם AI ותרגלו בקצב שלכם.","אי־שוויונות ריבועיים ומערכות משוואות לכיתה ט׳: הסבר ותרגול בשלוש רמות. פתחו דפי עבודה בחינם וללא הרשמה, היעזרו ברמזים של נועם AI ותרגלו בקצב שלכם.",false,title:current|description:current,
/statistics-grade-9,topic-page,סטטיסטיקה לכיתה ט׳ | דפי עבודה במתמטיקה – נועם דורון,סטטיסטיקה לכיתה ט׳ | דפי עבודה במתמטיקה – נועם דורון,"סטטיסטיקה לכיתה ט׳: שכיח, חציון, ממוצע, טבלאות וגרפים. דפי עבודה ברמות א׳, ב׳ ומצוינות, בחינם וללא הרשמה.","סטטיסטיקה לכיתה ט׳: שכיח, חציון, ממוצע, טבלאות וגרפים. דפי עבודה ברמות א׳, ב׳ ומצוינות, בחינם וללא הרשמה.",false,title:current|description:current,
/probability-grade-9,topic-page,הסתברות לכיתה ט׳ | דפי עבודה במתמטיקה – נועם דורון,הסתברות לכיתה ט׳ | דפי עבודה במתמטיקה – נועם דורון,"הסתברות לכיתה ט׳: מרחב מדגם, מאורעות וחישוב הסתברות. דפי עבודה ברמות א׳, ב׳ ומצוינות, בחינם וללא הרשמה.","הסתברות לכיתה ט׳: מרחב מדגם, מאורעות וחישוב הסתברות. דפי עבודה ברמות א׳, ב׳ ומצוינות, בחינם וללא הרשמה.",false,title:current|description:current,
/rectangle-grade-9,topic-page,מלבן לכיתה ט׳ | דפי עבודה במתמטיקה – נועם דורון,מלבן לכיתה ט׳ | דפי עבודה במתמטיקה – נועם דורון,"מלבן לכיתה ט׳: תכונות המלבן, זוויות ואלכסונים, היקף ושטח. דפי עבודה ברמות א׳, ב׳ ומצוינות, בחינם וללא הרשמה.","מלבן לכיתה ט׳: תכונות המלבן, זוויות ואלכסונים, היקף ושטח. דפי עבודה ברמות א׳, ב׳ ומצוינות, בחינם וללא הרשמה.",false,title:current|description:current,
/precalculus-functions-graphs-grade-9,topic-page,קדם אנליזה — פונקציות וגרפים כיתה ט׳ | נועם דורון - מתמטיקה דפי מתמטיקה בחינם,קדם אנליזה — פונקציות וגרפים לכיתה ט׳ | נועם דורון,"קדם אנליזה לכיתה ט׳: פונקציות, טבלאות ערכים וקריאת גרפים. דפי עבודה חינמיים בשלוש רמות להורדה ולהדפסה, עם דוגמאות ואפשרות לקבל רמזים מנועם AI.","קדם אנליזה לכיתה ט׳: פונקציות, טבלאות ערכים וקריאת גרפים. דפי עבודה חינמיים בשלוש רמות להורדה ולהדפסה, עם דוגמאות ואפשרות לקבל רמזים מנועם AI.",false,title:page-h1|description:current,
/rhombus-grade-9,topic-page,מעוין לכיתה ט׳ | דפי עבודה במתמטיקה – נועם דורון,מעוין לכיתה ט׳ | דפי עבודה במתמטיקה – נועם דורון,"מעוין לכיתה ט׳: תכונות הצלעות, הזוויות והאלכסונים, הסברים ודפי עבודה ברמות א׳, ב׳ ומצוינות. חינם וללא הרשמה.","מעוין לכיתה ט׳: תכונות הצלעות, הזוויות והאלכסונים, הסברים ודפי עבודה ברמות א׳, ב׳ ומצוינות. חינם וללא הרשמה.",false,title:current|description:current,
/square-grade-9,topic-page,ריבוע לכיתה ט׳ | דפי עבודה במתמטיקה – נועם דורון,ריבוע לכיתה ט׳ | דפי עבודה במתמטיקה – נועם דורון,"ריבוע לכיתה ט׳: תכונות הריבוע, צלעות, זוויות ואלכסונים, היקף ושטח. דפי עבודה ברמות א׳, ב׳ ומצוינות, בחינם וללא הרשמה.","ריבוע לכיתה ט׳: תכונות הריבוע, צלעות, זוויות ואלכסונים, היקף ושטח. דפי עבודה ברמות א׳, ב׳ ומצוינות, בחינם וללא הרשמה.",false,title:current|description:current,
/analytic-geometry-grade-9,topic-page,גאומטריה אנליטית לכיתה ט׳ | דפי עבודה במתמטיקה – נועם דורון,גאומטריה אנליטית לכיתה ט׳ | דפי עבודה במתמטיקה – נועם דורון,"גאומטריה אנליטית לכיתה ט׳: נקודות במערכת צירים, מרחק, אמצע קטע ושיפוע. דפי עבודה ברמות א׳, ב׳ ומצוינות, בחינם וללא הרשמה.","גאומטריה אנליטית לכיתה ט׳: נקודות במערכת צירים, מרחק, אמצע קטע ושיפוע. דפי עבודה ברמות א׳, ב׳ ומצוינות, בחינם וללא הרשמה.",false,title:current|description:current,
/exponent-rules-grade-9,topic-page,חוקי חזקות כיתה ט׳ | נועם דורון - מתמטיקה דפי מתמטיקה בחינם,חוקי חזקות לכיתה ט׳ | נועם דורון,"חוקי חזקות לכיתה ט׳: תרגול כפל וחילוק חזקות וחזקה של חזקה. דפי עבודה בשלוש רמות, בחינם וללא הרשמה, עם הסברים, דוגמאות ורמזים של נועם AI.","חוקי חזקות לכיתה ט׳: תרגול כפל וחילוק חזקות וחזקה של חזקה. דפי עבודה בשלוש רמות, בחינם וללא הרשמה, עם הסברים, דוגמאות ורמזים של נועם AI.",false,title:page-h1|description:current,
/square-roots-grade-9,topic-page,שורשים לכיתה ט׳ | נועם דורון - מתמטיקה דפי מתמטיקה בחינם,שורשים לכיתה ט׳ | נועם דורון,"שורשים לכיתה ט׳: תרגול שורש ריבועי ופישוט ביטויים עם שורשים. דפי עבודה חינמיים ברמה א׳, רמה ב׳ ומצוינות, ללא הרשמה, עם דוגמאות ורמזים של נועם AI.","שורשים לכיתה ט׳: תרגול שורש ריבועי ופישוט ביטויים עם שורשים. דפי עבודה חינמיים ברמה א׳, רמה ב׳ ומצוינות, ללא הרשמה, עם דוגמאות ורמזים של נועם AI.",false,title:page-h1|description:current,
/word-problems-grade-9,topic-page,בעיות מילוליות לכיתה ט׳ | דפי עבודה במתמטיקה – נועם דורון,בעיות מילוליות לכיתה ט׳ | דפי עבודה במתמטיקה – נועם דורון,"בעיות מילוליות לכיתה ט׳: תרגום נתונים למשוואה, בחירת נעלם, פתרון ובדיקת התאמה לסיפור. דפי עבודה ברמות א׳, ב׳ ומצוינות, בחינם וללא הרשמה, לתרגול בכיתה ובבית.","בעיות מילוליות לכיתה ט׳: תרגום נתונים למשוואה, בחירת נעלם, פתרון ובדיקת התאמה לסיפור. דפי עבודה ברמות א׳, ב׳ ומצוינות, בחינם.",false,title:current|description:review-fix,
/triangle-similarity-aa-grade-9,topic-page,משפט ז.ז לכיתה ט׳ ודמיון משולשים | דפי עבודה – נועם דורון,דמיון משולשים — משפט ז.ז וחישובים לכיתה ט׳ | נועם דורון,"משפט ז.ז לכיתה ט׳: הוכחת דמיון לפי שתי זוויות, התאמת קודקודים וחישוב צלעות מתאימות. דפי עבודה ברמות א׳, ב׳ ומצוינות, בחינם וללא הרשמה, לתרגול נוסף בכיתה ובבית.","לומדים להוכיח דמיון לפי שני זוגות זוויות, להתאים קודקודים ולחשב צלעות מתאימות. דפי עבודה לכיתה ט׳ בשלוש רמות, בחינם.",false,title:review-fix|description:review-fix,
/similar-triangles-grade-9,topic-page,דמיון משולשים לכיתה ט׳ | דפי עבודה במתמטיקה – נועם דורון,דמיון משולשים לכיתה ט׳ | דפי עבודה במתמטיקה – נועם דורון,"דמיון משולשים לכיתה ט׳: יחסי צלעות, היקפים ושטחים במשולשים דומים, עם הסברים ודוגמאות. דפי עבודה ברמות א׳, ב׳ ומצוינות, בחינם וללא הרשמה, לתרגול בכיתה ובבית.","מתרגלים יחסי צלעות, היקפים ושטחים במשולשים דומים, בשלוש רמות: א׳, ב׳ ומצוינות, בחינם וללא הרשמה. זקוקים לרמז? פתחו את דף העבודה והיעזרו בנועם AI.",false,title:current|description:page-intro,
/transition-to-high-school-grade-9,topic-page,מעבר לחטיבה העליונה לכיתה ט׳ | דפי חזרה במתמטיקה – נועם דורון,מעבר לחטיבה העליונה – חזרה במתמטיקה לכיתה ט׳ | נועם דורון,"מעבר לחטיבה העליונה: דפי חזרה במתמטיקה לכיתה ט׳ לקראת התיכון — אלגברה, פונקציות וגאומטריה. שלוש רמות תרגול, א׳, ב׳ ומצוינות, בחינם וללא הרשמה, לחיזוק הביטחון במעבר.","מתרגלים ומרעננים אלגברה, פונקציות וגאומטריה לקראת המעבר לתיכון, בשלוש רמות: א׳, ב׳ ומצוינות, בחינם וללא הרשמה.",false,title:review-fix|description:page-intro,
/worksheets?grade=9&topic=22,catalog-topic,,משולש שווה־צלעות — העמקה ורשות לכיתה ט׳ | נועם דורון,,דפי עבודה במתמטיקה בנושא משולש שווה־צלעות — העמקה ורשות לכיתה ט׳. בחינם וללא הרשמה.,false,title:catalog-title|description:catalog-title,
/congruent-polygons-transformations-grade-9,topic-page,טרנספורמציות לכיתה ט׳ וצורות חופפות | דפי עבודה – נועם דורון,טרנספורמציות וצורות חופפות לכיתה ט׳ | נועם דורון,"טרנספורמציות לכיתה ט׳: הזזה, סיבוב ושיקוף, זיהוי צורות חופפות וקריאת נקודות במערכת צירים. דפי עבודה ברמות א׳, ב׳ ומצוינות, בחינם וללא הרשמה, לתרגול בכיתה ובבית.","מתרגלים הזזה, שיקוף וסיבוב, ומזהים צורות חופפות ששומרות על אורכים וזוויות, בשלוש רמות: א׳, ב׳ ומצוינות, בחינם וללא הרשמה.",false,title:review-fix|description:page-intro,
/pythagoras-basics-grade-9,topic-page,משפט פיתגורס לכיתה ט׳ – היכרות וחישוב | נועם דורון,משפט פיתגורס לכיתה ט׳ — היכרות וחישוב | נועם דורון,"דפי עבודה למשפט פיתגורס לכיתה ט׳: מזהים יתר וניצבים, מחשבים צלע חסרה בעזרת המשפט ומתרגלים בשלוש רמות א׳, ב׳ ומצוינות. בחינם, ללא הרשמה ועם רמזים של נועם AI.","דפי עבודה במשפט פיתגורס לכיתה ט׳: מזהים יתר וניצבים ומחשבים צלע חסרה במשולש ישר־זווית. שלוש רמות, בחינם וללא הרשמה.",false,title:review-fix|description:review-fix,
/pythagoras-applications-grade-9,topic-page,משפט פיתגורס לכיתה ט׳ – שימושים ויישומים | נועם דורון,משפט פיתגורס לכיתה ט׳ – שימושים ויישומים | נועם דורון,"דפי עבודה על שימושים במשפט פיתגורס לכיתה ט׳: אלכסוני מלבן וריבוע, גבהים ומרחקים בשלוש רמות. בחינם, ללא הרשמה ועם רמזים מיידיים של נועם AI.","דפי עבודה על שימושים במשפט פיתגורס לכיתה ט׳: אלכסוני מלבן וריבוע, גבהים ומרחקים בשלוש רמות. בחינם, ללא הרשמה ועם רמזים מיידיים של נועם AI.",false,title:current|description:current,
/rectangle-square-area-grade-9,topic-page,שטח מלבן וריבוע לכיתה ט׳ – העמקה ודפי עבודה | נועם דורון,שטח מלבן וריבוע לכיתה ט׳ – העמקה ודפי עבודה | נועם דורון,"דפי עבודה על שטח מלבן וריבוע לכיתה ט׳: נוסחאות, שילוב ביטויים אלגבריים ותרגול בשלוש רמות. בחינם, ללא הרשמה ועם רמזים מיידיים של נועם AI.","דפי עבודה על שטח מלבן וריבוע לכיתה ט׳: נוסחאות, שילוב ביטויים אלגבריים ותרגול בשלוש רמות. בחינם, ללא הרשמה ועם רמזים מיידיים של נועם AI.",false,title:current|description:current,
/triangle-area-grade-9,topic-page,שטח משולש לכיתה ט׳ – העמקה ודפי עבודה | נועם דורון,שטח משולש לכיתה ט׳ – העמקה ודפי עבודה | נועם דורון,"דפי עבודה על שטח משולש לכיתה ט׳: בחירת בסיס וגובה, נוסחת שטח ותרגול בשלוש רמות. בחינם, ללא הרשמה ועם רמזים מיידיים של נועם AI.","דפי עבודה על שטח משולש לכיתה ט׳: בחירת בסיס וגובה, נוסחת שטח ותרגול בשלוש רמות. בחינם, ללא הרשמה ועם רמזים מיידיים של נועם AI.",false,title:current|description:current,
/parallelogram-trapezoid-area-grade-9,topic-page,שטח מקבילית וטרפז לכיתה ט׳ – דפי עבודה | נועם דורון,שטח מקבילית וטרפז לכיתה ט׳ – דפי עבודה | נועם דורון,"דפי עבודה על שטח מקבילית וטרפז לכיתה ט׳: נוסחאות, בחירת בסיס וגובה ותרגול בשלוש רמות. בחינם, ללא הרשמה ועם רמזים מיידיים של נועם AI.","דפי עבודה על שטח מקבילית וטרפז לכיתה ט׳: נוסחאות, בחירת בסיס וגובה ותרגול בשלוש רמות. בחינם, ללא הרשמה ועם רמזים מיידיים של נועם AI.",false,title:current|description:current,
/composite-polygons-area-grade-9,topic-page,שטח מצולעים מורכבים לכיתה ט׳ – דפי עבודה | נועם דורון,שטח מצולעים מורכבים לכיתה ט׳ – דפי עבודה | נועם דורון,"דפי עבודה על שטח מצולעים מורכבים לכיתה ט׳: פירוק צורות, חיבור וחיסור שטחים ותרגול בשלוש רמות. בחינם, ללא הרשמה ועם רמזים מיידיים של נועם AI.","דפי עבודה על שטח מצולעים מורכבים לכיתה ט׳: פירוק צורות, חיבור וחיסור שטחים ותרגול בשלוש רמות. בחינם, ללא הרשמה ועם רמזים מיידיים של נועם AI.",false,title:current|description:current,
/triangular-prism-volume-grade-9,topic-page,נפח מנסרה משולשת לכיתה ט׳ – דפי עבודה | נועם דורון,נפח מנסרה משולשת לכיתה ט׳ – דפי עבודה | נועם דורון,"דפי עבודה על נפח מנסרה משולשת לכיתה ט׳: זיהוי בסיס וגובה, חישוב שטח הבסיס ונפח המנסרה בשלוש רמות. בחינם, ללא הרשמה ועם רמזים מיידיים של נועם AI.","דפי עבודה על נפח מנסרה משולשת לכיתה ט׳: זיהוי בסיס וגובה, חישוב שטח הבסיס ונפח המנסרה בשלוש רמות. בחינם, ללא הרשמה ועם רמזים מיידיים של נועם AI.",false,title:current|description:current,
/triangular-prism-surface-area-grade-9,topic-page,שטח פנים של מנסרה משולשת לכיתה ט׳ | נועם דורון,שטח פנים של מנסרה משולשת לכיתה ט׳ | נועם דורון,"תרגול שטח מעטפת ושטח פנים של מנסרה משולשת ישרה לכיתה ט׳. דפי עבודה חינמיים ברמות א׳, ב׳ ומצוינות, עם דוגמה ורמזי נועם AI, ללא הרשמה.","תרגול שטח מעטפת ושטח פנים של מנסרה משולשת ישרה לכיתה ט׳. דפי עבודה חינמיים ברמות א׳, ב׳ ומצוינות, עם דוגמה ורמזי נועם AI, ללא הרשמה.",false,title:current|description:current,
/coordinate-plane-applications-grade-9,topic-page,מערכת הצירים — יישום והעמקה לכיתה ט׳ | נועם דורון,מערכת הצירים — יישום והעמקה לכיתה ט׳ | נועם דורון,"דפי עבודה במערכת הצירים לכיתה ט׳: קריאת נקודות, חישוב אורכים ותכונות צורות. שלוש רמות תרגול חינמיות, דוגמה ורמזי נועם AI.","דפי עבודה במערכת הצירים לכיתה ט׳: קריאת נקודות, חישוב אורכים ותכונות צורות. שלוש רמות תרגול חינמיות, דוגמה ורמזי נועם AI.",false,title:current|description:current,
/triangle-calculations-grade-9,topic-page,חישובים במשולשים לכיתה ט׳ | נועם דורון,חישובים במשולשים לכיתה ט׳ | נועם דורון,"תרגול חישובי זוויות, אורכים ושטחים במשולשים לכיתה ט׳. דפי עבודה חינמיים ברמות א׳, ב׳ ומצוינות, עם דוגמה, בדיקה עצמית ורמזי נועם AI.","תרגול חישובי זוויות, אורכים ושטחים במשולשים לכיתה ט׳. דפי עבודה חינמיים ברמות א׳, ב׳ ומצוינות, עם דוגמה, בדיקה עצמית ורמזי נועם AI.",false,title:current|description:current,
/linear-function-grade-9,topic-page,פונקציה קווית לכיתה ט׳ | דפי עבודה במתמטיקה – נועם דורון,פונקציה קווית לכיתה ט׳ | דפי עבודה במתמטיקה – נועם דורון,"פונקציה קווית לכיתה ט׳: שיפוע, חיתוך עם הצירים וקריאת גרפים. דפי עבודה ברמות א׳, ב׳ ומצוינות, בחינם וללא הרשמה.","פונקציה קווית לכיתה ט׳: שיפוע, חיתוך עם הצירים וקריאת גרפים. דפי עבודה ברמות א׳, ב׳ ומצוינות, בחינם וללא הרשמה.",false,title:current|description:current,
/pythagorean-theorem-grade-9,topic-page,משפט פיתגורס לכיתה ט׳ | דפי עבודה במתמטיקה – נועם דורון,משפט פיתגורס לכיתה ט׳ | דפי עבודה במתמטיקה – נועם דורון,"משפט פיתגורס לכיתה ט׳: שימוש במשפט, זיהוי יתר וניצבים ופתרון בעיות. דפי עבודה ברמות א׳, ב׳ ומצוינות, בחינם וללא הרשמה.","משפט פיתגורס לכיתה ט׳: שימוש במשפט, זיהוי יתר וניצבים ופתרון בעיות. דפי עבודה ברמות א׳, ב׳ ומצוינות, בחינם וללא הרשמה.",false,title:current|description:current,
/reading-graphs-grade-9,topic-page,קריאת גרפים לכיתה ט׳ | נועם דורון,קריאת גרפים לכיתה ט׳ | נועם דורון,"דפי עבודה בקריאת גרפים לכיתה ט׳: קריאת צירים, קנה מידה, השוואת ערכים ותיאור שינוי בשלוש רמות. בחינם, ללא הרשמה ועם רמזים מיידיים של נועם AI.","דפי עבודה בקריאת גרפים לכיתה ט׳: קריאת צירים, קנה מידה, השוואת ערכים ותיאור שינוי בשלוש רמות. בחינם, ללא הרשמה ועם רמזים מיידיים של נועם AI.",false,title:current|description:current,
/triangle-30-60-90-grade-9,topic-page,משולש 30–60–90 לכיתה ט׳ | נועם דורון,משולש ישר־זווית 30–60–90 לכיתה ט׳ | נועם דורון,"דפי עבודה על משולש 30–60–90 לכיתה ט׳: יחסי הצלעות, זיהוי היתר וחישוב ניצבים בשלוש רמות. בחינם, ללא הרשמה ועם רמזים מיידיים של נועם AI.","דפי עבודה על משולש 30–60–90 לכיתה ט׳: יחסי הצלעות, זיהוי היתר וחישוב ניצבים בשלוש רמות. בחינם, ללא הרשמה ועם רמזים מיידיים של נועם AI.",false,title:review-fix|description:current,
/triangle-sides-angles-grade-9,topic-page,יחסי צלעות וזוויות במשולש לכיתה ט׳ | נועם דורון,יחסי צלעות וזוויות במשולש לכיתה ט׳ | נועם דורון,"דפי עבודה בנושא יחסי צלעות וזוויות במשולש לכיתה ט׳: השוואת צלעות וזוויות, אי־שוויון המשולש ותרגול בשלוש רמות. בחינם, ללא הרשמה ועם רמזים מיידיים של נועם AI.","לומדים להשוות בין צלעות לזוויות שמולן ולהשתמש באי־שוויון המשולש. שלוש רמות תרגול, בחינם וללא הרשמה.",false,title:current|description:page-intro,
/trapezoid-grade-9,topic-page,טרפז לכיתה ט׳ | דפי עבודה במתמטיקה – נועם דורון,טרפז לכיתה ט׳ | דפי עבודה במתמטיקה – נועם דורון,"טרפז לכיתה ט׳: תכונות הטרפז, זוויות, בסיסים ושטח. דפי עבודה ברמות א׳, ב׳ ומצוינות, בחינם וללא הרשמה.","טרפז לכיתה ט׳: תכונות הטרפז, זוויות, בסיסים ושטח. דפי עבודה ברמות א׳, ב׳ ומצוינות, בחינם וללא הרשמה.",false,title:current|description:current,
/adjacent-vertical-angles-grade-7,topic-page,זוויות צמודות וקודקודיות לכיתה ז׳ | דפי עבודה חינם,זוויות צמודות וקודקודיות לכיתה ז׳ | דפי עבודה חינם,"דפי עבודה בזוויות צמודות וקודקודיות לכיתה ז׳ בשלוש רמות, בחינם וללא הרשמה. מזהים זוויות צמודות, קודקודיות, משלימות ונשלמות.","דפי עבודה בזוויות צמודות וקודקודיות לכיתה ז׳ בשלוש רמות, בחינם וללא הרשמה. מזהים זוויות צמודות, קודקודיות, משלימות ונשלמות.",false,title:current|description:current,
/coordinate-plane-four-quadrants-grade-7,topic-page,מערכת צירים — ארבעת הרביעים לכיתה ז׳ | דפי עבודה חינם,מערכת צירים: שיעורים שליליים ושיקוף לכיתה ז׳ | נועם דורון,"דפי עבודה במערכת צירים — ארבעת הרביעים לכיתה ז׳ בשלוש רמות, בחינם וללא הרשמה. מרחיבים את מערכת הצירים לשיעורים שליליים ומזהים רביע.","דפי עבודה במערכת צירים לכיתה ז׳: נקודות עם שיעורים שליליים, זיהוי הרביע ושיקוף נקודות ביחס לצירים. שלוש רמות, בחינם וללא הרשמה.",false,title:review-fix|description:review-fix,
/post/%D7%AA%D7%A8%D7%92%D7%99%D7%9C%D7%99-%D7%97%D7%99%D7%91%D7%95%D7%A8-%D7%95%D7%97%D7%99%D7%A1%D7%95%D7%A8-%D7%9C%D7%9B%D7%99%D7%AA%D7%94-%D7%90-%D7%9C%D7%AA%D7%A8%D7%92%D7%95%D7%9C-%D7%A0%D7%9B%D7%95%D7%9F-%D7%91%D7%91%D7%99%D7%AA,blog-post,תרגילי חיבור וחיסור לכיתה א׳ לתרגול נכון בבית,תרגילי חיבור וחיסור לכיתה א׳ לתרגול נכון בבית | נועם דורון,"תרגילי חיבור וחיסור לכיתה א׳ לתרגול נכון בבית: עד 10 ועד 20, עם ציורים, משחקים והמחשה. דפי עבודה בחינם ללא הרשמה להתחלה נעימה ובטוחה.","תרגילי חיבור וחיסור לכיתה א׳ לתרגול נכון בבית: עד 10 ועד 20, עם ציורים, משחקים והמחשה. דפי עבודה בחינם ללא הרשמה להתחלה נעימה ובטוחה.",false,title:post-h1|description:post-description,
/post/%D7%A1%D7%95%D7%9B%D7%9F-ai-%D7%9C%D7%AA%D7%A8%D7%92%D7%99%D7%9C%D7%99%D7%9D-%D7%9B%D7%9E%D7%95-%D7%9E%D7%95%D7%A8%D7%94-%D7%A4%D7%A8%D7%98%D7%99-%D7%95%D7%94%D7%9B%D7%95%D7%9C-%D7%91%D7%97%D7%99%D7%A0%D7%9D,blog-post,"סוכן AI לתרגילים כמו מורה פרטי, והכול בחינם","סוכן AI לתרגילים כמו מורה פרטי, והכול בחינם | נועם דורון","סוכן AI לתרגילי מתמטיקה כמו מורה פרטי: מקבלים הסבר שלב אחר שלב, בדיקת טעויות ותרגול מותאם אישית. דפי עבודה בחינם לכיתות א׳–ט׳, ללא הרשמה.","סוכן AI לתרגילי מתמטיקה כמו מורה פרטי: מקבלים הסבר שלב אחר שלב, בדיקת טעויות ותרגול מותאם אישית. דפי עבודה בחינם לכיתות א׳–ט׳, ללא הרשמה.",false,title:post-h1|description:post-description,
/post/annual-review-grade-7,blog-post,חזרה שנתית לכיתה ז׳ | דפי עבודה חינם,חזרה שנתית לכיתה ז׳ — דפי עבודה | נועם דורון,"דפי עבודה לחזרה שנתית בכיתה ז׳: חזרה מסכמת על נושאי השנה בשלוש רמות, בחינם וללא הרשמה.","דפי עבודה לחזרה שנתית בכיתה ז׳: חזרה מסכמת על נושאי השנה בשלוש רמות, בחינם וללא הרשמה.",false,title:post-h1|description:post-description,
/post/assessment-1-grade-7,blog-post,משימת הערכה 1 לכיתה ז׳ | דפי עבודה חינם,משימת הערכה 1 לכיתה ז׳ — דפי עבודה | נועם דורון,"משימת הערכה 1 במתמטיקה לכיתה ז׳ בשלוש רמות, לתרגול ולבדיקת שליטה בנושאי תחילת השנה, בחינם וללא הרשמה.","משימת הערכה 1 במתמטיקה לכיתה ז׳ בשלוש רמות, לתרגול ולבדיקת שליטה בנושאי תחילת השנה, בחינם וללא הרשמה.",false,title:post-h1|description:post-description,
/post/box-and-cube-grade-7,blog-post,תיבה וקובייה לכיתה ז׳ | דפי עבודה חינם,תיבה וקובייה לכיתה ז׳ — דפי עבודה | נועם דורון,"דפי עבודה בתיבה וקובייה לכיתה ז׳: מבנה התיבה והקובייה, פריסה, שטח פנים, נפח ויחידות מידה. תרגול בשלוש רמות, בחינם וללא הרשמה.","דפי עבודה בתיבה וקובייה לכיתה ז׳: מבנה התיבה והקובייה, פריסה, שטח פנים, נפח ויחידות מידה. תרגול בשלוש רמות, בחינם וללא הרשמה.",false,title:post-h1|description:post-description,
/post/%D7%AA%D7%A8%D7%92%D7%99%D7%9C%D7%99-%D7%90%D7%AA%D7%92%D7%A8-%D7%91%D7%9E%D7%AA%D7%9E%D7%98%D7%99%D7%A7%D7%94-%D7%9C%D7%9B%D7%99%D7%AA%D7%94-%D7%93-%D7%A9%D7%9E%D7%A7%D7%93%D7%9E%D7%99%D7%9D-%D7%97%D7%A9%D7%99%D7%91%D7%94,blog-post,תרגילי אתגר במתמטיקה לכיתה ד׳ שמקדמים חשיבה,תרגילי אתגר במתמטיקה לכיתה ד׳ שמקדמים חשיבה | נועם דורון,"תרגילי אתגר במתמטיקה לכיתה ד׳ שמקדמים חשיבה: חידות, סדרות, בעיות לא שגרתיות וחשיבה יצירתית. דפי עבודה בחינם ללא הרשמה למצטיינים וסקרנים.","תרגילי אתגר במתמטיקה לכיתה ד׳ שמקדמים חשיבה: חידות, סדרות, בעיות לא שגרתיות וחשיבה יצירתית. דפי עבודה בחינם ללא הרשמה למצטיינים וסקרנים.",false,title:post-h1|description:post-description,
/post/common-factor-and-minus-parentheses-grade-7,blog-post,גורם משותף ומינוס לפני סוגריים לכיתה ז׳ | דפי עבודה,גורם משותף ומינוס לפני סוגריים לכיתה ז׳ | דפי עבודה,"דפי עבודה בגורם משותף ובמינוס לפני סוגריים לכיתה ז׳: הוצאת גורם, פתיחת סוגריים ופישוט ביטויים. שלוש רמות, חינם וללא הרשמה.","דפי עבודה בגורם משותף ובמינוס לפני סוגריים לכיתה ז׳: הוצאת גורם, פתיחת סוגריים ופישוט ביטויים. שלוש רמות, חינם וללא הרשמה.",false,title:current|description:post-description,
/post/composite-polygons-area-grade-7,blog-post,שטחים ב׳ חלק 2 — מצולעים מורכבים לכיתה ז׳ | דפי עבודה חינם,שטח מצולעים מורכבים לכיתה ז׳ — דפי עבודה | נועם דורון,"דפי עבודה בשטחים ב׳ חלק 2 — מצולעים מורכבים לכיתה ז׳: פירוק לצורות מוכרות, חיסור שטחים ושאלות משולבות. תרגול בשלוש רמות, בחינם וללא הרשמה.","דפי עבודה בשטח מצולעים מורכבים לכיתה ז׳: פירוק לצורות מוכרות, חיסור שטחים ושאלות משולבות. תרגול בשלוש רמות, בחינם וללא הרשמה.",false,title:review-fix|description:review-fix,
/post/congruent-polygons-transformations-grade-7,blog-post,מצולעים חופפים וטרנספורמציות לכיתה ז׳ | דפי עבודה חינם,מצולעים חופפים וטרנספורמציות לכיתה ז׳ — דפי עבודה,"דפי עבודה במצולעים חופפים וטרנספורמציות לכיתה ז׳: הזזה, שיקוף וסיבוב, זיהוי מצולעים חופפים והתאמת קודקודים. תרגול בשלוש רמות, בחינם וללא הרשמה.","דפי עבודה במצולעים חופפים וטרנספורמציות לכיתה ז׳: הזזה, שיקוף וסיבוב, זיהוי מצולעים חופפים והתאמת קודקודים. תרגול בשלוש רמות, בחינם וללא הרשמה.",false,title:post-h1|description:post-description,
/post/%D7%9E%D7%93%D7%A8%D7%99%D7%9A-%D7%9C%D7%AA%D7%A8%D7%92%D7%95%D7%9C-%D7%A6%D7%99%D7%A8%D7%99%D7%9D-%D7%A7%D7%95%D7%90%D7%95%D7%A8%D7%93%D7%99%D7%A0%D7%98%D7%95%D7%AA-%D7%A9%D7%9E%D7%AA%D7%97%D7%99%D7%9C-%D7%A0%D7%9B%D7%95%D7%9F,blog-post,מדריך לתרגול צירים קואורדינטות שמתחיל נכון,מדריך לתרגול צירים וקואורדינטות שמתחיל נכון | נועם דורון,"מדריך לתרגול צירים קואורדינטות לתלמידים ולהורים: כך מזהים צירים, קוראים נקודות, נמנעים מטעויות ומתקדמים מתרגול בסיסי לאתגר לקראת מבחן ובקצב נוח לכל ילד.","מדריך לתרגול צירים וקואורדינטות לתלמידים ולהורים: כך מזהים צירים, קוראים נקודות, נמנעים מטעויות ומתקדמים מתרגול בסיסי לאתגר לקראת מבחן ובקצב נוח לכל ילד.",false,title:review-fix|description:review-fix,
/post/data-collection-reading-grade-7,blog-post,איסוף וקריאת מידע לכיתה ז׳ | דפי עבודה חינם,איסוף וקריאת מידע לכיתה ז׳ — דפי עבודה | נועם דורון,"דפי עבודה באיסוף וקריאת מידע לכיתה ז׳: איסוף נתונים, ארגון בטבלה, קריאת דיאגרמות והסקת מסקנות. תרגול בשלוש רמות, בחינם וללא הרשמה.","דפי עבודה באיסוף וקריאת מידע לכיתה ז׳: איסוף נתונים, ארגון בטבלה, קריאת דיאגרמות והסקת מסקנות. תרגול בשלוש רמות, בחינם וללא הרשמה.",false,title:post-h1|description:post-description,
/post/%D7%AA%D7%A8%D7%92%D7%95%D7%9C-%D7%9E%D7%A1%D7%A4%D7%A8%D7%99%D7%9D-%D7%A2%D7%A9%D7%A8%D7%95%D7%A0%D7%99%D7%99%D7%9D-%D7%9C%D7%9B%D7%99%D7%AA%D7%94-%D7%95-%D7%91%D7%91%D7%99%D7%AA-%D7%95%D7%91%D7%9B%D7%99%D7%AA%D7%94,blog-post,תרגול מספרים עשרוניים לכיתה ו׳ בבית ובכיתה,תרגול מספרים עשרוניים לכיתה ו׳ בבית ובכיתה | נועם דורון,"תרגול מספרים עשרוניים לכיתה ו׳ בבית ובכיתה: חיבור, חיסור, כפל, חילוק והשוואה בהבנה מלאה. דפי עבודה בחינם ללא הרשמה עם הסברים ופתרונות.","תרגול מספרים עשרוניים לכיתה ו׳ בבית ובכיתה: חיבור, חיסור, כפל, חילוק והשוואה בהבנה מלאה. דפי עבודה בחינם ללא הרשמה עם הסברים ופתרונות.",false,title:post-h1|description:post-description,
/post/distributive-property-parentheses-grade-7,blog-post,סוגריים וחוק הפילוג לכיתה ז׳ | דפי עבודה חינם,סוגריים וחוק הפילוג לכיתה ז׳ — דפי עבודה | נועם דורון,"דפי עבודה בסוגריים וחוק הפילוג לכיתה ז׳: פתיחת סוגריים בחוק הפילוג, מינוס לפני סוגריים ופתרון משוואות מלאות. תרגול בשלוש רמות, בחינם וללא הרשמה.","דפי עבודה בסוגריים וחוק הפילוג לכיתה ז׳: פתיחת סוגריים בחוק הפילוג, מינוס לפני סוגריים ופתרון משוואות מלאות. תרגול בשלוש רמות, בחינם וללא הרשמה.",false,title:post-h1|description:post-description,
/post/%D7%91%D7%99%D7%A0%D7%94-%D7%97%D7%99%D7%A0%D7%95%D7%9B%D7%99%D7%AA-%D7%A9%D7%9E%D7%A7%D7%93%D7%9E%D7%AA-%D7%9B%D7%9C-%D7%AA%D7%9C%D7%9E%D7%99%D7%93-%D7%91%D7%9E%D7%AA%D7%9E%D7%98%D7%99%D7%A7%D7%94,blog-post,בינה חינוכית שמקדמת כל תלמיד במתמטיקה,בינה חינוכית שמקדמת כל תלמיד במתמטיקה | נועם דורון,"בינה חינוכית במתמטיקה מתחילה בבחירת תרגול מדויק: מזהים קושי, מתאימים רמה, מקבלים הכוונה ובודקים התקדמות בלי להעמיס על התלמיד ועל ההורה, ומחזקים ביטחון לאורך הדרך.","בינה חינוכית במתמטיקה מתחילה בבחירת תרגול מדויק: מזהים קושי, מתאימים רמה, מקבלים הכוונה ובודקים התקדמות בלי להעמיס על התלמיד ועל ההורה.",false,title:post-h1|description:review-fix,
/post/%D7%9E%D7%A9%D7%95%D7%95%D7%90%D7%95%D7%AA-%D7%9C%D7%9B%D7%99%D7%AA%D7%94-%D7%97-%D7%AA%D7%A8%D7%92%D7%95%D7%9C-%D7%A9%D7%9E%D7%A1%D7%93%D7%A8-%D7%90%D7%AA-%D7%94%D7%93%D7%A8%D7%9A,blog-post,משוואות לכיתה ח׳: תרגול שמסדר את הדרך,משוואות לכיתה ח׳: תרגול שמסדר את הדרך | נועם דורון,"משוואות לכיתה ח׳ מתרגלים נכון: מזהים סוג משוואה, עובדים בשלבים, בודקים תשובה ובוחרים רמת קושי מתאימה לחיזוק לפני מבחן. בבית ובכיתה, בלי לחץ מיותר ובקצב אישי.","משוואות לכיתה ח׳: מזהים סוג משוואה, עובדים בשלבים, בודקים תשובה ובוחרים רמת קושי מתאימה לחיזוק לפני מבחן, בבית ובכיתה ובקצב אישי.",false,title:post-h1|description:review-fix,
/post/equations-parentheses-equivalence-grade-7,blog-post,משוואות עם סוגריים ושקילות לכיתה ז׳ | דפי עבודה,משוואות עם סוגריים ושקילות לכיתה ז׳ | דפי עבודה,"דפי עבודה במשוואות עם סוגריים לכיתה ז׳: נעלם בשני האגפים, אין פתרון ואינסוף פתרונות. שלוש רמות, חינם וללא הרשמה.","דפי עבודה במשוואות עם סוגריים לכיתה ז׳: נעלם בשני האגפים, אין פתרון ואינסוף פתרונות. שלוש רמות, חינם וללא הרשמה.",false,title:review-fix|description:post-description,
/post/equilateral-triangle-advanced-grade-7,blog-post,משולש שווה־צלעות — העמקה ורשות לכיתה ז׳ | דפי עבודה חינם,משולש שווה־צלעות — העמקה ורשות לכיתה ז׳ — דפי עבודה,"דפי עבודה במשולש שווה־צלעות — העמקה ורשות לכיתה ז׳: תכונות וסימטריה, גובה ותיכון ושאלות אתגר ורשות. דף העמקה ורשות, בחינם וללא הרשמה.","דפי עבודה במשולש שווה־צלעות — העמקה ורשות לכיתה ז׳: תכונות וסימטריה, גובה ותיכון ושאלות אתגר ורשות. דף העמקה ורשות, בחינם וללא הרשמה.",false,title:post-h1|description:post-description,
/post/%D7%94%D7%9B%D7%A0%D7%94-%D7%9C%D7%9E%D7%91%D7%97%D7%9F-%D7%91%D7%9E%D7%AA%D7%9E%D7%98%D7%99%D7%A7%D7%94-%D7%9C%D7%9B%D7%99%D7%AA%D7%94-%D7%94-%D7%91-7-%D7%99%D7%9E%D7%99%D7%9D,blog-post,הכנה למבחן במתמטיקה לכיתה ה׳ ב-7 ימים,הכנה למבחן במתמטיקה לכיתה ה׳ ב־7 ימים | נועם דורון,"הכנה למבחן במתמטיקה לכיתה ה׳ ב-7 ימים: תוכנית יומית מסודרת, תרגול מדורג, חזרה על טעויות וטיפים לבדיקה עצמית. דפי עבודה בחינם ללא הרשמה.","הכנה למבחן במתמטיקה לכיתה ה׳ ב־7 ימים: תוכנית יומית מסודרת, תרגול מדורג, חזרה על טעויות וטיפים לבדיקה עצמית. דפי עבודה בחינם ללא הרשמה.",false,title:post-h1|description:post-description,
/post/first-quadrant-graph-points-grade-7,blog-post,נקודות על גרף ברביע הראשון לכיתה ז׳ | דפי עבודה חינם,נקודות על גרף ברביע הראשון לכיתה ז׳ — דפי עבודה | נועם דורון,"דפי עבודה בנקודות על גרף ברביע הראשון לכיתה ז׳: סימון נקודות, מעבר בין טבלה לגרף, קריאת גרף ותיאור תהליכים. תרגול בשלוש רמות, בחינם וללא הרשמה.","דפי עבודה בנקודות על גרף ברביע הראשון לכיתה ז׳: סימון נקודות, מעבר בין טבלה לגרף, קריאת גרף ותיאור תהליכים. תרגול בשלוש רמות, בחינם וללא הרשמה.",false,title:post-h1|description:post-description,
/post/%D7%97%D7%96%D7%A8%D7%94-%D7%9E%D7%9E%D7%95%D7%A7%D7%93%D7%AA-%D7%91%D7%9E%D7%AA%D7%9E%D7%98%D7%99%D7%A7%D7%94-%D7%90%D7%95%D7%A0%D7%9C%D7%99%D7%99%D7%9F-%D7%A9%D7%9E%D7%A7%D7%93%D7%9E%D7%AA-%D7%91%D7%90%D7%9E%D7%AA,blog-post,חזרה ממוקדת במתמטיקה אונליין שמקדמת באמת,חזרה ממוקדת במתמטיקה אונליין שמקדמת באמת | נועם דורון,"חזרה ממוקדת במתמטיקה אונליין: איך בוחרים נושא, רמה וקצב נכון, מתרגלים בדפי עבודה בחינם ללא הרשמה ומתקדמים בביטחון למבחן. מדריך מעשי עם טיפים להורים.","חזרה ממוקדת במתמטיקה אונליין: איך בוחרים נושא, רמה וקצב נכון, מתרגלים בדפי עבודה בחינם ללא הרשמה ומתקדמים בביטחון למבחן. מדריך מעשי עם טיפים להורים.",false,title:post-h1|description:post-description,
/post/%D7%AA%D7%A8%D7%92%D7%95%D7%9C-%D7%A9%D7%91%D7%A8%D7%99%D7%9D-%D7%9C%D7%9B%D7%99%D7%AA%D7%94-%D7%93-%D7%A9%D7%9E%D7%97%D7%96%D7%A7-%D7%94%D7%91%D7%A0%D7%94-%D7%95%D7%91%D7%99%D7%98%D7%97%D7%95%D7%9F,blog-post,תרגול שברים לכיתה ד׳ שמחזק הבנה וביטחון,תרגול שברים לכיתה ד׳ שמחזק הבנה וביטחון | נועם דורון,"תרגול שברים לכיתה ד׳ שמחזק הבנה וביטחון: ציורים, ישר מספרים, השוואה וצמצום והרחבה. דפי עבודה בחינם ללא הרשמה לתרגול נעים ומדורג בבית.","תרגול שברים לכיתה ד׳ שמחזק הבנה וביטחון: ציורים, ישר מספרים, השוואה וצמצום והרחבה. דפי עבודה בחינם ללא הרשמה לתרגול נעים ומדורג בבית.",false,title:post-h1|description:post-description,
/post/%D7%93%D7%A4%D7%99-%D7%A2%D7%91%D7%95%D7%93%D7%94-%D7%91%D7%9E%D7%AA%D7%9E%D7%98%D7%99%D7%A7%D7%94-%D7%91%D7%97%D7%99%D7%A0%D7%9D-%D7%9C%D7%9B%D7%99%D7%AA%D7%95%D7%AA-%D7%90-%D7%98-%D7%9C%D7%91%D7%99%D7%AA-%D7%95%D7%91%D7%A7%D7%A8%D7%95%D7%91-%D7%92%D7%9D-%D7%A1%D7%95%D7%9B%D7%9F-ai-%D7%AA%D7%95%D7%9E%D7%9A,blog-post,"דפי עבודה במתמטיקה בחינם לכיתות א׳–ט׳, עם נועם AI בחטיבה","דפי עבודה במתמטיקה בחינם לכיתות א׳–ט׳, עם נועם AI בחטיבה","דפי עבודה במתמטיקה בחינם לכיתות א׳–ט׳: כל הנושאים לפי כיתה, נושא ורמה, ללא הרשמה ומוכנים להדפסה. ובחטיבת הביניים גם נועם AI להסברים אישיים.","דפי עבודה במתמטיקה בחינם לכיתות א׳–ט׳: כל הנושאים לפי כיתה, נושא ורמה, ללא הרשמה ומוכנים להדפסה. ובחטיבת הביניים גם נועם AI להסברים אישיים.",false,title:post-h1|description:post-description,
/post/frequency-tables-grade-7,blog-post,שכיחות לכיתה ז׳ | דפי עבודה חינם,שכיחות לכיתה ז׳ — דפי עבודה | נועם דורון,"דפי עבודה בשכיחות לכיתה ז׳: טבלת שכיחות, השכיח, קריאת נתונים והצגתם בדיאגרמה. תרגול בשלוש רמות, בחינם וללא הרשמה.","דפי עבודה בשכיחות לכיתה ז׳: טבלת שכיחות, השכיח, קריאת נתונים והצגתם בדיאגרמה. תרגול בשלוש רמות, בחינם וללא הרשמה.",false,title:post-h1|description:post-description,
/post/%D7%A4%D7%95%D7%A0%D7%A7%D7%A6%D7%99%D7%95%D7%AA-%D7%9C%D7%9B%D7%99%D7%AA%D7%94-%D7%98-%D7%9C%D7%94%D7%91%D7%99%D7%9F-%D7%92%D7%A8%D7%A4%D7%99%D7%9D-%D7%95%D7%9C%D7%A4%D7%AA%D7%95%D7%A8-%D7%A0%D7%9B%D7%95%D7%9F,blog-post,פונקציות לכיתה ט׳ - להבין גרפים ולפתור נכון,פונקציות לכיתה ט׳ – להבין גרפים ולפתור נכון | נועם דורון,"פונקציות לכיתה ט׳: מבינים גרפים, טבלאות, שיפוע ונקודות חיתוך ופותרים נכון ובביטחון. דפי עבודה בחינם ללא הרשמה עם תרגול מדורג והסברים ברורים.","פונקציות לכיתה ט׳: מבינים גרפים, טבלאות, שיפוע ונקודות חיתוך ופותרים נכון ובביטחון. דפי עבודה בחינם ללא הרשמה עם תרגול מדורג והסברים ברורים.",false,title:post-h1|description:post-description,
/post/%D7%90%D7%99%D7%9A-%D7%9C%D7%AA%D7%A8%D7%92%D7%9C-%D7%92%D7%90%D7%95%D7%9E%D7%98%D7%A8%D7%99%D7%94-%D7%9C%D7%9B%D7%99%D7%AA%D7%94-%D7%95-%D7%95%D7%9C%D7%94%D7%A6%D7%9C%D7%99%D7%97-%D7%91%D7%9E%D7%91%D7%97%D7%A0%D7%99%D7%9D,blog-post,איך לתרגל גאומטריה לכיתה ו׳ ולהצליח במבחנים,איך לתרגל גאומטריה לכיתה ו׳ ולהצליח במבחנים | נועם דורון,"איך לתרגל גאומטריה לכיתה ו׳ ולהצליח במבחנים: זוויות, משולשים, שטחים והיקפים בתרגול מסודר וברור. דפי עבודה בחינם ללא הרשמה, עם שרטוטים ופתרונות.","איך לתרגל גאומטריה לכיתה ו׳ ולהצליח במבחנים: זוויות, משולשים, שטחים והיקפים בתרגול מסודר וברור. דפי עבודה בחינם ללא הרשמה, עם שרטוטים ופתרונות.",false,title:post-h1|description:post-description,
/post/%D7%93%D7%A4%D7%99-%D7%A2%D7%91%D7%95%D7%93%D7%94-%D7%9C%D7%9B%D7%99%D7%AA%D7%94-%D7%90-%D7%A9%D7%9E%D7%97%D7%96%D7%A7%D7%99%D7%9D-%D7%91%D7%99%D7%98%D7%97%D7%95%D7%9F-%D7%91%D7%9E%D7%AA%D7%9E%D7%98%D7%99%D7%A7%D7%94,blog-post,דפי עבודה לכיתה א׳ שמחזקים ביטחון במתמטיקה,דפי עבודה לכיתה א׳ שמחזקים ביטחון במתמטיקה | נועם דורון,"דפי עבודה לכיתה א׳ מאפשרים לתרגל מספרים, חיבור וחיסור בקצב שמתאים לילד. כך בוחרים רמה, בונים שגרה קצרה ומחזקים ביטחון במתמטיקה בבית ובכיתה בנחת ובשמחה.","דפי עבודה לכיתה א׳ מאפשרים לתרגל מספרים, חיבור וחיסור בקצב שמתאים לילד. כך בוחרים רמה, בונים שגרה קצרה ומחזקים ביטחון במתמטיקה בבית ובכיתה בנחת ובשמחה.",false,title:post-h1|description:post-description,
/post/%D7%93%D7%A4%D7%99-%D7%A2%D7%91%D7%95%D7%93%D7%94-%D7%9C%D7%A9%D7%99%D7%A2%D7%95%D7%A8%D7%99-%D7%91%D7%99%D7%AA-%D7%91%D7%9E%D7%AA%D7%9E%D7%98%D7%99%D7%A7%D7%94-%D7%A9%D7%9E%D7%A7%D7%93%D7%9E%D7%99%D7%9D-%D7%91%D7%99%D7%98%D7%97%D7%95%D7%9F,blog-post,דפי עבודה לשיעורי בית במתמטיקה שמקדמים ביטחון,דפי עבודה לשיעורי בית במתמטיקה שמקדמים ביטחון | נועם דורון,"דפי עבודה לשיעורי בית במתמטיקה שמקדמים ביטחון: תרגול קצר וממוקד לפי כיתה ונושא, בחינם וללא הרשמה. מתאים להורים, מורים ותלמידים לעבודה יומית.","דפי עבודה לשיעורי בית במתמטיקה שמקדמים ביטחון: תרגול קצר וממוקד לפי כיתה ונושא, בחינם וללא הרשמה. מתאים להורים, מורים ותלמידים לעבודה יומית.",false,title:post-h1|description:post-description,
/post/%D7%A4%D7%A2%D7%A8%D7%99%D7%9D-%D7%9C%D7%99%D7%9E%D7%95%D7%93%D7%99%D7%99%D7%9D-%D7%91%D7%9E%D7%AA%D7%9E%D7%98%D7%99%D7%A7%D7%94-%D7%9B%D7%9A-%D7%A1%D7%95%D7%92%D7%A8%D7%99%D7%9D-%D7%90%D7%95%D7%AA%D7%9D-%D7%A0%D7%9B%D7%95%D7%9F,blog-post,פערים לימודיים במתמטיקה: כך סוגרים אותם נכון,פערים לימודיים במתמטיקה: כך סוגרים אותם נכון | נועם דורון,"פערים לימודיים במתמטיקה אינם גזירת גורל: כך מזהים את נקודת הקושי, בונים תרגול מדורג ומחזירים לתלמידים ביטחון, ידע והרגלי למידה יציבים בבית ובכיתה בכל יום.","פערים לימודיים במתמטיקה אינם גזירת גורל: כך מזהים את נקודת הקושי, בונים תרגול מדורג ומחזירים לתלמידים ביטחון, ידע והרגלי למידה יציבים בבית ובכיתה בכל יום.",false,title:post-h1|description:post-description,
/post/%D7%9E%D7%AA%D7%9E%D7%98%D7%99%D7%A7%D7%94-%D7%9C%D7%99%D7%9C%D7%93%D7%99%D7%9D-%D7%A9%D7%91%D7%95%D7%A0%D7%94-%D7%91%D7%99%D7%98%D7%97%D7%95%D7%9F-%D7%95%D7%AA%D7%A8%D7%92%D7%95%D7%9C-%D7%A0%D7%9B%D7%95%D7%9F,blog-post,מתמטיקה לילדים שבונה ביטחון ותרגול נכון,מתמטיקה לילדים שבונה ביטחון ותרגול נכון | נועם דורון,"מתמטיקה לילדים שבונה ביטחון: תרגול קצר ומדויק לפי כיתה ונושא, דפי עבודה בחינם ללא הרשמה, זיהוי פערים, עידוד עצמאות והתקדמות רגועה ונעימה בבית.","מתמטיקה לילדים שבונה ביטחון: תרגול קצר ומדויק לפי כיתה ונושא, דפי עבודה בחינם ללא הרשמה, זיהוי פערים, עידוד עצמאות והתקדמות רגועה ונעימה בבית.",false,title:post-h1|description:post-description,
/post/%D7%AA%D7%A8%D7%92%D7%95%D7%9C-%D7%97%D7%A9%D7%99%D7%91%D7%94-%D7%9E%D7%AA%D7%9E%D7%98%D7%99%D7%AA-%D7%9C%D7%99%D7%9C%D7%93%D7%99%D7%9D-%D7%A9%D7%91%D7%95%D7%A0%D7%94-%D7%91%D7%99%D7%98%D7%97%D7%95%D7%9F,blog-post,תרגול חשיבה מתמטית לילדים שבונה ביטחון,תרגול חשיבה מתמטית לילדים שבונה ביטחון | נועם דורון,"תרגול חשיבה מתמטית לילדים שבונה ביטחון: חידות, סדרות, היגיון ואתגרי חשיבה לפי גיל ורמה. דפי עבודה בחינם ללא הרשמה ללמידה מהנה וחוויית הצלחה.","תרגול חשיבה מתמטית לילדים שבונה ביטחון: חידות, סדרות, היגיון ואתגרי חשיבה לפי גיל ורמה. דפי עבודה בחינם ללא הרשמה ללמידה מהנה וחוויית הצלחה.",false,title:post-h1|description:post-description,
/post/%D7%93%D7%A4%D7%99-%D7%A2%D7%91%D7%95%D7%93%D7%94-%D7%9C%D7%9C%D7%95%D7%97-%D7%94%D7%9B%D7%A4%D7%9C-%D7%9C%D7%AA%D7%A8%D7%92%D7%95%D7%9C-%D7%A0%D7%9B%D7%95%D7%9F-%D7%91%D7%91%D7%99%D7%AA,blog-post,דפי עבודה ללוח הכפל לתרגול נכון בבית,דפי עבודה ללוח הכפל לתרגול נכון בבית | נועם דורון,"דפי עבודה ללוח הכפל לתרגול נכון בבית: משחקים, טבלאות, שליפה מהירה עד 10 וביסוס זיכרון לטווח ארוך. בחינם ללא הרשמה, לבניית בסיס חזק וביטחון.","דפי עבודה ללוח הכפל לתרגול נכון בבית: משחקים, טבלאות, שליפה מהירה עד 10 וביסוס זיכרון לטווח ארוך. בחינם ללא הרשמה, לבניית בסיס חזק וביטחון.",false,title:post-h1|description:post-description,
/post/%D7%91%D7%A7%D7%A8%D7%95%D7%91-%D7%A1%D7%95%D7%9B%D7%9F-%D7%91%D7%99%D7%A0%D7%94-%D7%9E%D7%9C%D7%90%D7%9B%D7%95%D7%AA%D7%99%D7%AA-%D7%9C%D7%AA%D7%A8%D7%92%D7%95%D7%9C-%D7%93%D7%A4%D7%99-%D7%A2%D7%91%D7%95%D7%93%D7%94,blog-post,נועם AI בדפי העבודה לכיתות ז׳–ט׳: איך מתחילים,נועם AI בדפי העבודה לכיתות ז׳–ט׳: איך מתחילים | נועם דורון,"נועם AI בדפי העבודה לכיתות ז׳–ט׳: איך מתחילים? פותחים דף עבודה, שואלים שאלה ומקבלים הסבר סבלני שלב אחר שלב. בחינם, ללא הרשמה, עם דוגמאות.","נועם AI בדפי העבודה לכיתות ז׳–ט׳: איך מתחילים? פותחים דף עבודה, שואלים שאלה ומקבלים הסבר סבלני שלב אחר שלב. בחינם, ללא הרשמה, עם דוגמאות.",false,title:post-h1|description:post-description,
/post/one-step-equations-grade-7,blog-post,משוואות חד־שלביות לכיתה ז׳ | דפי עבודה חינם,משוואות חד־שלביות לכיתה ז׳ — דפי עבודה | נועם דורון,"דפי עבודה במשוואות חד־שלביות לכיתה ז׳: פתרון משוואות בפעולה אחת — חיבור, חיסור, כפל וחילוק — ובדיקת הפתרון. תרגול בשלוש רמות, בחינם וללא הרשמה.","דפי עבודה במשוואות חד־שלביות לכיתה ז׳: פתרון משוואות בפעולה אחת — חיבור, חיסור, כפל וחילוק — ובדיקת הפתרון. תרגול בשלוש רמות, בחינם וללא הרשמה.",false,title:post-h1|description:post-description,
/post/%D7%90%D7%99%D7%9A-%D7%A4%D7%95%D7%AA%D7%A8%D7%99%D7%9D-%D7%A1%D7%93%D7%A8-%D7%A4%D7%A2%D7%95%D7%9C%D7%95%D7%AA-%D7%97%D7%A9%D7%91%D7%95%D7%9F-%D7%91%D7%9C%D7%99-%D7%9C%D7%94%D7%AA%D7%91%D7%9C%D7%91%D7%9C,blog-post,איך פותרים סדר פעולות חשבון בלי להתבלבל?,איך פותרים סדר פעולות חשבון בלי להתבלבל? | נועם דורון,"איך פותרים סדר פעולות חשבון בביטחון? מדריך פשוט לתלמידים ולהורים: מזהים סוגריים, עובדים לפי הסדר הנכון, בודקים טעויות ומתרגלים צעד אחר צעד בכל תרגיל.","איך פותרים סדר פעולות חשבון בביטחון? מדריך פשוט לתלמידים ולהורים: מזהים סוגריים, עובדים לפי הסדר הנכון, בודקים טעויות ומתרגלים צעד אחר צעד בכל תרגיל.",false,title:post-h1|description:post-description,
/post/parallelogram-trapezoid-area-grade-7,blog-post,שטחים ב׳ חלק 1 — מקבילית וטרפז לכיתה ז׳ | דפי עבודה חינם,שטח מקבילית וטרפז לכיתה ז׳ — דפי עבודה | נועם דורון,"דפי עבודה בשטחים ב׳ חלק 1 — מקבילית וטרפז לכיתה ז׳: נוסחאות שטח מקבילית וטרפז, זיהוי הגובה ומציאת נתון חסר. תרגול בשלוש רמות, בחינם וללא הרשמה.","דפי עבודה בשטח מקבילית וטרפז לכיתה ז׳: נוסחאות שטח, זיהוי הגובה ומציאת נתון חסר. תרגול בשלוש רמות, בחינם וללא הרשמה.",false,title:review-fix|description:review-fix,
/post/patterns-grade-7,blog-post,חוקיות לכיתה ז׳ | דפי עבודה חינם,חוקיות לכיתה ז׳ — דפי עבודה | נועם דורון,"דפי עבודה בחוקיות לכיתה ז׳: זיהוי חוקיות בסדרות ובתבניות, ניסוח הכלל במילים ובביטוי אלגברי, מציאת איבר כללי והמשך הסדרה. תרגול בשלוש רמות, בחינם וללא הרשמה.","דפי עבודה בחוקיות לכיתה ז׳: זיהוי חוקיות בסדרות ובתבניות, ניסוח הכלל במילים ובביטוי אלגברי, מציאת איבר כללי והמשך הסדרה. תרגול בשלוש רמות, בחינם וללא הרשמה",false,title:post-h1|description:review-fix,
/post/%D7%AA%D7%A8%D7%92%D7%99%D7%9C%D7%99-%D7%90%D7%97%D7%95%D7%96%D7%99%D7%9D-%D7%9C%D7%9B%D7%99%D7%AA%D7%94-%D7%96-%D7%9C%D7%AA%D7%A8%D7%92%D7%95%D7%9C-%D7%91%D7%98%D7%95%D7%97-%D7%95%D7%9E%D7%93%D7%95%D7%99%D7%A7,blog-post,תרגילי אחוזים לכיתה ז׳ לתרגול בטוח ומדויק,תרגילי אחוזים לכיתה ז׳ לתרגול בטוח ומדויק | נועם דורון,"תרגילי אחוזים לכיתה ז׳: הנחות, מע״מ, ריבית ובעיות מילוליות בתרגול בטוח ומדויק. דפי עבודה בחינם ללא הרשמה ברמות א׳, ב׳ ואתגר, עם פתרונות מלאים.","תרגילי אחוזים לכיתה ז׳: הנחות, מע״מ, ריבית ובעיות מילוליות בתרגול בטוח ומדויק. דפי עבודה בחינם ללא הרשמה ברמות א׳, ב׳ ואתגר, עם פתרונות מלאים.",false,title:post-h1|description:post-description,
/post/perimeter-complex-shapes-algebra-grade-7,blog-post,היקף צורות מורכבות ואלגברה לכיתה ז׳ | דפי עבודה,חישובי היקף — צורות מורכבות ואלגברה לכיתה ז׳ — דפי עבודה,"דפי עבודה בחישובי היקף — צורות מורכבות ואלגברה לכיתה ז׳: היקף מצולעים מורכבים, ביטוי היקף באמצעות משתנה והשוואת היקפים. תרגול בשלוש רמות, בחינם וללא הרשמה.","דפי עבודה בחישובי היקף — צורות מורכבות ואלגברה לכיתה ז׳: היקף מצולעים מורכבים, ביטוי היקף באמצעות משתנה והשוואת היקפים. תרגול בשלוש רמות, בחינם וללא הרשמה.",false,title:post-h1|description:post-description,
/post/%D7%9E%D7%93%D7%A8%D7%99%D7%9A-%D7%9C%D7%97%D7%96%D7%A7%D7%95%D7%AA-%D7%95%D7%A9%D7%95%D7%A8%D7%A9%D7%99%D7%9D-%D7%91%D7%97%D7%98%D7%99%D7%91%D7%94-%D7%9C%D7%AA%D7%A8%D7%92%D7%95%D7%9C-%D7%91%D7%98%D7%95%D7%97,blog-post,מדריך לחזקות ושורשים בחטיבה לתרגול בטוח.,מדריך לחזקות ושורשים בחטיבה לתרגול בטוח | נועם דורון,"מדריך לחזקות ושורשים בחטיבה: הסבר פשוט על חוקי חזקות, שורשים, סדר פעולות וטעויות נפוצות, עם דרך מסודרת לתרגול בבית ולהכנה למבחן בכיתה ובחזרה עצמאית.","מדריך לחזקות ושורשים בחטיבה: הסבר פשוט על חוקי חזקות, שורשים, סדר פעולות וטעויות נפוצות, עם דרך מסודרת לתרגול בבית ולהכנה למבחן בכיתה ובחזרה עצמאית.",false,title:post-h1|description:post-description,
/post/probability-introduction-grade-7,blog-post,הסתברות — היכרות לכיתה ז׳ | דפי עבודה חינם,הסתברות — היכרות לכיתה ז׳ — דפי עבודה | נועם דורון,"דפי עבודה בהסתברות — היכרות לכיתה ז׳: מרחב התוצאות, מאורע ודאי ובלתי אפשרי, חישוב הסתברות בסיסית והוגנות. תרגול בשלוש רמות, בחינם וללא הרשמה.","דפי עבודה בהסתברות — היכרות לכיתה ז׳: מרחב התוצאות, מאורע ודאי ובלתי אפשרי, חישוב הסתברות בסיסית והוגנות. תרגול בשלוש רמות, בחינם וללא הרשמה.",false,title:post-h1|description:post-description,
/post/%D7%9E%D7%93%D7%A8%D7%99%D7%9A-%D7%9C%D7%A7%D7%A8%D7%99%D7%90%D7%AA-%D7%92%D7%A8%D7%A4%D7%99%D7%9D-%D7%9C%D7%99%D7%9C%D7%93%D7%99%D7%9D-%D7%91%D7%A6%D7%95%D7%A8%D7%94-%D7%A4%D7%A9%D7%95%D7%98%D7%94,blog-post,מדריך לקריאת גרפים לילדים בצורה פשוטה,מדריך לקריאת גרפים לילדים בצורה פשוטה | נועם דורון,"מדריך לקריאת גרפים לילדים עם הסברים פשוטים, שאלות לתרגול ורעיונות לבית ולכיתה. כך מזהים כותרת, צירים, מקרא ונתונים ובונים ביטחון צעד אחר צעד בקלות ובדיוק.","מדריך לקריאת גרפים לילדים עם הסברים פשוטים, שאלות לתרגול ורעיונות לבית ולכיתה. כך מזהים כותרת, צירים, מקרא ונתונים ובונים ביטחון צעד אחר צעד בקלות ובדיוק.",false,title:post-h1|description:post-description,
/post/rectangle-square-area-advanced-grade-7,blog-post,שטח מלבן וריבוע — העמקה לכיתה ז׳ | דפי עבודה חינם,שטח מלבן וריבוע — העמקה לכיתה ז׳ — דפי עבודה | נועם דורון,"דפי עבודה בשטח מלבן וריבוע — העמקה לכיתה ז׳: חישובי שטח, מציאת צלע חסרה, יחידות שטח ובעיות מורכבות. תרגול בשלוש רמות, בחינם וללא הרשמה.","דפי עבודה בשטח מלבן וריבוע — העמקה לכיתה ז׳: חישובי שטח, מציאת צלע חסרה, יחידות שטח ובעיות מורכבות. תרגול בשלוש רמות, בחינם וללא הרשמה.",false,title:post-h1|description:post-description,
/post/relative-frequency-experiments-grade-7,blog-post,שכיחות יחסית בניסויים לכיתה ז׳ | דפי עבודה חינם,שכיחות יחסית חלק 2 — ניסויים ויציבות לכיתה ז׳ — דפי עבודה,"דפי עבודה בשכיחות יחסית חלק 2 — ניסויים ויציבות לכיתה ז׳: ניסויים חוזרים, התייצבות השכיחות היחסית והקשר להסתברות. תרגול בשלוש רמות, בחינם וללא הרשמה.","דפי עבודה בשכיחות יחסית חלק 2 — ניסויים ויציבות לכיתה ז׳: ניסויים חוזרים, התייצבות השכיחות היחסית והקשר להסתברות. תרגול בשלוש רמות, בחינם וללא הרשמה.",false,title:post-h1|description:post-description,
/post/relative-frequency-introduction-grade-7,blog-post,שכיחות יחסית חלק 1 — היכרות לכיתה ז׳ | דפי עבודה חינם,שכיחות יחסית חלק 1 — היכרות לכיתה ז׳ — דפי עבודה,"דפי עבודה בשכיחות יחסית חלק 1 — היכרות לכיתה ז׳: חישוב שכיחות יחסית בשבר, בעשרוני ובאחוזים והשוואה בין קבוצות. תרגול בשלוש רמות, בחינם וללא הרשמה.","דפי עבודה בשכיחות יחסית חלק 1 — היכרות לכיתה ז׳: חישוב שכיחות יחסית בשבר, בעשרוני ובאחוזים והשוואה בין קבוצות. תרגול בשלוש רמות, בחינם וללא הרשמה.",false,title:post-h1|description:post-description,
/post/simplify-then-solve-equations-grade-7,blog-post,מפשטים ואז פותרים לכיתה ז׳ | דפי עבודה חינם,מפשטים ואז פותרים לכיתה ז׳ — דפי עבודה | נועם דורון,"דפי עבודה בפישוט ובפתרון משוואות לכיתה ז׳: כינוס איברים דומים בכל אגף ומעבר מסודר לפתרון. שלוש רמות, חינם וללא הרשמה.","דפי עבודה בפישוט ובפתרון משוואות לכיתה ז׳: כינוס איברים דומים בכל אגף ומעבר מסודר לפתרון. שלוש רמות, חינם וללא הרשמה.",false,title:post-h1|description:post-description,
/post/%D7%AA%D7%A8%D7%92%D7%95%D7%9C-%D7%9E%D7%AA%D7%9E%D7%98%D7%99%D7%A7%D7%94-%D7%9C%D7%AA%D7%9C%D7%9E%D7%99%D7%93%D7%99%D7%9D-%D7%9E%D7%AA%D7%A7%D7%A9%D7%99%D7%9D-%D7%A9%D7%9E%D7%A7%D7%93%D7%9D-%D7%91%D7%99%D7%98%D7%97%D7%95%D7%9F,blog-post,תרגול מתמטיקה לתלמידים מתקשים שמקדם ביטחון,תרגול מתמטיקה לתלמידים מתקשים שמקדם ביטחון | נועם דורון,"תרגול מתמטיקה לתלמידים מתקשים שמקדם ביטחון: מתחילים מהבסיס, מתרגלים לאט, מחזקים הצלחות ומתקדמים בביטחון. דפי עבודה בחינם ללא הרשמה.","תרגול מתמטיקה לתלמידים מתקשים שמקדם ביטחון: מתחילים מהבסיס, מתרגלים לאט, מחזקים הצלחות ומתקדמים בביטחון. דפי עבודה בחינם ללא הרשמה.",false,title:post-h1|description:post-description,
/post/substitution-in-algebraic-expressions-grade-7,blog-post,הצבה בביטויים אלגבריים לכיתה ז׳ | דפי עבודה חינם,הצבה בביטויים אלגבריים לכיתה ז׳ — דפי עבודה | נועם דורון,"דפי עבודה בהצבה בביטויים אלגבריים לכיתה ז׳: הצבת ערכים חיוביים ושליליים, חישוב ערך הביטוי והשוואה בין ביטויים. תרגול בשלוש רמות, בחינם וללא הרשמה.","דפי עבודה בהצבה בביטויים אלגבריים לכיתה ז׳: הצבת ערכים חיוביים ושליליים, חישוב ערך הביטוי והשוואה בין ביטויים. תרגול בשלוש רמות, בחינם וללא הרשמה.",false,title:post-h1|description:post-description,
/post/three-representations-equation-solution-grade-7,blog-post,שלושה ייצוגים לפתרון משוואה לכיתה ז׳ | דפי עבודה חינם,שלושה ייצוגים לפתרון משוואה לכיתה ז׳ — דפי עבודה,"דפי עבודה בשלושה ייצוגים לפתרון משוואה לכיתה ז׳: פתרון משוואה בשלושה ייצוגים — מודל, טבלה ופעולות אלגבריות — והמעבר ביניהם. תרגול בשלוש רמות, בחינם וללא הרשמה.","דפי עבודה בשלושה ייצוגים לפתרון משוואה לכיתה ז׳: מודל, טבלה ופעולות אלגבריות והמעבר ביניהם. תרגול בשלוש רמות, בחינם וללא הרשמה.",false,title:post-h1|description:review-fix,
/post/triangular-prism-surface-area-grade-7,blog-post,מנסרה משולשת חלק 2 — שטח פנים לכיתה ז׳ | דפי עבודה חינם,מנסרה משולשת חלק 2 — שטח פנים לכיתה ז׳ — דפי עבודה,"דפי עבודה במנסרה משולשת חלק 2 — שטח פנים לכיתה ז׳: פריסת המנסרה, שטח המעטפת, שטח הבסיסים ושטח הפנים הכולל. תרגול בשלוש רמות, בחינם וללא הרשמה.","דפי עבודה במנסרה משולשת חלק 2 — שטח פנים לכיתה ז׳: פריסת המנסרה, שטח המעטפת, שטח הבסיסים ושטח הפנים הכולל. תרגול בשלוש רמות, בחינם וללא הרשמה.",false,title:post-h1|description:post-description,
/post/triangular-prism-volume-grade-7,blog-post,מנסרה משולשת חלק 1 — מבנה ונפח לכיתה ז׳ | דפי עבודה חינם,מנסרה משולשת חלק 1 — מבנה ונפח לכיתה ז׳ — דפי עבודה,"דפי עבודה במנסרה משולשת חלק 1 — מבנה ונפח לכיתה ז׳: זיהוי המנסרה, בסיסים, מקצועות וגובה, חישוב נפח ומציאת נתון חסר. תרגול בשלוש רמות, בחינם וללא הרשמה.","דפי עבודה במנסרה משולשת חלק 1 — מבנה ונפח לכיתה ז׳: זיהוי המנסרה, בסיסים, מקצועות וגובה, חישוב נפח ומציאת נתון חסר. תרגול בשלוש רמות, בחינם וללא הרשמה.",false,title:post-h1|description:post-description,
/post/two-step-equations-grade-7,blog-post,משוואות דו־שלביות לכיתה ז׳ | דפי עבודה חינם,משוואות דו־שלביות לכיתה ז׳ — דפי עבודה | נועם דורון,"דפי עבודה במשוואות דו־שלביות לכיתה ז׳: פתרון בשני שלבים, סדר פעולות הפוך, בידוד הנעלם ובדיקת הפתרון. תרגול בשלוש רמות, בחינם וללא הרשמה.","דפי עבודה במשוואות דו־שלביות לכיתה ז׳: פתרון בשני שלבים, סדר פעולות הפוך, בידוד הנעלם ובדיקת הפתרון. תרגול בשלוש רמות, בחינם וללא הרשמה.",false,title:post-h1|description:post-description,
/post/unknown-on-both-sides-grade-7,blog-post,הנעלם בשני האגפים לכיתה ז׳ | דפי עבודה חינם,הנעלם בשני האגפים לכיתה ז׳ — דפי עבודה | נועם דורון,"דפי עבודה במשוואות עם נעלם בשני האגפים לכיתה ז׳: העברת נעלמים ומספרים, כינוס ומקרים מיוחדים. שלוש רמות, חינם וללא הרשמה.","דפי עבודה במשוואות עם נעלם בשני האגפים לכיתה ז׳: העברת נעלמים ומספרים, כינוס ומקרים מיוחדים. שלוש רמות, חינם וללא הרשמה.",false,title:post-h1|description:post-description,
/post/variables-and-algebraic-modeling-grade-7,blog-post,משתנים וביטויים אלגבריים לכיתה ז׳ | דפי עבודה,משתנים וביטויים אלגבריים — שפה ומידול לכיתה ז׳ — דפי עבודה,"דפי עבודה במשתנים ובביטויים אלגבריים לכיתה ז׳: מעבר מתיאור מילולי לביטוי, משמעות המשתנה ומידול. שלוש רמות, חינם וללא הרשמה.","דפי עבודה במשתנים ובביטויים אלגבריים לכיתה ז׳: מעבר מתיאור מילולי לביטוי, משמעות המשתנה ומידול. שלוש רמות, חינם וללא הרשמה.",false,title:post-h1|description:post-description,
/post/what-is-an-equation-solution-grade-7,blog-post,מהו פתרון של משוואה לכיתה ז׳ | דפי עבודה חינם,מהו פתרון של משוואה לכיתה ז׳ — דפי עבודה | נועם דורון,"דפי עבודה בנושא פתרון משוואה לכיתה ז׳: משמעות הפתרון, בדיקה בהצבה וזיהוי פתרון נכון. שלוש רמות, חינם וללא הרשמה.","דפי עבודה בנושא פתרון משוואה לכיתה ז׳: משמעות הפתרון, בדיקה בהצבה וזיהוי פתרון נכון. שלוש רמות, חינם וללא הרשמה.",false,title:post-h1|description:post-description,
/post/%D7%9E%D7%AA%D7%99-%D7%9C%D7%95%D7%9E%D7%93%D7%99%D7%9D-%D7%90%D7%97%D7%95%D7%96%D7%99%D7%9D-%D7%95%D7%90%D7%99%D7%9A-%D7%91%D7%95%D7%A0%D7%99%D7%9D-%D7%94%D7%91%D7%A0%D7%94-%D7%A0%D7%9B%D7%95%D7%A0%D7%94-%D7%91%D7%9B%D7%99%D7%AA%D7%94-%D7%95,blog-post,מתי לומדים אחוזים ואיך בונים הבנה נכונה בכיתה ו׳,מתי לומדים אחוזים ואיך בונים הבנה נכונה בכיתה ו׳,"מתי לומדים אחוזים בבית הספר, מה מצופה בכל שלב ואיך אפשר לתרגל בבית בלי לשנן נוסחאות. מדריך ברור להורים, לתלמידים ולמורים, עם טעויות נפוצות ודרכי חיזוק טובות","מתי לומדים אחוזים בבית הספר, מה מצופה בכל שלב ואיך מתרגלים בבית בלי לשנן נוסחאות. מדריך ברור להורים, לתלמידים ולמורים, עם טעויות נפוצות.",false,title:post-h1|description:review-fix,
/post/%D7%91%D7%A2%D7%99%D7%95%D7%AA-%D7%9E%D7%99%D7%9C%D7%95%D7%9C%D7%99%D7%95%D7%AA-%D7%91%D7%9E%D7%AA%D7%9E%D7%98%D7%99%D7%A7%D7%94-%D7%A4%D7%95%D7%AA%D7%A8%D7%99%D7%9D-%D7%A9%D7%9C%D7%91-%D7%90%D7%97%D7%A8-%D7%A9%D7%9C%D7%91,blog-post,בעיות מילוליות במתמטיקה פותרים שלב אחר שלב,בעיות מילוליות במתמטיקה: פותרים שלב אחר שלב | נועם דורון,"בעיות מילוליות במתמטיקה פותרים שלב אחר שלב: מסמנים נתונים, בוחרים פעולה, כותבים תרגיל ובודקים תשובה. דפי עבודה בחינם ללא הרשמה לכל כיתה.","בעיות מילוליות במתמטיקה – פותרים שלב אחר שלב: מסמנים נתונים, בוחרים פעולה, כותבים תרגיל ובודקים תשובה. דפי עבודה בחינם ללא הרשמה לכל כיתה.",false,title:review-fix|description:review-fix,
/post/word-problems-with-equations-grade-7,blog-post,שאלות מילוליות באמצעות משוואות לכיתה ז׳ | דפי עבודה חינם,שאלות מילוליות באמצעות משוואות לכיתה ז׳ — דפי עבודה,"דפי עבודה בשאלות מילוליות באמצעות משוואות לכיתה ז׳: בחירת נעלם, בניית משוואה מתוך סיפור, פתרון ובדיקת סבירות התשובה. תרגול בשלוש רמות, בחינם וללא הרשמה.","דפי עבודה בשאלות מילוליות באמצעות משוואות לכיתה ז׳: בחירת נעלם, בניית משוואה מתוך סיפור, פתרון ובדיקת סבירות התשובה. תרגול בשלוש רמות, בחינם וללא הרשמה.",false,title:post-h1|description:post-description,
/post/%D7%97%D7%95%D7%91%D7%A8%D7%95%D7%AA-%D7%97%D7%A9%D7%91%D7%95%D7%9F-%D7%9E%D7%95%D7%9C-%D7%93%D7%A4%D7%99-%D7%AA%D7%A8%D7%92%D7%95%D7%9C-%D7%9E%D7%94-%D7%9E%D7%AA%D7%90%D7%99%D7%9D-%D7%9C%D7%99%D7%9C%D7%93,blog-post,חוברות חשבון מול דפי תרגול - מה מתאים לילד?,חוברות חשבון מול דפי תרגול – מה מתאים לילד? | נועם דורון,"חוברות חשבון מול דפי תרגול: כך בוחרים תרגול מתמטי מדויק לפי כיתה, נושא ורמת קושי, כדי לחזק הבנה, ביטחון והתקדמות בבית ובכיתה. בחינם וללא הרשמה כבר היום.","חוברות חשבון מול דפי תרגול: כך בוחרים תרגול מתמטי מדויק לפי כיתה, נושא ורמת קושי, כדי לחזק הבנה, ביטחון והתקדמות בבית ובכיתה. בחינם וללא הרשמה כבר היום.",false,title:post-h1|description:post-description,
/post/%D7%93%D7%A4%D7%99-%D7%A2%D7%91%D7%95%D7%93%D7%94-%D7%9C%D7%9E%D7%95%D7%A8%D7%99%D7%9D-%D7%91%D7%9E%D7%AA%D7%9E%D7%98%D7%99%D7%A7%D7%94-%D7%A9%D7%9E%D7%A7%D7%A6%D7%A8%D7%99%D7%9D-%D7%94%D7%9B%D7%A0%D7%94-%D7%9C%D7%A9%D7%99%D7%A2%D7%95%D7%A8,blog-post,דפי עבודה למורים במתמטיקה שמקצרים הכנה לשיעור,דפי עבודה למורים במתמטיקה שמקצרים הכנה לשיעור | נועם דורון,"דפי עבודה למורים במתמטיקה שמקצרים הכנה לשיעור: חימום, תרגול בקבוצות, שיעורי בית ומבדקים לפי כיתה ונושא, בחינם וללא הרשמה, מוכן להדפסה.","דפי עבודה למורים במתמטיקה שמקצרים הכנה לשיעור: חימום, תרגול בקבוצות, שיעורי בית ומבדקים לפי כיתה ונושא, בחינם וללא הרשמה, מוכן להדפסה.",false,title:post-h1|description:post-description,
/post/%D7%93%D7%A4%D7%99-%D7%A2%D7%91%D7%95%D7%93%D7%94-%D7%91%D7%9E%D7%AA%D7%9E%D7%98%D7%99%D7%A7%D7%94-%D7%9C%D7%9C%D7%90-%D7%94%D7%A8%D7%A9%D7%9E%D7%94-%D7%9C%D7%9B%D7%9C-%D7%9B%D7%99%D7%AA%D7%94-%D7%95%D7%A0%D7%95%D7%A9%D7%90,blog-post,דפי עבודה במתמטיקה ללא הרשמה לכל כיתה ונושא,דפי עבודה במתמטיקה ללא הרשמה לכל כיתה ונושא | נועם דורון,"דפי עבודה במתמטיקה ללא הרשמה לכל כיתה ונושא: בוחרים כיתה ונושא, מורידים בחינם ומתרגלים מיד בבית או בכיתה. רמות א׳, ב׳ ואתגר לכל תלמיד.","דפי עבודה במתמטיקה ללא הרשמה לכל כיתה ונושא: בוחרים כיתה ונושא, מורידים בחינם ומתרגלים מיד בבית או בכיתה. רמות א׳, ב׳ ואתגר לכל תלמיד.",false,title:post-h1|description:post-description,
